account_id,name,legal_name,domain,country,industry,employee_count,employee_band,revenue_band,international_signal,source,list_id,crm_status,crm_owner_ae_id,enrichment_status,enriched_at,enrichment_attempts,customer_since,churned_at,created_at,updated_at
acc_000001,Tovi,Tovi S.A.,tovi.br.example,BR,Technology & Software,926,501-1000,20-100M,False,target_list,tl_2026_10_w3,customer,,complete,2026-09-14T16:00:00Z,0,2026-05-27,,2023-04-18T16:00:00Z,2026-09-06T16:00:00Z
acc_000002,Group Mamar,Group Mamar S.A.,mamar.cl.example,CL,Manufacturing,546,501-1000,20-100M,False,inbound_form,tl_2026_10_w1,prospect,,complete,2026-08-24T16:00:00Z,0,,,2026-02-17T16:00:00Z,2026-09-22T16:00:00Z
acc_000003,Group Sacen,Group Sacen S. de R.L. de C.V.,sacen.mx.example,MX,Retail & Commerce,25,11-50,,False,inbound_form,tl_2026_10_w3,prospect,,stale,2025-10-23T16:00:00Z,0,,,2025-02-02T16:00:00Z,2026-09-16T16:00:00Z
acc_000004,Builders Niix,Builders Niix S. de R.L. de C.V.,niixbuilders.mx.example,MX,Construction & Real Estate,320,201-500,20-100M,False,inbound_form,tl_2026_10_w3,prospect,,complete,2026-08-13T16:00:00Z,0,,,2026-08-22T16:00:00Z,2026-09-19T16:00:00Z
acc_000005,Medical Baci,Medical Baci S.A.,bacimedical.cl.example,CL,Healthcare,109,51-200,5-20M,False,partner_referral,tl_2026_10_w4,prospect,,complete,2026-08-22T16:00:00Z,0,,,2024-06-19T16:00:00Z,2026-09-18T16:00:00Z
acc_000006,Cumin,Cumin EIRELI,cumin.br.example,BR,Energy & Mining,606,501-1000,20-100M,False,target_list,tl_2026_10_w2,prospect,,complete,2026-08-14T16:00:00Z,0,,,2025-03-01T16:00:00Z,2026-09-27T16:00:00Z
acc_000007,Culo Farms,Culo Farms S.A.P.I. de C.V.,culofarms.mx.example,MX,Agribusiness,97,51-200,5-20M,False,target_list,tl_2026_10_w1,prospect,,complete,2026-07-26T16:00:00Z,0,,,2025-03-14T16:00:00Z,2026-09-04T16:00:00Z
acc_000008,Group Bavi,Group Bavi S. de R.L. de C.V.,bavi.mx.example,MX,Retail & Commerce,59,51-200,5-20M,False,target_list,tl_2026_10_w2,prospect,,complete,2026-08-16T16:00:00Z,0,,,2024-07-20T16:00:00Z,2026-09-24T16:00:00Z
acc_000009,Association of Orul,Association of Orul SpA,orulassociation.cl.example,CL,Nonprofit,310,201-500,20-100M,True,target_list,tl_2026_10_w1,prospect,,complete,2026-08-07T16:00:00Z,0,,,2025-03-03T16:00:00Z,2026-09-10T16:00:00Z
acc_000010,Group Cavi,Group Cavi S.R.L.,cavi.ar.example,AR,Retail & Commerce,113,51-200,5-20M,False,target_list,tl_2026_10_w5,prospect,,complete,2026-09-14T16:00:00Z,0,,,2023-08-27T16:00:00Z,2026-09-03T16:00:00Z
acc_000011,Tourism Arta,Tourism Arta S. de R.L. de C.V.,artatourism.mx.example,MX,Tourism & Hospitality,156,51-200,5-20M,False,inbound_form,tl_2026_10_w2,prospect,,complete,2026-09-17T16:00:00Z,0,,,2025-10-19T16:00:00Z,2026-09-10T16:00:00Z
acc_000012,Group Gipi,Group Gipi Ltda.,gipi.co.example,CO,Agribusiness,184,51-200,20-100M,False,target_list,tl_2026_10_w3,prospect,,complete,2026-09-02T16:00:00Z,0,,,2023-12-20T16:00:00Z,2026-09-30T16:00:00Z
acc_000013,Yralo Health,Yralo Health S.A.,yralohealth.ar.example,AR,Healthcare,219,201-500,20-100M,True,target_list,tl_2026_10_w4,prospect,,complete,2026-08-05T16:00:00Z,0,,,2025-09-03T16:00:00Z,2026-09-06T16:00:00Z
acc_000014,Group Nimo,Group Nimo S.A.C.,nimo.pe.example,PE,Construction & Real Estate,24,11-50,1-5M,False,target_list,tl_2026_10_w4,prospect,,complete,2026-08-14T16:00:00Z,0,,,2024-09-21T16:00:00Z,2026-09-09T16:00:00Z
acc_000015,Farms Nextor,Farms Nextor S.A.,nextorfarms.ar.example,AR,Agribusiness,14,11-50,1-5M,False,target_list,tl_2026_10_w3,prospect,ae_035,complete,2026-08-16T16:00:00Z,0,,,2022-09-28T16:00:00Z,2026-09-28T16:00:00Z
acc_000016,Alvi,Alvi S.A.,alvi.pe.example,PE,Food & Beverage,114,51-200,,False,target_list,tl_2026_10_w1,prospect,ae_006,partial,2026-08-06T16:00:00Z,0,,,2024-09-28T16:00:00Z,2026-09-04T16:00:00Z
acc_000017,Group Trayra,Group Trayra S.A.C.,trayra.pe.example,PE,Technology & Software,115,51-200,5-20M,False,target_list,tl_2026_10_w5,prospect,ae_024,complete,2026-08-20T16:00:00Z,0,,,2026-04-30T16:00:00Z,2026-09-29T16:00:00Z
acc_000018,Group Kaba SAPI de CV,Group Kaba SAPI de CV,kaba.mx.example,MX,Agribusiness,7631,1000+,100M+,False,target_list,tl_2026_10_w2,prospect,,complete,2026-09-12T16:00:00Z,0,,,2026-09-27T16:00:00Z,2026-09-11T16:00:00Z
acc_000019,Group Foren,Group Foren S.A.P.I. de C.V.,foren.mx.example,MX,Food & Beverage,551,501-1000,20-100M,False,target_list,tl_2026_10_w3,prospect,,complete,2026-08-29T16:00:00Z,0,,,2024-09-28T16:00:00Z,2026-09-25T16:00:00Z
acc_000020,Group Panem,Group Panem Ltda.,panem.co.example,CO,Retail & Commerce,565,501-1000,20-100M,False,event_scan,tl_2026_10_w4,prospect,,complete,2026-09-20T16:00:00Z,0,,,2026-02-09T16:00:00Z,2026-09-30T16:00:00Z
acc_000021,Armar,Armar S.A.,armar.ar.example,AR,Manufacturing,220,201-500,20-100M,False,target_list,tl_2026_10_w2,customer,,complete,2026-08-04T16:00:00Z,0,2026-05-31,,2024-01-22T16:00:00Z,2026-09-26T16:00:00Z
acc_000022,Harvest Ribel,Harvest Ribel S.A.S.,ribelharvest.co.example,CO,Agribusiness,26,11-50,1-5M,False,target_list,tl_2026_10_w4,prospect,,complete,2026-08-21T16:00:00Z,0,,,2023-04-29T16:00:00Z,2026-09-02T16:00:00Z
acc_000023,Group Galdor,Group Galdor S.A.,galdor.co.example,CO,Professional Services,522,501-1000,20-100M,True,target_list,tl_2026_10_w5,prospect,,complete,2026-08-28T16:00:00Z,0,,,2023-04-09T16:00:00Z,2026-10-01T16:00:00Z
acc_000024,Torlis Education,Torlis Education S.A.,torliseducation.cl.example,CL,Education,92,51-200,5-20M,False,target_list,tl_2026_10_w1,customer,,complete,2026-09-02T16:00:00Z,0,2025-05-23,,2025-07-21T16:00:00Z,2026-09-16T16:00:00Z
acc_000025,Group Jota,Group Jota S.A.,jota.co.example,CO,Technology & Software,12,11-50,1-5M,False,target_list,tl_2026_10_w3,prospect,,complete,2026-09-28T16:00:00Z,0,,,2022-10-05T16:00:00Z,2026-10-01T16:00:00Z
acc_000026,Minne Clinic,Minne Clinic S.A.,minneclinic.br.example,BR,Healthcare,151,51-200,5-20M,False,target_list,tl_2026_10_w4,prospect,,complete,2026-09-28T16:00:00Z,0,,,2023-12-05T16:00:00Z,2026-09-27T16:00:00Z
acc_000027,Group Riren,Group Riren S.A.S.,riren.co.example,CO,Food & Beverage,52,51-200,1-5M,True,target_list,tl_2026_10_w1,prospect,,complete,2026-09-14T16:00:00Z,0,,,2025-11-02T16:00:00Z,2026-09-22T16:00:00Z
acc_000028,Group Emmar,Group Emmar S.A.S.,emmar.co.example,CO,Construction & Real Estate,1,1-10,<1M,False,event_scan,tl_2026_10_w1,prospect,,complete,2026-07-28T16:00:00Z,0,,,2023-02-07T16:00:00Z,2026-09-29T16:00:00Z
acc_000029,Agro Lunex,Agro Lunex S. de R.L. de C.V.,lunexagro.mx.example,MX,Agribusiness,11,11-50,,False,target_list,tl_2026_10_w3,prospect,,partial,2026-09-24T16:00:00Z,0,,,2024-07-16T16:00:00Z,2026-09-23T16:00:00Z
acc_000030,Trading Mogal,Trading Mogal S.A.P.I. de C.V.,mogaltrading.mx.example,MX,Retail & Commerce,944,501-1000,20-100M,False,target_list,tl_2026_10_w2,prospect,,complete,2026-09-27T16:00:00Z,0,,,2023-09-06T16:00:00Z,2026-09-15T16:00:00Z
acc_000031,Group Solmin,Group Solmin S.A.P.I. de C.V.,solmin.mx.example,MX,Technology & Software,103,51-200,,False,target_list,tl_2026_10_w5,prospect,,partial,2026-08-06T16:00:00Z,0,,,2025-04-07T16:00:00Z,2026-09-19T16:00:00Z
acc_000032,Academy Rentor,Academy Rentor S.A.,rentoracademy.pe.example,PE,Education,28,11-50,1-5M,True,target_list,tl_2026_10_w3,prospect,,complete,2026-08-01T16:00:00Z,0,,,2025-10-09T16:00:00Z,2026-09-27T16:00:00Z
acc_000033,Marcen Services,Marcen Services Ltda.,marcenservices.br.example,BR,Professional Services,60,51-200,,False,target_list,tl_2026_10_w4,prospect,,partial,2026-07-28T16:00:00Z,0,,,2025-10-05T16:00:00Z,2026-09-15T16:00:00Z
acc_000034,Group Macen,Group Macen EIRELI,macen.br.example,BR,Technology & Software,166,51-200,,False,target_list,tl_2026_10_w5,prospect,,stale,2025-10-05T16:00:00Z,0,,,2025-05-20T16:00:00Z,2026-09-24T16:00:00Z
acc_000035,Nexdo Cargo,Nexdo Cargo Ltda.,nexdocargo.br.example,BR,Logistics & Transportation,176,51-200,5-20M,True,target_list,tl_2026_10_w5,customer,,complete,2026-09-08T16:00:00Z,0,2024-09-20,,2026-08-25T16:00:00Z,2026-09-04T16:00:00Z
acc_000036,Group Mersa,Group Mersa S.A. de C.V.,mersa.mx.example,MX,Technology & Software,380,201-500,20-100M,False,target_list,tl_2026_10_w2,prospect,,complete,2026-09-04T16:00:00Z,0,,,2022-08-31T16:00:00Z,2026-09-03T16:00:00Z
acc_000037,Group Galba,Group Galba S.A.,galba.br.example,BR,Marketing & Media,177,51-200,20-100M,False,target_list,tl_2026_10_w3,prospect,,partial,2026-08-22T16:00:00Z,0,,,2025-03-30T16:00:00Z,2026-09-13T16:00:00Z
acc_000038,Lomin Mercantile,Lomin Mercantile S.A.,lominmercantile.br.example,BR,Retail & Commerce,11,11-50,,False,target_list,tl_2026_10_w2,churned_customer,,partial,2026-09-24T16:00:00Z,0,2024-03-30,2026-04-02,2026-05-13T16:00:00Z,2026-09-28T16:00:00Z
acc_000039,Zuix Mining,Zuix Mining S.A.,zuixmining.co.example,CO,Energy & Mining,54,51-200,5-20M,False,target_list,tl_2026_10_w3,prospect,,complete,2026-09-19T16:00:00Z,0,,,2026-02-22T16:00:00Z,2026-09-27T16:00:00Z
acc_000040,Plastics Yraren,Plastics Yraren Ltda.,yrarenplastics.co.example,CO,Manufacturing,73,51-200,1-5M,True,partner_referral,tl_2026_10_w1,prospect,,complete,2026-08-27T16:00:00Z,0,,,2024-08-18T16:00:00Z,2026-09-23T16:00:00Z
acc_000041,Roro,Roro S.A.S.,roro.co.example,CO,Construction & Real Estate,498,201-500,20-100M,False,target_list,tl_2026_10_w1,prospect,,complete,2026-07-27T16:00:00Z,0,,,2025-08-08T16:00:00Z,2026-09-04T16:00:00Z
acc_000042,Doni,Doni Ltda.,doni.co.example,CO,Agribusiness,51,51-200,5-20M,False,target_list,tl_2026_10_w2,prospect,,complete,2026-08-27T16:00:00Z,0,,,2024-03-25T16:00:00Z,2026-09-18T16:00:00Z
acc_000043,Group Merix,Group Merix S. de R.L. de C.V.,merix.mx.example,MX,Retail & Commerce,51,51-200,1-5M,False,partner_referral,tl_2026_10_w2,prospect,,complete,2026-08-06T16:00:00Z,0,,,2025-10-05T16:00:00Z,2026-09-08T16:00:00Z
acc_000044,Group Orcen,Group Orcen S.A.,orcen.co.example,CO,Manufacturing,62,51-200,5-20M,True,target_list,tl_2026_10_w3,customer,,complete,2026-07-31T16:00:00Z,0,2025-12-24,,2025-06-16T16:00:00Z,2026-09-14T16:00:00Z
acc_000045,Group Traten,Group Traten EIRELI,traten.br.example,BR,Agribusiness,268,201-500,5-20M,True,target_list,tl_2026_10_w5,prospect,,complete,2026-09-13T16:00:00Z,0,,,2022-12-15T16:00:00Z,2026-09-21T16:00:00Z
acc_000046,Neper,Neper S.A.,neper.br.example,BR,Manufacturing,94,51-200,1-5M,False,target_list,tl_2026_10_w2,prospect,,complete,2026-07-27T16:00:00Z,0,,,2025-06-17T16:00:00Z,2026-09-18T16:00:00Z
acc_000047,Plastics Tramar,Plastics Tramar S.A. de C.V.,tramarplastics.mx.example,MX,Manufacturing,95,51-200,,False,target_list,tl_2026_10_w3,prospect,,partial,2026-08-13T16:00:00Z,0,,,2023-01-04T16:00:00Z,2026-09-29T16:00:00Z
acc_000048,Luper,Luper S.A.,luper.cl.example,CL,Marketing & Media,43,11-50,5-20M,False,partner_referral,tl_2026_10_w2,prospect,,complete,2026-09-03T16:00:00Z,0,,,2026-05-11T16:00:00Z,2026-09-10T16:00:00Z
acc_000049,Services Lisyra,Services Lisyra S.A.,lisyraservices.ar.example,AR,Professional Services,29,11-50,,False,inbound_form,tl_2026_10_w2,prospect,,partial,2026-08-27T16:00:00Z,0,,,2024-07-02T16:00:00Z,2026-09-10T16:00:00Z
acc_000050,Group Bazu,Group Bazu EIRELI,bazu.br.example,BR,Technology & Software,108,51-200,5-20M,False,target_list,tl_2026_10_w2,prospect,,complete,2026-08-25T16:00:00Z,0,,,2023-03-28T16:00:00Z,2026-09-30T16:00:00Z
acc_000051,Belpi Systems,Belpi Systems Ltda.,belpisystems.br.example,BR,Technology & Software,18,11-50,1-5M,False,target_list,tl_2026_10_w5,prospect,ae_009,complete,2026-08-19T16:00:00Z,0,,,2025-07-26T16:00:00Z,2026-09-14T16:00:00Z
acc_000052,Clinic Roix,Clinic Roix S.A. de C.V.,roixclinic.mx.example,MX,Healthcare,11,11-50,<1M,False,target_list,tl_2026_10_w1,customer,,complete,2026-08-15T16:00:00Z,0,2025-03-22,,2022-12-18T16:00:00Z,2026-09-04T16:00:00Z
acc_000053,Ixar,Ixar S.A.P.I. de C.V.,ixar.mx.example,MX,Healthcare,232,201-500,20-100M,False,inbound_form,tl_2026_10_w4,prospect,,complete,2026-09-27T16:00:00Z,0,,,2024-12-27T16:00:00Z,2026-09-12T16:00:00Z
acc_000054,Manufacturing Nifo,Manufacturing Nifo Ltda.,nifomanufacturing.co.example,CO,Manufacturing,24,11-50,1-5M,False,target_list,tl_2026_10_w2,prospect,ae_014,complete,2026-07-24T16:00:00Z,0,,,2024-10-31T16:00:00Z,2026-09-15T16:00:00Z
acc_000055,Belmar Builders,Belmar Builders SpA,belmarbuilders.cl.example,CL,Construction & Real Estate,51,51-200,1-5M,False,target_list,tl_2026_10_w3,prospect,ae_016,complete,2026-08-03T16:00:00Z,0,,,2023-11-07T16:00:00Z,2026-09-18T16:00:00Z
acc_000056,Group Cenmin,Group Cenmin S.A.S.,cenmin.co.example,CO,Retail & Commerce,28,11-50,1-5M,False,target_list,tl_2026_10_w1,prospect,,complete,2026-08-25T16:00:00Z,0,,,2024-03-14T16:00:00Z,2026-09-26T16:00:00Z
acc_000057,Manufacturing Ciper,Manufacturing Ciper S. de R.L. de C.V.,cipermanufacturing.mx.example,MX,Manufacturing,559,501-1000,,False,target_list,tl_2026_10_w1,prospect,,partial,2026-08-31T16:00:00Z,0,,,2025-07-18T16:00:00Z,2026-09-10T16:00:00Z
acc_000058,Marva Industries,Marva Industries S.A.,marvaindustries.br.example,BR,Manufacturing,323,201-500,20-100M,False,target_list,tl_2026_10_w1,prospect,ae_015,complete,2026-09-20T16:00:00Z,0,,,2022-11-21T16:00:00Z,2026-09-24T16:00:00Z
acc_000059,Group Orgal,Group Orgal S.R.L.,orgal.ar.example,AR,Healthcare,520,501-1000,20-100M,False,target_list,tl_2026_10_w2,prospect,,complete,2026-09-18T16:00:00Z,0,,,2025-09-19T16:00:00Z,2026-09-11T16:00:00Z
acc_000060,Arar Digital,Arar Digital S.A.,arardigital.pe.example,PE,Technology & Software,635,501-1000,20-100M,False,inbound_form,tl_2026_10_w3,prospect,,complete,2026-09-12T16:00:00Z,0,,,2024-07-17T16:00:00Z,2026-09-11T16:00:00Z
acc_000061,GALIX,GALIX,galix.mx.example,MX,Logistics & Transportation,79,51-200,5-20M,False,target_list,tl_2026_10_w2,prospect,,partial,2026-08-16T16:00:00Z,0,,,2026-09-14T16:00:00Z,2026-09-14T16:00:00Z
acc_000062,Foqui,Foqui S.A.P.I. de C.V.,foqui.mx.example,MX,Healthcare,47,11-50,5-20M,True,event_scan,tl_2026_10_w1,prospect,,complete,2026-09-09T16:00:00Z,0,,,2023-03-30T16:00:00Z,2026-09-12T16:00:00Z
acc_000063,Gourmet Cenka,Gourmet Cenka S.A.,cenkagourmet.co.example,CO,Food & Beverage,11,11-50,1-5M,False,partner_referral,tl_2026_10_w3,prospect,,complete,2026-08-26T16:00:00Z,0,,,2025-09-04T16:00:00Z,2026-09-16T16:00:00Z
acc_000064,Pertor,Pertor S.A.,pertor.cl.example,CL,Logistics & Transportation,121,51-200,5-20M,True,event_scan,tl_2026_10_w3,prospect,,complete,2026-07-28T16:00:00Z,0,,,2024-08-16T16:00:00Z,2026-09-04T16:00:00Z
acc_000065,Armo Systems,Armo Systems S.A.,armosystems.pe.example,PE,Technology & Software,114,51-200,20-100M,False,target_list,tl_2026_10_w2,prospect,,complete,2026-08-13T16:00:00Z,0,,,2023-11-05T16:00:00Z,2026-09-09T16:00:00Z
acc_000066,Builders Maem,Builders Maem S. de R.L. de C.V.,maembuilders.mx.example,MX,Construction & Real Estate,546,501-1000,20-100M,False,target_list,tl_2026_10_w5,prospect,,complete,2026-09-08T16:00:00Z,0,,,2025-06-27T16:00:00Z,2026-09-25T16:00:00Z
acc_000067,Travel Soldo,Travel Soldo S.A. de C.V.,soldotravel.mx.example,MX,Tourism & Hospitality,57,51-200,5-20M,False,event_scan,tl_2026_10_w2,prospect,,complete,2026-08-30T16:00:00Z,0,,,2023-01-22T16:00:00Z,2026-09-08T16:00:00Z
acc_000068,Kamo,Kamo S. de R.L. de C.V.,kamo.mx.example,MX,Manufacturing,262,201-500,5-20M,False,target_list,tl_2026_10_w3,prospect,,complete,2026-08-11T16:00:00Z,0,,,2025-12-11T16:00:00Z,2026-09-28T16:00:00Z
acc_000069,Tech Giro,Tech Giro S.A.S.,girotech.co.example,CO,Technology & Software,57,51-200,5-20M,False,target_list,tl_2026_10_w3,prospect,,complete,2026-07-23T16:00:00Z,0,,,2026-07-05T16:00:00Z,2026-09-22T16:00:00Z
acc_000070,Torta,Torta S.A.S.,torta.co.example,CO,Professional Services,12,11-50,1-5M,True,target_list,tl_2026_10_w3,prospect,ae_014,complete,2026-08-19T16:00:00Z,0,,,2026-01-30T16:00:00Z,2026-09-24T16:00:00Z
acc_000071,Pika,Pika Ltda.,pika.co.example,CO,Retail & Commerce,90,51-200,1-5M,False,target_list,tl_2026_10_w3,prospect,,complete,2026-09-20T16:00:00Z,0,,,2026-05-20T16:00:00Z,2026-09-10T16:00:00Z
acc_000072,Galem Education,Galem Education SpA,galemeducation.cl.example,CL,Education,100,51-200,5-20M,True,target_list,tl_2026_10_w5,prospect,,complete,2026-07-24T16:00:00Z,0,,,2022-10-23T16:00:00Z,2026-09-30T16:00:00Z
acc_000073,Logistics Solyra,Logistics Solyra SpA,solyralogistics.cl.example,CL,Logistics & Transportation,16,11-50,1-5M,False,target_list,tl_2026_10_w3,prospect,ae_034,complete,2026-09-07T16:00:00Z,0,,,2026-05-27T16:00:00Z,2026-09-17T16:00:00Z
acc_000074,Farms Cenyra,Farms Cenyra S.A. de C.V.,cenyrafarms.mx.example,MX,Agribusiness,58,51-200,,False,event_scan,tl_2026_10_w4,customer,,partial,2026-08-06T16:00:00Z,0,2025-04-08,,2023-02-09T16:00:00Z,2026-09-06T16:00:00Z
acc_000075,Gourmet Ferver,Gourmet Ferver S.A. de C.V.,fervergourmet.mx.example,MX,Food & Beverage,4,1-10,<1M,False,event_scan,tl_2026_10_w1,prospect,,complete,2026-07-26T16:00:00Z,0,,,2022-11-13T16:00:00Z,2026-09-23T16:00:00Z
acc_000076,Yraqui,Yraqui S.A.P.I. de C.V.,yraqui.mx.example,MX,Logistics & Transportation,11,11-50,1-5M,False,partner_referral,tl_2026_10_w2,prospect,,complete,2026-09-22T16:00:00Z,0,,,2025-11-06T16:00:00Z,2026-09-08T16:00:00Z
acc_000077,Group Belem,Group Belem S.A.S.,belem.co.example,CO,Logistics & Transportation,103,51-200,5-20M,True,target_list,tl_2026_10_w4,prospect,,complete,2026-09-02T16:00:00Z,0,,,2026-05-10T16:00:00Z,2026-09-09T16:00:00Z
acc_000078,Trading Dojo,Trading Dojo S.A.P.I. de C.V.,dojotrading.mx.example,MX,Retail & Commerce,9,1-10,1-5M,False,target_list,tl_2026_10_w1,prospect,,complete,2026-09-27T16:00:00Z,0,,,2023-04-17T16:00:00Z,2026-10-01T16:00:00Z
acc_000079,Arvi,Arvi S.A.C.,arvi.pe.example,PE,Food & Beverage,45,11-50,1-5M,False,event_scan,tl_2026_10_w5,prospect,,complete,2026-08-20T16:00:00Z,0,,,2022-11-07T16:00:00Z,2026-09-05T16:00:00Z
acc_000080,Digital Pansol,Digital Pansol Ltda.,pansoldigital.cl.example,CL,Technology & Software,31,11-50,1-5M,True,target_list,tl_2026_10_w5,prospect,,complete,2026-08-03T16:00:00Z,0,,,2026-05-25T16:00:00Z,2026-09-10T16:00:00Z
acc_000081,Group Momin,Group Momin S.A.,momin.br.example,BR,Technology & Software,12,11-50,,True,target_list,tl_2026_10_w2,customer,,partial,2026-09-20T16:00:00Z,0,2024-11-03,,2025-10-07T16:00:00Z,2026-09-25T16:00:00Z
acc_000082,Nemo,Nemo EIRELI,nemo.br.example,BR,Retail & Commerce,106,51-200,5-20M,False,target_list,tl_2026_10_w3,prospect,,complete,2026-09-04T16:00:00Z,0,,,2023-04-13T16:00:00Z,2026-09-25T16:00:00Z
acc_000083,Martra,Martra Ltda.,martra.br.example,BR,Retail & Commerce,668,501-1000,20-100M,True,target_list,tl_2026_10_w1,prospect,,complete,2026-09-18T16:00:00Z,0,,,2025-08-24T16:00:00Z,2026-09-28T16:00:00Z
acc_000084,Group Merfer,Group Merfer S.A.,merfer.br.example,BR,Construction & Real Estate,23,11-50,1-5M,True,target_list,tl_2026_10_w1,prospect,,complete,2026-07-26T16:00:00Z,0,,,2023-04-14T16:00:00Z,2026-09-06T16:00:00Z
acc_000085,Agro Toren,Agro Toren S.A. de C.V.,torenagro.mx.example,MX,Agribusiness,211,201-500,5-20M,False,target_list,tl_2026_10_w1,customer,,complete,2026-09-24T16:00:00Z,0,2025-07-20,,2023-12-31T16:00:00Z,2026-09-07T16:00:00Z
acc_000086,Cuzu,Cuzu SpA,cuzu.cl.example,CL,Manufacturing,142,51-200,5-20M,False,target_list,tl_2026_10_w2,prospect,,complete,2026-08-03T16:00:00Z,0,,,2024-01-10T16:00:00Z,2026-09-06T16:00:00Z
acc_000087,Retail Ulni,Retail Ulni S.A.P.I. de C.V.,ulniretail.mx.example,MX,Retail & Commerce,89,51-200,5-20M,False,target_list,tl_2026_10_w1,prospect,ae_025,complete,2026-08-19T16:00:00Z,0,,,2024-08-20T16:00:00Z,2026-09-15T16:00:00Z
acc_000088,Group Doka,Group Doka S.R.L.,doka.ar.example,AR,Energy & Mining,30,11-50,5-20M,False,target_list,tl_2026_10_w2,competitor,,complete,2026-08-12T16:00:00Z,0,,,2022-09-26T16:00:00Z,2026-09-21T16:00:00Z
acc_000089,Trafer Builders,Trafer Builders S.R.L.,traferbuilders.ar.example,AR,Construction & Real Estate,476,201-500,20-100M,False,target_list,tl_2026_10_w4,prospect,,complete,2026-09-17T16:00:00Z,0,,,2023-07-20T16:00:00Z,2026-09-04T16:00:00Z
acc_000090,Group Joten,Group Joten Ltda.,joten.br.example,BR,Energy & Mining,47,11-50,1-5M,False,target_list,tl_2026_10_w4,prospect,,complete,2026-09-22T16:00:00Z,0,,,2024-09-17T16:00:00Z,2026-09-18T16:00:00Z
acc_000091,Zutor Digital,Zutor Digital S.A.P.I. de C.V.,zutordigital.mx.example,MX,Technology & Software,137,51-200,5-20M,False,inbound_form,tl_2026_10_w3,prospect,ae_031,complete,2026-08-01T16:00:00Z,0,,,2025-05-11T16:00:00Z,2026-09-04T16:00:00Z
acc_000092,Risa Retail,Risa Retail Ltda.,risaretail.co.example,CO,Retail & Commerce,524,501-1000,20-100M,False,target_list,tl_2026_10_w4,prospect,,complete,2026-08-13T16:00:00Z,0,,,2025-11-05T16:00:00Z,2026-09-06T16:00:00Z
acc_000093,Pangal,Pangal S. de R.L. de C.V.,pangal.mx.example,MX,Construction & Real Estate,36,11-50,,True,target_list,tl_2026_10_w1,prospect,,partial,2026-08-09T16:00:00Z,0,,,2024-02-20T16:00:00Z,2026-09-28T16:00:00Z
acc_000094,Group Arix,Group Arix S.R.L.,arix.ar.example,AR,Marketing & Media,12,11-50,,True,target_list,tl_2026_10_w1,prospect,,partial,2026-07-25T16:00:00Z,0,,,2026-04-15T16:00:00Z,2026-09-03T16:00:00Z
acc_000095,Vilo Digital,Vilo Digital Ltda.,vilodigital.cl.example,CL,Technology & Software,194,51-200,20-100M,False,target_list,tl_2026_10_w4,prospect,,partial,2026-08-07T16:00:00Z,0,,,2026-07-11T16:00:00Z,2026-09-06T16:00:00Z
acc_000096,Vimin Clinic,Vimin Clinic S.A. de C.V.,viminclinic.mx.example,MX,Healthcare,11,11-50,1-5M,True,inbound_form,tl_2026_10_w5,prospect,,complete,2026-09-16T16:00:00Z,0,,,2024-12-24T16:00:00Z,2026-09-22T16:00:00Z
acc_000097,Group Vaar,Group Vaar S.A.,vaar.ar.example,AR,Agribusiness,16,11-50,1-5M,False,target_list,tl_2026_10_w5,prospect,ae_011,complete,2026-08-03T16:00:00Z,0,,,2026-08-22T16:00:00Z,2026-09-02T16:00:00Z
acc_000098,Bacen,Bacen S.A. de C.V.,bacen.mx.example,MX,Manufacturing,14,11-50,1-5M,True,target_list,tl_2026_10_w2,prospect,,complete,2026-09-08T16:00:00Z,0,,,2025-08-13T16:00:00Z,2026-09-16T16:00:00Z
acc_000099,Emfer,Emfer Ltda.,emfer.br.example,BR,Manufacturing,150,51-200,5-20M,False,target_list,tl_2026_10_w3,prospect,,complete,2026-09-21T16:00:00Z,0,,,2026-06-07T16:00:00Z,2026-09-28T16:00:00Z
acc_000100,Merper Advisors,Merper Advisors S.A.,merperadvisors.ar.example,AR,Professional Services,4436,1000+,100M+,False,target_list,tl_2026_10_w4,prospect,ae_005,complete,2026-08-25T16:00:00Z,0,,,2025-12-26T16:00:00Z,2026-09-18T16:00:00Z
acc_000101,Torva,Torva Ltda.,torva.cl.example,CL,Tourism & Hospitality,504,501-1000,,False,target_list,tl_2026_10_w3,prospect,ae_016,partial,2026-08-10T16:00:00Z,0,,,2024-01-13T16:00:00Z,2026-09-14T16:00:00Z
acc_000102,Luqui Retail,Luqui Retail S.A.S.,luquiretail.co.example,CO,Retail & Commerce,201,201-500,20-100M,False,target_list,tl_2026_10_w5,prospect,,complete,2026-09-22T16:00:00Z,0,,,2023-09-18T16:00:00Z,2026-09-29T16:00:00Z
acc_000103,Freight Marta,Freight Marta S.A. de C.V.,martafreight.mx.example,MX,Logistics & Transportation,11,11-50,1-5M,False,target_list,tl_2026_10_w4,prospect,,complete,2026-09-22T16:00:00Z,0,,,2023-10-11T16:00:00Z,2026-09-08T16:00:00Z
acc_000104,Group Luren,Group Luren S. de R.L. de C.V.,luren.mx.example,MX,Professional Services,462,201-500,20-100M,False,partner_referral,tl_2026_10_w1,prospect,,complete,2026-09-03T16:00:00Z,0,,,2026-02-19T16:00:00Z,2026-10-01T16:00:00Z
acc_000105,Foundation of Gicu,Foundation of Gicu S.A.,gicufoundation.co.example,CO,Nonprofit,13,11-50,1-5M,True,target_list,tl_2026_10_w2,prospect,,complete,2026-07-31T16:00:00Z,0,,,2026-02-22T16:00:00Z,2026-09-30T16:00:00Z
acc_000106,Manufacturing Peryra,Manufacturing Peryra S.A.,peryramanufacturing.cl.example,CL,Manufacturing,72,51-200,,True,target_list,tl_2026_10_w5,customer,,partial,2026-08-24T16:00:00Z,0,2025-03-16,,2024-05-26T16:00:00Z,2026-09-13T16:00:00Z
acc_000107,Nelo Cargo,Nelo Cargo Ltda.,nelocargo.cl.example,CL,Logistics & Transportation,78,51-200,5-20M,False,target_list,tl_2026_10_w3,prospect,,complete,2026-07-26T16:00:00Z,0,,,2023-03-02T16:00:00Z,2026-09-18T16:00:00Z
acc_000108,Tenem Petrochemicals,Tenem Petrochemicals S.A. de C.V.,tenempetrochemicals.mx.example,MX,Energy & Mining,41,11-50,1-5M,False,target_list,tl_2026_10_w4,prospect,,complete,2026-08-28T16:00:00Z,0,,,2024-03-16T16:00:00Z,2026-09-26T16:00:00Z
acc_000109,Mercantile Arlo,Mercantile Arlo S.A. de C.V.,arlomercantile.mx.example,MX,Retail & Commerce,11,11-50,1-5M,False,target_list,tl_2026_10_w1,prospect,,complete,2026-09-06T16:00:00Z,0,,,2024-09-22T16:00:00Z,2026-09-20T16:00:00Z
acc_000110,Ferdo,Ferdo S.A.S.,ferdo.co.example,CO,Technology & Software,51,51-200,1-5M,False,target_list,tl_2026_10_w5,churned_customer,,complete,2026-08-30T16:00:00Z,0,2025-08-03,2026-03-02,2026-04-05T16:00:00Z,2026-10-01T16:00:00Z
acc_000111,Group Rici,Group Rici Ltda.,rici.br.example,BR,Agribusiness,56,51-200,5-20M,False,target_list,tl_2026_10_w3,prospect,,complete,2026-09-18T16:00:00Z,0,,,2026-03-05T16:00:00Z,2026-09-29T16:00:00Z
acc_000112,Arlis Clinic,Arlis Clinic S.A.,arlisclinic.cl.example,CL,Healthcare,405,201-500,20-100M,False,target_list,tl_2026_10_w2,prospect,,complete,2026-07-28T16:00:00Z,0,,,2022-11-23T16:00:00Z,2026-09-12T16:00:00Z
acc_000113,Group Pido,Group Pido Ltda.,pido.br.example,BR,Technology & Software,57,51-200,1-5M,False,target_list,tl_2026_10_w2,prospect,,complete,2026-08-23T16:00:00Z,0,,,2026-03-21T16:00:00Z,2026-09-26T16:00:00Z
acc_000114,Group Moqui,Group Moqui Ltda.,moqui.co.example,CO,Manufacturing,8,1-10,,True,target_list,tl_2026_10_w1,prospect,,partial,2026-09-23T16:00:00Z,0,,,2025-10-22T16:00:00Z,2026-09-23T16:00:00Z
acc_000115,Studio Tava,Studio Tava Ltda.,tavastudio.co.example,CO,Marketing & Media,51,51-200,,True,target_list,tl_2026_10_w1,prospect,,partial,2026-08-01T16:00:00Z,0,,,2024-11-13T16:00:00Z,2026-09-29T16:00:00Z
acc_000116,Joper,Joper S. de R.L. de C.V.,joper.mx.example,MX,Professional Services,236,201-500,,False,target_list,tl_2026_10_w1,prospect,,partial,2026-09-02T16:00:00Z,0,,,2025-02-12T16:00:00Z,2026-09-04T16:00:00Z
acc_000117,Farms Perdor,Farms Perdor Ltda.,perdorfarms.br.example,BR,Agribusiness,1763,1000+,100M+,False,target_list,tl_2026_10_w1,customer,,complete,2026-09-27T16:00:00Z,0,2024-07-28,,2024-06-12T16:00:00Z,2026-09-27T16:00:00Z
acc_000118,Group Belor,Group Belor S.A.C.,belor.pe.example,PE,Manufacturing,873,501-1000,,True,event_scan,tl_2026_10_w1,customer,,partial,2026-09-20T16:00:00Z,0,2025-05-20,,2023-03-02T16:00:00Z,2026-09-22T16:00:00Z
acc_000119,Toqui Studio,Toqui Studio S. de R.L. de C.V.,toquistudio.mx.example,MX,Marketing & Media,219,201-500,5-20M,False,target_list,tl_2026_10_w1,prospect,,complete,2026-08-28T16:00:00Z,0,,,2024-07-01T16:00:00Z,2026-09-12T16:00:00Z
acc_000120,Health Orul,Health Orul S.A.,orulhealth.co.example,CO,Healthcare,118,51-200,5-20M,False,target_list,tl_2026_10_w5,prospect,,complete,2026-08-28T16:00:00Z,0,,,2026-04-13T16:00:00Z,2026-09-12T16:00:00Z
acc_000121,Perlis,Perlis Ltda.,perlis.co.example,CO,Manufacturing,56,51-200,5-20M,True,inbound_form,tl_2026_10_w1,prospect,ae_032,complete,2026-08-09T16:00:00Z,0,,,2022-09-30T16:00:00Z,2026-09-28T16:00:00Z
acc_000122,Sagal Farms,Sagal Farms S.A.P.I. de C.V.,sagalfarms.mx.example,MX,Agribusiness,11,11-50,1-5M,False,target_list,tl_2026_10_w3,prospect,,complete,2026-09-20T16:00:00Z,0,,,2025-02-06T16:00:00Z,2026-09-12T16:00:00Z
acc_000123,Group Ulca,Group Ulca S.A.S.,ulca.co.example,CO,Agribusiness,29,11-50,,False,target_list,tl_2026_10_w1,prospect,,partial,2026-08-10T16:00:00Z,0,,,2025-12-22T16:00:00Z,2026-09-06T16:00:00Z
acc_000124,Galtor,Galtor S.A.,galtor.cl.example,CL,Tourism & Hospitality,19,11-50,1-5M,True,partner_referral,tl_2026_10_w4,customer,,complete,2026-09-24T16:00:00Z,0,2025-04-06,,2025-06-22T16:00:00Z,2026-09-12T16:00:00Z
acc_000125,Health Tordo,Health Tordo S.A.,tordohealth.br.example,BR,Healthcare,12,11-50,1-5M,False,target_list,tl_2026_10_w1,prospect,,complete,2026-09-24T16:00:00Z,0,,,2023-09-19T16:00:00Z,2026-09-17T16:00:00Z
acc_000126,Luzu,Luzu S.A.C.,luzu.pe.example,PE,Food & Beverage,16,11-50,1-5M,True,inbound_form,tl_2026_10_w5,prospect,,complete,2026-08-05T16:00:00Z,0,,,2022-10-06T16:00:00Z,2026-09-07T16:00:00Z
acc_000127,Baver,Baver S.A.P.I. de C.V.,baver.mx.example,MX,Logistics & Transportation,24,11-50,1-5M,False,target_list,tl_2026_10_w5,prospect,,complete,2026-07-27T16:00:00Z,0,,,2023-04-14T16:00:00Z,2026-09-27T16:00:00Z
acc_000128,Moca,Moca S.A.,moca.ar.example,AR,Technology & Software,96,51-200,5-20M,False,target_list,tl_2026_10_w3,prospect,,complete,2026-08-31T16:00:00Z,0,,,2026-03-05T16:00:00Z,2026-09-09T16:00:00Z
acc_000129,Mogi Foods,Mogi Foods S.A.P.I. de C.V.,mogifoods.mx.example,MX,Food & Beverage,801,501-1000,20-100M,False,target_list,tl_2026_10_w2,prospect,,complete,2026-08-17T16:00:00Z,0,,,2023-03-04T16:00:00Z,2026-09-27T16:00:00Z
acc_000130,Cimo Gourmet (Matriz),Cimo Gourmet (Matriz),cimogourmet.ar.example,AR,Food & Beverage,16,11-50,1-5M,False,partner_referral,tl_2026_10_w1,prospect,,complete,2026-09-21T16:00:00Z,0,,,2026-09-12T16:00:00Z,2026-09-15T16:00:00Z
acc_000131,Panvi Manufacturing,Panvi Manufacturing S.A.S.,panvimanufacturing.co.example,CO,Manufacturing,67,51-200,1-5M,False,event_scan,tl_2026_10_w4,prospect,,complete,2026-08-13T16:00:00Z,0,,,2023-04-12T16:00:00Z,2026-09-04T16:00:00Z
acc_000132,Group Dormar,Group Dormar S.A.,dormar.co.example,CO,Retail & Commerce,650,501-1000,100M+,False,target_list,tl_2026_10_w1,customer,,complete,2026-09-28T16:00:00Z,0,,,2024-07-05T16:00:00Z,2026-09-21T16:00:00Z
acc_000133,Tato,Tato EIRELI,tato.br.example,BR,Education,126,51-200,5-20M,False,target_list,tl_2026_10_w1,prospect,,complete,2026-09-04T16:00:00Z,0,,,2026-05-29T16:00:00Z,2026-09-09T16:00:00Z
acc_000134,Kari,Kari Ltda.,kari.br.example,BR,Tourism & Hospitality,51,51-200,5-20M,False,target_list,tl_2026_10_w5,customer,,complete,2026-08-18T16:00:00Z,0,2025-04-20,,2025-06-25T16:00:00Z,2026-09-13T16:00:00Z
acc_000135,Vior Manufacturing,Vior Manufacturing Ltda.,viormanufacturing.co.example,CO,Manufacturing,1,1-10,<1M,False,target_list,tl_2026_10_w1,prospect,,complete,2026-08-21T16:00:00Z,0,,,2026-07-29T16:00:00Z,2026-09-06T16:00:00Z
acc_000136,Health Gitra,Health Gitra S.A.S.,gitrahealth.co.example,CO,Healthcare,531,501-1000,20-100M,False,target_list,tl_2026_10_w2,prospect,ae_026,complete,2026-08-19T16:00:00Z,0,,,2024-04-30T16:00:00Z,2026-09-17T16:00:00Z
acc_000137,Beverages Sagi,Beverages Sagi S. de R.L. de C.V.,sagibeverages.mx.example,MX,Food & Beverage,179,51-200,20-100M,False,target_list,tl_2026_10_w1,prospect,,complete,2026-08-21T16:00:00Z,0,,,2023-02-12T16:00:00Z,2026-09-06T16:00:00Z
acc_000138,Tech Renzu,Tech Renzu S.A.P.I. de C.V.,renzutech.mx.example,MX,,,,,False,target_list,tl_2026_10_w5,prospect,,partial,2026-07-25T16:00:00Z,0,,,2024-05-05T16:00:00Z,2026-09-15T16:00:00Z
acc_000139,Group Lumin,Group Lumin SpA,lumin.cl.example,CL,Logistics & Transportation,153,51-200,20-100M,False,target_list,tl_2026_10_w1,prospect,,complete,2026-07-25T16:00:00Z,0,,,2023-01-29T16:00:00Z,2026-09-18T16:00:00Z
acc_000140,Vasol,Vasol S.R.L.,vasol.ar.example,AR,Retail & Commerce,116,51-200,20-100M,False,target_list,tl_2026_10_w4,prospect,,complete,2026-08-06T16:00:00Z,0,,,2023-07-20T16:00:00Z,2026-09-22T16:00:00Z
acc_000141,Giba,Giba S. de R.L. de C.V.,giba.mx.example,MX,Technology & Software,2,1-10,<1M,True,inbound_form,tl_2026_10_w3,prospect,,complete,2026-09-27T16:00:00Z,0,,,2024-10-01T16:00:00Z,2026-09-16T16:00:00Z
acc_000142,Group Verem,Group Verem Ltda.,verem.co.example,CO,Logistics & Transportation,159,51-200,20-100M,False,target_list,tl_2026_10_w1,prospect,,complete,2026-08-27T16:00:00Z,0,,,2024-08-28T16:00:00Z,2026-09-14T16:00:00Z
acc_000143,Group Emqui,Group Emqui Ltda.,emqui.br.example,BR,Retail & Commerce,201,201-500,20-100M,False,target_list,tl_2026_10_w2,prospect,ae_009,complete,2026-08-07T16:00:00Z,0,,,2025-10-10T16:00:00Z,2026-09-29T16:00:00Z
acc_000144,Group Zucen,Group Zucen S.A.S.,zucen.co.example,CO,Tourism & Hospitality,699,501-1000,20-100M,False,target_list,tl_2026_10_w4,churned_customer,,complete,2026-09-04T16:00:00Z,0,2025-05-19,2025-11-08,2026-08-21T16:00:00Z,2026-09-16T16:00:00Z
acc_000145,Group Marem,Group Marem S.A.P.I. de C.V.,marem.mx.example,MX,Professional Services,51,51-200,5-20M,False,target_list,tl_2026_10_w4,prospect,,complete,2026-08-30T16:00:00Z,0,,,2023-05-31T16:00:00Z,2026-10-01T16:00:00Z
acc_000146,Vilo Digital,Vilo Digital S.A.,vilodigital.co.example,CO,Technology & Software,15,11-50,1-5M,True,target_list,tl_2026_10_w4,prospect,,complete,2026-09-14T16:00:00Z,0,,,2024-07-12T16:00:00Z,2026-09-07T16:00:00Z
acc_000147,Kacen Mining,Kacen Mining S.A.S.,kacenmining.co.example,CO,Energy & Mining,70,51-200,5-20M,False,target_list,tl_2026_10_w2,prospect,,complete,2026-08-26T16:00:00Z,0,,,2022-09-20T16:00:00Z,2026-09-19T16:00:00Z
acc_000148,Bafer,Bafer S.A.,bafer.ar.example,AR,Tourism & Hospitality,143,51-200,20-100M,False,target_list,tl_2026_10_w5,prospect,ae_035,complete,2026-08-30T16:00:00Z,0,,,2025-12-05T16:00:00Z,2026-09-27T16:00:00Z
acc_000149,Bellis,Bellis EIRELI,bellis.br.example,BR,Manufacturing,31,11-50,1-5M,True,event_scan,tl_2026_10_w3,prospect,,complete,2026-09-07T16:00:00Z,0,,,2026-08-28T16:00:00Z,2026-09-13T16:00:00Z
acc_000150,Institute Negi,Institute Negi S.A.,negiinstitute.co.example,CO,Education,68,51-200,5-20M,False,target_list,tl_2026_10_w2,prospect,,complete,2026-08-25T16:00:00Z,0,,,2026-06-18T16:00:00Z,2026-09-15T16:00:00Z
acc_000151,Health Gici,Health Gici Ltda.,gicihealth.co.example,CO,Healthcare,56,51-200,1-5M,False,inbound_form,tl_2026_10_w2,prospect,,complete,2026-09-13T16:00:00Z,0,,,2024-03-15T16:00:00Z,2026-10-01T16:00:00Z
acc_000152,Pivi,Pivi S.A.,pivi.co.example,CO,Retail & Commerce,813,501-1000,20-100M,False,target_list,tl_2026_10_w1,prospect,,complete,2026-08-12T16:00:00Z,0,,,2024-03-21T16:00:00Z,2026-09-02T16:00:00Z
acc_000153,Group Joqui,Group Joqui S.A.,joqui.br.example,BR,Food & Beverage,113,51-200,20-100M,False,inbound_form,tl_2026_10_w1,prospect,,complete,2026-09-20T16:00:00Z,0,,,2023-09-29T16:00:00Z,2026-09-05T16:00:00Z
acc_000154,Foods Empan,Foods Empan S.A.C.,empanfoods.pe.example,PE,Food & Beverage,180,51-200,20-100M,False,target_list,tl_2026_10_w1,prospect,,complete,2026-08-22T16:00:00Z,0,,,2023-12-10T16:00:00Z,2026-09-07T16:00:00Z
acc_000155,Group Citra,Group Citra S.A.P.I. de C.V.,citra.mx.example,MX,Professional Services,502,501-1000,20-100M,False,target_list,tl_2026_10_w5,prospect,,complete,2026-09-04T16:00:00Z,0,,,2024-04-09T16:00:00Z,2026-10-01T16:00:00Z
acc_000156,Arnex,Arnex S.R.L.,arnex.ar.example,AR,Energy & Mining,264,201-500,20-100M,False,target_list,tl_2026_10_w2,prospect,,complete,2026-09-26T16:00:00Z,0,,,2026-06-02T16:00:00Z,2026-09-17T16:00:00Z
acc_000157,Vata Hotels,Vata Hotels Ltda.,vatahotels.br.example,BR,Tourism & Hospitality,866,501-1000,100M+,True,target_list,tl_2026_10_w5,customer,,complete,2026-09-27T16:00:00Z,0,2024-11-09,,2026-02-22T16:00:00Z,2026-09-29T16:00:00Z
acc_000158,Institute Yrapan,Institute Yrapan Ltda.,yrapaninstitute.co.example,CO,Education,187,51-200,5-20M,False,target_list,tl_2026_10_w5,prospect,,complete,2026-08-14T16:00:00Z,0,,,2025-04-02T16:00:00Z,2026-09-28T16:00:00Z
acc_000159,Group Mador,Group Mador S.A.,mador.br.example,BR,Technology & Software,104,51-200,5-20M,True,target_list,tl_2026_10_w2,prospect,,complete,2026-08-03T16:00:00Z,0,,,2026-05-01T16:00:00Z,2026-09-26T16:00:00Z
acc_000160,Gourmet Zumin,Gourmet Zumin S. de R.L. de C.V.,zumingourmet.mx.example,MX,Food & Beverage,22,11-50,1-5M,False,inbound_form,tl_2026_10_w5,prospect,,complete,2026-09-20T16:00:00Z,0,,,2024-12-08T16:00:00Z,2026-09-03T16:00:00Z
acc_000161,Manufacturing Arpi,Manufacturing Arpi Ltda.,arpimanufacturing.co.example,CO,Manufacturing,218,201-500,20-100M,False,target_list,tl_2026_10_w2,customer,,complete,2026-08-11T16:00:00Z,0,2024-11-06,,2026-06-12T16:00:00Z,2026-09-21T16:00:00Z
acc_000162,Health Mincen,Health Mincen S.A.C.,mincenhealth.pe.example,PE,Healthcare,99,51-200,5-20M,False,target_list,tl_2026_10_w4,prospect,,complete,2026-08-06T16:00:00Z,0,,,2025-04-15T16:00:00Z,2026-09-08T16:00:00Z
acc_000163,Margi Agro,Margi Agro S.A. de C.V.,margiagro.mx.example,MX,Agribusiness,441,201-500,20-100M,False,target_list,tl_2026_10_w5,prospect,,complete,2026-09-02T16:00:00Z,0,,,2023-12-10T16:00:00Z,2026-09-29T16:00:00Z
acc_000164,Tourism Perul,Tourism Perul Ltda.,perultourism.br.example,BR,Tourism & Hospitality,27,11-50,1-5M,True,target_list,tl_2026_10_w1,prospect,,complete,2026-09-04T16:00:00Z,0,,,2023-11-19T16:00:00Z,2026-09-03T16:00:00Z
acc_000165,Medical Vacen,Medical Vacen S. de R.L. de C.V.,vacenmedical.mx.example,MX,Healthcare,245,201-500,20-100M,False,event_scan,tl_2026_10_w2,prospect,,complete,2026-08-05T16:00:00Z,0,,,2022-10-05T16:00:00Z,2026-09-10T16:00:00Z
acc_000166,Perbel,Perbel S.R.L.,perbel.ar.example,AR,Tourism & Hospitality,179,51-200,5-20M,False,target_list,tl_2026_10_w4,prospect,ae_023,complete,2026-09-03T16:00:00Z,0,,,2024-07-08T16:00:00Z,2026-09-26T16:00:00Z
acc_000167,Rensol Retail,Rensol Retail EIRELI,rensolretail.br.example,BR,Retail & Commerce,25,11-50,1-5M,True,target_list,tl_2026_10_w2,prospect,,partial,2026-08-28T16:00:00Z,0,,,2025-12-03T16:00:00Z,2026-09-16T16:00:00Z
acc_000168,Group Yragal,Group Yragal S. de R.L. de C.V.,yragal.mx.example,MX,Tourism & Hospitality,873,501-1000,20-100M,False,target_list,tl_2026_10_w1,prospect,ae_013,complete,2026-08-21T16:00:00Z,0,,,2025-01-04T16:00:00Z,2026-09-04T16:00:00Z
acc_000169,Group Belor,Group Belor S.A.,belor.br.example,BR,Logistics & Transportation,202,201-500,5-20M,False,inbound_form,tl_2026_10_w5,prospect,,complete,2026-09-28T16:00:00Z,0,,,2025-08-10T16:00:00Z,2026-09-30T16:00:00Z
acc_000170,Industries Ordo,Industries Ordo S.A.,ordoindustries.co.example,CO,Manufacturing,40,11-50,5-20M,False,target_list,tl_2026_10_w4,customer,,complete,2026-08-22T16:00:00Z,0,2024-05-15,,2024-06-26T16:00:00Z,2026-09-21T16:00:00Z
acc_000171,Saba Studio,Saba Studio EIRELI,sabastudio.br.example,BR,Marketing & Media,220,201-500,20-100M,False,target_list,tl_2026_10_w3,prospect,,complete,2026-09-18T16:00:00Z,0,,,2023-04-10T16:00:00Z,2026-09-15T16:00:00Z
acc_000172,Group Mosa,Group Mosa S.A.P.I. de C.V.,mosa.mx.example,MX,Agribusiness,6,1-10,,False,target_list,tl_2026_10_w1,prospect,,partial,2026-08-27T16:00:00Z,0,,,2023-01-21T16:00:00Z,2026-09-12T16:00:00Z
acc_000173,Freight Mama,Freight Mama S.A.,mamafreight.co.example,CO,Logistics & Transportation,54,51-200,,False,target_list,tl_2026_10_w1,prospect,ae_032,partial,2026-09-13T16:00:00Z,0,,,2026-07-25T16:00:00Z,2026-09-03T16:00:00Z
acc_000174,Solpan Systems,Solpan Systems S.A.,solpansystems.pe.example,PE,Technology & Software,91,51-200,5-20M,False,target_list,tl_2026_10_w1,prospect,,complete,2026-08-10T16:00:00Z,0,,,2022-12-15T16:00:00Z,2026-09-16T16:00:00Z
acc_000175,Mani Retail,Mani Retail S. de R.L. de C.V.,maniretail.mx.example,MX,Retail & Commerce,51,51-200,1-5M,False,target_list,tl_2026_10_w3,customer,,complete,2026-09-16T16:00:00Z,0,2025-11-26,,2024-02-27T16:00:00Z,2026-09-13T16:00:00Z
acc_000176,Group Nexcen,Group Nexcen S.A. de C.V.,nexcen.mx.example,MX,Professional Services,101,51-200,5-20M,False,target_list,tl_2026_10_w1,prospect,,complete,2026-08-24T16:00:00Z,0,,,2023-12-31T16:00:00Z,2026-09-02T16:00:00Z
acc_000177,Group Ixem,Group Ixem SpA,ixem.cl.example,CL,Food & Beverage,312,201-500,,False,target_list,tl_2026_10_w2,prospect,,partial,2026-09-09T16:00:00Z,0,,,2023-07-19T16:00:00Z,2026-09-25T16:00:00Z
acc_000178,Nexci,Nexci S.A.,nexci.co.example,CO,Healthcare,22,11-50,1-5M,False,target_list,tl_2026_10_w5,prospect,,complete,2026-08-22T16:00:00Z,0,,,2024-05-12T16:00:00Z,2026-09-05T16:00:00Z
acc_000179,Pilu,Pilu Ltda.,pilu.br.example,BR,Energy & Mining,344,201-500,5-20M,False,target_list,tl_2026_10_w2,prospect,,complete,2026-09-16T16:00:00Z,0,,,2024-11-27T16:00:00Z,2026-09-28T16:00:00Z
acc_000180,Traar Builders,Traar Builders Ltda.,traarbuilders.br.example,BR,Construction & Real Estate,51,51-200,1-5M,False,target_list,tl_2026_10_w2,prospect,ae_021,complete,2026-09-21T16:00:00Z,0,,,2026-08-26T16:00:00Z,2026-09-30T16:00:00Z
acc_000181,Systems Dorvi,Systems Dorvi S.R.L.,dorvisystems.ar.example,AR,Technology & Software,40,11-50,5-20M,False,target_list,tl_2026_10_w4,customer,,complete,2026-08-28T16:00:00Z,0,2024-06-02,,2022-12-24T16:00:00Z,2026-09-11T16:00:00Z
acc_000182,Netor,Netor S.R.L.,netor.ar.example,AR,Healthcare,31,11-50,,False,target_list,tl_2026_10_w5,churned_customer,,partial,2026-09-16T16:00:00Z,0,2023-09-10,2026-02-28,2022-09-22T16:00:00Z,2026-09-03T16:00:00Z
acc_000183,Foods Cifer,Foods Cifer S. de R.L. de C.V.,ciferfoods.mx.example,MX,Food & Beverage,578,501-1000,20-100M,False,target_list,tl_2026_10_w1,customer,,complete,2026-08-28T16:00:00Z,0,2025-12-02,,2023-06-13T16:00:00Z,2026-09-16T16:00:00Z
acc_000184,Alci,Alci Ltda.,alci.co.example,CO,Healthcare,392,201-500,,False,target_list,tl_2026_10_w4,prospect,ae_026,partial,2026-07-29T16:00:00Z,0,,,2025-08-31T16:00:00Z,2026-09-09T16:00:00Z
acc_000185,Nexlu,Nexlu Ltda.,nexlu.br.example,BR,Healthcare,11,11-50,<1M,True,target_list,tl_2026_10_w1,prospect,,complete,2026-09-02T16:00:00Z,0,,,2024-04-17T16:00:00Z,2026-09-14T16:00:00Z
acc_000186,Doma,Doma S.A. de C.V.,doma.mx.example,MX,Tourism & Hospitality,545,501-1000,20-100M,False,target_list,tl_2026_10_w5,prospect,,complete,2026-08-22T16:00:00Z,0,,,2024-11-27T16:00:00Z,2026-10-01T16:00:00Z
acc_000187,Locu,Locu S. de R.L. de C.V.,locu.mx.example,MX,Retail & Commerce,43,11-50,5-20M,False,event_scan,tl_2026_10_w5,prospect,,complete,2026-07-26T16:00:00Z,0,,,2026-04-10T16:00:00Z,2026-09-19T16:00:00Z
acc_000188,Group Sato,Group Sato Ltda.,sato.br.example,BR,Construction & Real Estate,178,51-200,5-20M,False,target_list,tl_2026_10_w1,prospect,,complete,2026-07-26T16:00:00Z,0,,,2024-01-29T16:00:00Z,2026-09-13T16:00:00Z
acc_000189,Galva Studio,Galva Studio S.A.,galvastudio.co.example,CO,Marketing & Media,38,11-50,,True,target_list,tl_2026_10_w5,prospect,,partial,2026-08-10T16:00:00Z,0,,,2023-05-12T16:00:00Z,2026-09-11T16:00:00Z
acc_000190,Emne Academy,Emne Academy S.A.C.,emneacademy.pe.example,PE,Education,161,51-200,5-20M,True,target_list,tl_2026_10_w4,competitor,,complete,2026-09-16T16:00:00Z,0,,,2023-10-04T16:00:00Z,2026-09-26T16:00:00Z
acc_000191,Gima,Gima SpA,gima.cl.example,CL,Construction & Real Estate,729,501-1000,20-100M,True,target_list,tl_2026_10_w3,prospect,,complete,2026-08-09T16:00:00Z,0,,,2023-12-22T16:00:00Z,2026-09-30T16:00:00Z
acc_000192,Group Sollo,Group Sollo S.A. de C.V.,sollo.mx.example,MX,Energy & Mining,108,51-200,5-20M,False,target_list,tl_2026_10_w1,prospect,ae_001,complete,2026-07-25T16:00:00Z,0,,,2025-12-31T16:00:00Z,2026-09-16T16:00:00Z
acc_000193,Group Emal,Group Emal S.A. de C.V.,emal.mx.example,MX,Agribusiness,125,51-200,5-20M,True,target_list,tl_2026_10_w4,prospect,,complete,2026-07-28T16:00:00Z,0,,,2024-07-19T16:00:00Z,2026-09-03T16:00:00Z
acc_000194,Group Torjo,Group Torjo S.A.,torjo.br.example,BR,Marketing & Media,687,501-1000,100M+,True,event_scan,tl_2026_10_w4,prospect,,complete,2026-09-28T16:00:00Z,0,,,2026-08-24T16:00:00Z,2026-09-29T16:00:00Z
acc_000195,Group Mabel,Group Mabel S.A. de C.V.,mabel.mx.example,MX,Manufacturing,114,51-200,,True,event_scan,tl_2026_10_w3,prospect,,partial,2026-09-09T16:00:00Z,0,,,2025-06-16T16:00:00Z,2026-09-17T16:00:00Z
acc_000196,Cito,Cito S.A. de C.V.,cito.mx.example,MX,Agribusiness,54,51-200,5-20M,False,target_list,tl_2026_10_w1,prospect,,partial,2026-09-13T16:00:00Z,0,,,2023-05-09T16:00:00Z,2026-09-14T16:00:00Z
acc_000197,Torlo Travel,Torlo Travel S.A.,torlotravel.cl.example,CL,Tourism & Hospitality,20,11-50,1-5M,False,target_list,tl_2026_10_w1,prospect,,complete,2026-08-01T16:00:00Z,0,,,2026-06-13T16:00:00Z,2026-09-16T16:00:00Z
acc_000198,Manufacturing Cuul,Manufacturing Cuul S.A.S.,cuulmanufacturing.co.example,CO,Manufacturing,39,11-50,1-5M,False,target_list,tl_2026_10_w3,prospect,,complete,2026-07-29T16:00:00Z,0,,,2026-01-14T16:00:00Z,2026-09-04T16:00:00Z
acc_000199,Builders Nexver,Builders Nexver Ltda.,nexverbuilders.co.example,CO,Construction & Real Estate,11,11-50,<1M,False,target_list,tl_2026_10_w5,customer,,complete,2026-09-22T16:00:00Z,0,2025-09-02,,2022-10-27T16:00:00Z,2026-09-27T16:00:00Z
acc_000200,Quiqui,Quiqui EIRELI,quiqui.br.example,BR,Logistics & Transportation,11,11-50,1-5M,False,target_list,tl_2026_10_w1,prospect,,complete,2026-09-01T16:00:00Z,0,,,2023-06-16T16:00:00Z,2026-09-11T16:00:00Z
acc_000201,Group Arni,Group Arni S.A.,arni.co.example,CO,Technology & Software,4,1-10,<1M,False,target_list,tl_2026_10_w1,prospect,,complete,2026-09-16T16:00:00Z,0,,,2024-11-04T16:00:00Z,2026-09-26T16:00:00Z
acc_000202,Group Pannex,Group Pannex S.A.,pannex.co.example,CO,Food & Beverage,21,11-50,1-5M,False,target_list,tl_2026_10_w2,customer,,complete,2026-07-26T16:00:00Z,0,2025-04-09,,2023-01-05T16:00:00Z,2026-09-20T16:00:00Z
acc_000203,Academy Belci,Academy Belci S.A. de C.V.,belciacademy.mx.example,MX,Education,52,51-200,5-20M,False,target_list,tl_2026_10_w2,prospect,,complete,2026-08-18T16:00:00Z,0,,,2026-03-03T16:00:00Z,2026-09-19T16:00:00Z
acc_000204,Group Rodo,Group Rodo S.A.,rodo.co.example,CO,Professional Services,30,11-50,1-5M,False,target_list,tl_2026_10_w1,customer,,complete,2026-08-25T16:00:00Z,0,,,2023-01-01T16:00:00Z,2026-09-06T16:00:00Z
acc_000205,Dorper Manufacturing,Dorper Manufacturing S.A.,dorpermanufacturing.ar.example,AR,Manufacturing,14,11-50,1-5M,True,target_list,tl_2026_10_w1,prospect,,complete,2026-08-10T16:00:00Z,0,,,2026-06-25T16:00:00Z,2026-09-28T16:00:00Z
acc_000206,Group Altra,Group Altra SpA,altra.cl.example,CL,Food & Beverage,52,51-200,5-20M,False,target_list,tl_2026_10_w5,prospect,,complete,2026-09-19T16:00:00Z,0,,,2024-11-07T16:00:00Z,2026-09-12T16:00:00Z
acc_000207,Group Joni,Group Joni S.A.P.I. de C.V.,joni.mx.example,MX,Retail & Commerce,735,501-1000,20-100M,True,event_scan,tl_2026_10_w5,prospect,,complete,2026-08-19T16:00:00Z,0,,,2025-12-31T16:00:00Z,2026-09-05T16:00:00Z
acc_000208,Ninex Advisors,Ninex Advisors Ltda.,ninexadvisors.br.example,BR,Professional Services,20,11-50,1-5M,False,target_list,tl_2026_10_w1,prospect,ae_015,complete,2026-09-07T16:00:00Z,0,,,2022-09-29T16:00:00Z,2026-09-23T16:00:00Z
acc_000209,Cimer Energy,Cimer Energy S.A. de C.V.,cimerenergy.mx.example,MX,Energy & Mining,104,51-200,5-20M,True,event_scan,tl_2026_10_w1,prospect,,complete,2026-08-13T16:00:00Z,0,,,2023-05-26T16:00:00Z,2026-09-21T16:00:00Z
acc_000210,Group Kaba,Group Kaba S.A.P.I. de C.V.,kaba.mx.example,MX,Agribusiness,7631,1000+,100M+,True,target_list,tl_2026_10_w4,prospect,ae_019,complete,2026-08-25T16:00:00Z,0,,,2024-07-02T16:00:00Z,2026-09-17T16:00:00Z
acc_000211,Minsol Developments,Minsol Developments S.A.P.I. de C.V.,minsoldevelopments.mx.example,MX,Construction & Real Estate,57,51-200,5-20M,False,target_list,tl_2026_10_w2,prospect,ae_025,complete,2026-09-03T16:00:00Z,0,,,2025-12-25T16:00:00Z,2026-09-08T16:00:00Z
acc_000212,Emren,Emren EIRELI,emren.br.example,BR,Tourism & Hospitality,27,11-50,1-5M,True,event_scan,tl_2026_10_w1,prospect,,complete,2026-09-23T16:00:00Z,0,,,2026-07-25T16:00:00Z,2026-09-26T16:00:00Z
acc_000213,Liscen Beverages,Liscen Beverages S.A.,liscenbeverages.br.example,BR,Food & Beverage,209,201-500,20-100M,False,inbound_form,tl_2026_10_w4,prospect,,complete,2026-09-25T16:00:00Z,0,,,2023-09-23T16:00:00Z,2026-09-16T16:00:00Z
acc_000214,Quiem,Quiem S. de R.L. de C.V.,quiem.mx.example,MX,Marketing & Media,13,11-50,<1M,False,partner_referral,tl_2026_10_w4,prospect,,complete,2026-09-19T16:00:00Z,0,,,2025-03-31T16:00:00Z,2026-09-20T16:00:00Z
acc_000215,Farms Tenmar,Farms Tenmar S.A.S.,tenmarfarms.co.example,CO,Agribusiness,152,51-200,5-20M,False,partner_referral,tl_2026_10_w4,prospect,,complete,2026-09-24T16:00:00Z,0,,,2025-04-25T16:00:00Z,2026-09-16T16:00:00Z
acc_000216,Group Tato,Group Tato S.A.,tato.co.example,CO,Energy & Mining,7248,1000+,100M+,False,partner_referral,tl_2026_10_w2,prospect,ae_032,complete,2026-07-28T16:00:00Z,0,,,2022-12-26T16:00:00Z,2026-09-24T16:00:00Z
acc_000217,Petrochemicals Torar,Petrochemicals Torar S.A.P.I. de C.V.,torarpetrochemicals.mx.example,MX,Energy & Mining,603,501-1000,20-100M,False,inbound_form,tl_2026_10_w2,prospect,ae_019,complete,2026-09-11T16:00:00Z,0,,,2026-08-19T16:00:00Z,2026-09-20T16:00:00Z
acc_000218,Solci,Solci SpA,solci.cl.example,CL,Construction & Real Estate,342,201-500,20-100M,False,target_list,tl_2026_10_w2,prospect,,complete,2026-07-28T16:00:00Z,0,,,2025-12-22T16:00:00Z,2026-09-22T16:00:00Z
acc_000219,Ciul,Ciul S.A. de C.V.,ciul.mx.example,MX,Retail & Commerce,11,11-50,<1M,False,inbound_form,tl_2026_10_w1,prospect,,complete,2026-08-05T16:00:00Z,0,,,2023-03-12T16:00:00Z,2026-09-04T16:00:00Z
acc_000220,Tenfer,Tenfer S.A.P.I. de C.V.,tenfer.mx.example,MX,Food & Beverage,74,51-200,5-20M,False,target_list,tl_2026_10_w2,prospect,ae_037,complete,2026-08-20T16:00:00Z,0,,,2025-07-17T16:00:00Z,2026-09-05T16:00:00Z
acc_000221,Group Pilo,Group Pilo S.A.S.,pilo.co.example,CO,Food & Beverage,526,501-1000,20-100M,False,target_list,tl_2026_10_w3,prospect,,complete,2026-08-14T16:00:00Z,0,,,2023-02-23T16:00:00Z,2026-09-21T16:00:00Z
acc_000222,Renva,Renva S.A. de C.V.,renva.mx.example,MX,Healthcare,53,51-200,5-20M,True,target_list,tl_2026_10_w4,prospect,,complete,2026-09-04T16:00:00Z,0,,,2023-10-13T16:00:00Z,2026-09-17T16:00:00Z
acc_000223,Tensa Studio,Tensa Studio S.A.S.,tensastudio.co.example,CO,Marketing & Media,1356,1000+,20-100M,True,target_list,tl_2026_10_w4,prospect,,complete,2026-09-24T16:00:00Z,0,,,2026-08-26T16:00:00Z,2026-09-30T16:00:00Z
acc_000224,Foundation of Nido,Foundation of Nido S.A.,nidofoundation.ar.example,AR,Nonprofit,96,51-200,,False,target_list,tl_2026_10_w1,prospect,,partial,2026-09-09T16:00:00Z,0,,,2025-01-01T16:00:00Z,2026-09-15T16:00:00Z
acc_000225,Gourmet Cenal,Gourmet Cenal Ltda.,cenalgourmet.cl.example,CL,Food & Beverage,7428,1000+,,False,target_list,tl_2026_10_w2,prospect,,partial,2026-08-05T16:00:00Z,0,,,2025-01-27T16:00:00Z,2026-09-23T16:00:00Z
acc_000226,Verro Plastics,Verro Plastics S.A.S.,verroplastics.co.example,CO,Manufacturing,134,51-200,5-20M,False,target_list,tl_2026_10_w2,customer,,complete,2026-08-08T16:00:00Z,0,2025-06-02,,2025-11-20T16:00:00Z,2026-09-15T16:00:00Z
acc_000227,Marketing Quinex,Marketing Quinex EIRELI,quinexmarketing.br.example,BR,Marketing & Media,68,51-200,,False,target_list,tl_2026_10_w1,prospect,,partial,2026-09-05T16:00:00Z,0,,,2023-06-28T16:00:00Z,2026-09-07T16:00:00Z
acc_000228,Group Alor,Group Alor Ltda.,alor.co.example,CO,Energy & Mining,38,11-50,1-5M,False,target_list,tl_2026_10_w2,prospect,,complete,2026-07-28T16:00:00Z,0,,,2024-11-07T16:00:00Z,2026-09-20T16:00:00Z
acc_000229,Group Mapan,Group Mapan Ltda.,mapan.co.example,CO,Retail & Commerce,102,51-200,5-20M,False,target_list,tl_2026_10_w3,prospect,ae_032,complete,2026-09-10T16:00:00Z,0,,,2022-12-11T16:00:00Z,2026-09-12T16:00:00Z
acc_000230,Alpi,Alpi Ltda.,alpi.cl.example,CL,Healthcare,155,51-200,5-20M,False,target_list,tl_2026_10_w2,prospect,,complete,2026-09-17T16:00:00Z,0,,,2025-06-03T16:00:00Z,2026-09-29T16:00:00Z
acc_000231,Emnex Agro,Emnex Agro S. de R.L. de C.V.,emnexagro.mx.example,MX,Agribusiness,261,201-500,,False,target_list,tl_2026_10_w3,prospect,,partial,2026-07-30T16:00:00Z,0,,,2022-12-02T16:00:00Z,2026-09-02T16:00:00Z
acc_000232,Zuper Freight,Zuper Freight EIRELI,zuperfreight.br.example,BR,Logistics & Transportation,17,11-50,,True,target_list,tl_2026_10_w5,prospect,,partial,2026-07-25T16:00:00Z,0,,,2022-10-02T16:00:00Z,2026-09-05T16:00:00Z
acc_000233,Solci,Solci EIRELI,solci.br.example,BR,Construction & Real Estate,829,501-1000,20-100M,False,inbound_form,tl_2026_10_w1,prospect,,complete,2026-09-27T16:00:00Z,0,,,2025-11-05T16:00:00Z,2026-09-09T16:00:00Z
acc_000234,Pior Realty,Pior Realty S.A.S.,piorrealty.co.example,CO,Construction & Real Estate,51,51-200,1-5M,False,target_list,tl_2026_10_w1,prospect,,complete,2026-08-13T16:00:00Z,0,,,2026-01-09T16:00:00Z,2026-09-07T16:00:00Z
acc_000235,Momar Logistics,Momar Logistics S.A.,momarlogistics.pe.example,PE,Logistics & Transportation,791,501-1000,100M+,False,event_scan,tl_2026_10_w5,prospect,,complete,2026-09-05T16:00:00Z,0,,,2025-05-24T16:00:00Z,2026-09-15T16:00:00Z
acc_000236,Institute Argi,Institute Argi EIRELI,argiinstitute.br.example,BR,Education,1,1-10,<1M,False,target_list,tl_2026_10_w2,prospect,,complete,2026-08-27T16:00:00Z,0,,,2025-09-26T16:00:00Z,2026-09-12T16:00:00Z
acc_000237,Group Doro,Group Doro Ltda.,doro.br.example,BR,Marketing & Media,51,51-200,1-5M,False,target_list,tl_2026_10_w5,customer,,complete,2026-08-30T16:00:00Z,0,2024-07-26,,2025-04-04T16:00:00Z,2026-09-04T16:00:00Z
acc_000238,Industries Renfer,Industries Renfer S.A.,renferindustries.ar.example,AR,Manufacturing,24,11-50,1-5M,True,target_list,tl_2026_10_w1,prospect,,complete,2026-09-05T16:00:00Z,0,,,2026-03-29T16:00:00Z,2026-09-18T16:00:00Z
acc_000239,Farms Dorsa,Farms Dorsa S.A.P.I. de C.V.,dorsafarms.mx.example,MX,Agribusiness,72,51-200,5-20M,False,target_list,tl_2026_10_w1,prospect,,complete,2026-08-07T16:00:00Z,0,,,2022-08-27T16:00:00Z,2026-09-09T16:00:00Z
acc_000240,Dorka Beverages,Dorka Beverages S.A.,dorkabeverages.co.example,CO,Food & Beverage,40,11-50,1-5M,False,target_list,tl_2026_10_w2,prospect,,complete,2026-07-31T16:00:00Z,0,,,2022-09-07T16:00:00Z,2026-09-29T16:00:00Z
acc_000241,HEALTH MOCEN,HEALTH MOCEN,mocenhealth.co.example,CO,Healthcare,515,501-1000,20-100M,False,target_list,tl_2026_10_w1,prospect,,complete,2026-07-23T16:00:00Z,0,,,2026-09-21T16:00:00Z,2026-09-17T16:00:00Z
acc_000242,Cento Health,Cento Health S.R.L.,centohealth.ar.example,AR,Healthcare,223,201-500,5-20M,True,target_list,tl_2026_10_w1,prospect,,complete,2026-09-02T16:00:00Z,0,,,2025-12-13T16:00:00Z,2026-09-17T16:00:00Z
acc_000243,Zual Industries,Zual Industries SpA,zualindustries.cl.example,CL,Manufacturing,471,201-500,20-100M,True,target_list,tl_2026_10_w5,prospect,,complete,2026-08-23T16:00:00Z,0,,,2023-01-14T16:00:00Z,2026-09-24T16:00:00Z
acc_000244,Manufacturing Quimo,Manufacturing Quimo S.A.,quimomanufacturing.br.example,BR,Manufacturing,300,201-500,20-100M,False,target_list,tl_2026_10_w3,prospect,,partial,2026-07-27T16:00:00Z,0,,,2023-04-01T16:00:00Z,2026-09-30T16:00:00Z
acc_000245,Gourmet Emten,Gourmet Emten S.A.P.I. de C.V.,emtengourmet.mx.example,MX,Food & Beverage,350,201-500,20-100M,False,event_scan,tl_2026_10_w3,prospect,ae_007,complete,2026-08-13T16:00:00Z,0,,,2024-04-10T16:00:00Z,2026-09-21T16:00:00Z
acc_000246,Energy Dormar,Energy Dormar S.A. de C.V.,dormarenergy.mx.example,MX,Energy & Mining,106,51-200,5-20M,False,target_list,tl_2026_10_w5,prospect,,complete,2026-07-28T16:00:00Z,0,,,2023-09-21T16:00:00Z,2026-09-14T16:00:00Z
acc_000247,Secretariat of Dorsa,Secretariat of Dorsa S. de R.L. de C.V.,dorsasecretariat.mx.example,MX,Government & Public Sector,380,201-500,5-20M,False,inbound_form,tl_2026_10_w3,prospect,,complete,2026-07-26T16:00:00Z,0,,,2022-10-21T16:00:00Z,2026-09-13T16:00:00Z
acc_000248,Rivi,Rivi Ltda.,rivi.co.example,CO,Healthcare,14,11-50,1-5M,False,target_list,tl_2026_10_w3,prospect,,complete,2026-08-04T16:00:00Z,0,,,2026-04-21T16:00:00Z,2026-09-02T16:00:00Z
acc_000249,Alar,Alar S. de R.L. de C.V.,alar.mx.example,MX,Retail & Commerce,24,11-50,1-5M,False,target_list,tl_2026_10_w5,prospect,,complete,2026-09-05T16:00:00Z,0,,,2024-09-05T16:00:00Z,2026-09-02T16:00:00Z
acc_000250,Manufacturing Galmar,Manufacturing Galmar S. de R.L. de C.V.,galmarmanufacturing.mx.example,MX,Manufacturing,197,51-200,5-20M,False,target_list,tl_2026_10_w5,prospect,,complete,2026-08-16T16:00:00Z,0,,,2025-05-30T16:00:00Z,2026-09-26T16:00:00Z
acc_000251,Satra Developments,Satra Developments S.A.P.I. de C.V.,satradevelopments.mx.example,MX,Construction & Real Estate,22,11-50,,False,target_list,tl_2026_10_w2,prospect,ae_019,partial,2026-08-08T16:00:00Z,0,,,2022-09-30T16:00:00Z,2026-09-10T16:00:00Z
acc_000252,Kavi Consulting,Kavi Consulting S.A.,kaviconsulting.co.example,CO,Professional Services,45,11-50,1-5M,False,target_list,tl_2026_10_w3,prospect,,complete,2026-07-25T16:00:00Z,0,,,2023-10-03T16:00:00Z,2026-09-21T16:00:00Z
acc_000253,Cencen Manufacturing,Cencen Manufacturing Ltda.,cencenmanufacturing.br.example,BR,Manufacturing,11,11-50,1-5M,False,target_list,tl_2026_10_w3,prospect,ae_033,complete,2026-09-17T16:00:00Z,0,,,2026-09-01T16:00:00Z,2026-09-14T16:00:00Z
acc_000254,Kafo Clinic,Kafo Clinic S.A. de C.V.,kafoclinic.mx.example,MX,Healthcare,399,201-500,5-20M,False,target_list,tl_2026_10_w4,prospect,ae_001,complete,2026-08-22T16:00:00Z,0,,,2023-01-09T16:00:00Z,2026-09-17T16:00:00Z
acc_000255,Marix,Marix Ltda.,marix.br.example,BR,Food & Beverage,72,51-200,5-20M,True,inbound_form,tl_2026_10_w2,prospect,,complete,2026-07-26T16:00:00Z,0,,,2024-06-06T16:00:00Z,2026-09-12T16:00:00Z
acc_000256,Aldo Freight,Aldo Freight Ltda.,aldofreight.co.example,CO,Logistics & Transportation,11,11-50,1-5M,True,target_list,tl_2026_10_w2,prospect,,complete,2026-08-29T16:00:00Z,0,,,2025-07-12T16:00:00Z,2026-09-14T16:00:00Z
acc_000257,Giqui Mercantile,Giqui Mercantile Ltda.,giquimercantile.co.example,CO,Retail & Commerce,105,51-200,5-20M,False,target_list,tl_2026_10_w2,prospect,,complete,2026-09-09T16:00:00Z,0,,,2023-06-09T16:00:00Z,2026-09-15T16:00:00Z
acc_000258,Cajo,Cajo S.A. de C.V.,cajo.mx.example,MX,Healthcare,212,201-500,5-20M,False,target_list,tl_2026_10_w1,prospect,,complete,2026-08-29T16:00:00Z,0,,,2024-11-08T16:00:00Z,2026-09-21T16:00:00Z
acc_000259,Freight Arren,Freight Arren EIRELI,arrenfreight.br.example,BR,Logistics & Transportation,23,11-50,1-5M,False,target_list,tl_2026_10_w3,prospect,ae_033,complete,2026-09-06T16:00:00Z,0,,,2023-05-06T16:00:00Z,2026-09-09T16:00:00Z
acc_000260,Group Nexper,Group Nexper S.A.P.I. de C.V.,nexper.mx.example,MX,Retail & Commerce,575,501-1000,100M+,False,target_list,tl_2026_10_w2,customer,,complete,2026-08-02T16:00:00Z,0,2024-10-07,,2026-05-28T16:00:00Z,2026-09-18T16:00:00Z
acc_000261,Logistics Cimin,Logistics Cimin S.R.L.,ciminlogistics.ar.example,AR,Logistics & Transportation,383,201-500,,False,partner_referral,tl_2026_10_w3,prospect,,partial,2026-08-14T16:00:00Z,0,,,2026-08-06T16:00:00Z,2026-09-25T16:00:00Z
acc_000262,Digital Vijo,Digital Vijo S.A.,vijodigital.ar.example,AR,Technology & Software,388,201-500,,False,target_list,tl_2026_10_w3,prospect,,partial,2026-09-10T16:00:00Z,0,,,2024-11-29T16:00:00Z,2026-09-16T16:00:00Z
acc_000263,Education Perma,Education Perma S.A.C.,permaeducation.pe.example,PE,Education,127,51-200,5-20M,False,target_list,tl_2026_10_w5,prospect,,complete,2026-07-31T16:00:00Z,0,,,2024-09-25T16:00:00Z,2026-09-03T16:00:00Z
acc_000264,Quitor Health,Quitor Health S.A.,quitorhealth.co.example,CO,Healthcare,19,11-50,1-5M,True,target_list,tl_2026_10_w1,customer,,complete,2026-08-12T16:00:00Z,0,2026-01-27,,2024-03-19T16:00:00Z,2026-09-04T16:00:00Z
acc_000265,Gourmet Pidor,Gourmet Pidor Ltda.,pidorgourmet.br.example,BR,Food & Beverage,11,11-50,<1M,False,target_list,tl_2026_10_w1,prospect,,complete,2026-08-26T16:00:00Z,0,,,2023-07-10T16:00:00Z,2026-09-07T16:00:00Z
acc_000266,Advisors Marba,Advisors Marba S.A.P.I. de C.V.,marbaadvisors.mx.example,MX,Professional Services,712,501-1000,,False,target_list,tl_2026_10_w5,prospect,ae_007,partial,2026-08-29T16:00:00Z,0,,,2025-01-24T16:00:00Z,2026-09-10T16:00:00Z
acc_000267,Health Yraar,Health Yraar S.R.L.,yraarhealth.ar.example,AR,Healthcare,225,201-500,,False,target_list,tl_2026_10_w4,prospect,,partial,2026-08-03T16:00:00Z,2,,,2023-10-25T16:00:00Z,2026-09-11T16:00:00Z
acc_000268,Emar,Emar S.R.L.,emar.ar.example,AR,Retail & Commerce,22,11-50,1-5M,False,target_list,tl_2026_10_w1,prospect,,complete,2026-08-19T16:00:00Z,0,,,2024-04-23T16:00:00Z,2026-09-17T16:00:00Z
acc_000269,Renlis,Renlis S. de R.L. de C.V.,renlis.mx.example,MX,Manufacturing,38,11-50,1-5M,True,partner_referral,tl_2026_10_w2,prospect,,complete,2026-08-03T16:00:00Z,0,,,2025-10-20T16:00:00Z,2026-09-16T16:00:00Z
acc_000270,Group Panfo,Group Panfo S.A.,panfo.br.example,BR,Technology & Software,710,501-1000,100M+,False,target_list,tl_2026_10_w1,prospect,,partial,2026-08-18T16:00:00Z,0,,,2023-12-18T16:00:00Z,2026-09-05T16:00:00Z
acc_000271,Mocu Medical,Mocu Medical S.A.,mocumedical.ar.example,AR,Healthcare,56,51-200,1-5M,True,event_scan,tl_2026_10_w2,prospect,,complete,2026-09-04T16:00:00Z,0,,,2026-04-04T16:00:00Z,2026-09-26T16:00:00Z
acc_000272,Group Moyra,Group Moyra S.A.P.I. de C.V.,moyra.mx.example,MX,Healthcare,87,51-200,5-20M,False,target_list,tl_2026_10_w1,prospect,,complete,2026-09-23T16:00:00Z,0,,,2025-09-13T16:00:00Z,2026-09-29T16:00:00Z
acc_000273,Freight Cucu,Freight Cucu S.A. de C.V.,cucufreight.mx.example,MX,Logistics & Transportation,456,201-500,20-100M,False,target_list,tl_2026_10_w2,prospect,,complete,2026-08-16T16:00:00Z,0,,,2025-07-05T16:00:00Z,2026-09-17T16:00:00Z
acc_000274,Fervi,Fervi S.A.P.I. de C.V.,fervi.mx.example,MX,Manufacturing,12,11-50,1-5M,False,target_list,tl_2026_10_w5,prospect,,complete,2026-09-13T16:00:00Z,0,,,2025-03-29T16:00:00Z,2026-09-03T16:00:00Z
acc_000275,Solnex,Solnex S. de R.L. de C.V.,solnex.mx.example,MX,Manufacturing,67,51-200,,False,event_scan,tl_2026_10_w2,prospect,,partial,2026-09-27T16:00:00Z,0,,,2024-11-24T16:00:00Z,2026-09-04T16:00:00Z
acc_000276,Group Baix,Group Baix Ltda.,baix.co.example,CO,Marketing & Media,12,11-50,<1M,False,target_list,tl_2026_10_w4,prospect,ae_026,complete,2026-09-27T16:00:00Z,0,,,2025-12-01T16:00:00Z,2026-09-02T16:00:00Z
acc_000277,Group Mojo,Group Mojo S.A. de C.V.,mojo.mx.example,MX,Marketing & Media,99,51-200,5-20M,False,target_list,tl_2026_10_w1,prospect,ae_007,complete,2026-08-29T16:00:00Z,0,,,2024-03-17T16:00:00Z,2026-09-17T16:00:00Z
acc_000278,Builders Vergal,Builders Vergal SpA,vergalbuilders.cl.example,CL,Construction & Real Estate,11,11-50,1-5M,True,target_list,tl_2026_10_w3,prospect,ae_034,complete,2026-08-05T16:00:00Z,0,,,2025-04-23T16:00:00Z,2026-09-23T16:00:00Z
acc_000279,Batra,Batra S.A.,batra.co.example,CO,Retail & Commerce,186,51-200,,False,target_list,tl_2026_10_w2,prospect,,partial,2026-08-29T16:00:00Z,0,,,2022-09-25T16:00:00Z,2026-09-16T16:00:00Z
acc_000280,Vifo Realty,Vifo Realty S. de R.L. de C.V.,viforealty.mx.example,MX,Construction & Real Estate,16,11-50,1-5M,False,target_list,tl_2026_10_w5,prospect,,complete,2026-09-26T16:00:00Z,0,,,2026-02-12T16:00:00Z,2026-09-08T16:00:00Z
acc_000281,Digital Belpan,Digital Belpan S.A. de C.V.,belpandigital.mx.example,MX,Technology & Software,53,51-200,5-20M,False,event_scan,tl_2026_10_w3,prospect,,complete,2026-07-28T16:00:00Z,0,,,2024-06-21T16:00:00Z,2026-09-11T16:00:00Z
acc_000282,Group Solgal,Group Solgal EIRELI,solgal.br.example,BR,Construction & Real Estate,83,51-200,,False,target_list,tl_2026_10_w1,prospect,,partial,2026-07-27T16:00:00Z,0,,,2023-06-18T16:00:00Z,2026-09-19T16:00:00Z
acc_000283,Panro,Panro S.A.P.I. de C.V.,panro.mx.example,MX,Manufacturing,186,51-200,20-100M,False,target_list,tl_2026_10_w1,prospect,,complete,2026-09-25T16:00:00Z,0,,,2024-06-09T16:00:00Z,2026-09-04T16:00:00Z
acc_000284,Group Arsa,Group Arsa S. de R.L. de C.V.,arsa.mx.example,MX,Retail & Commerce,34,11-50,1-5M,False,target_list,tl_2026_10_w4,prospect,,complete,2026-08-06T16:00:00Z,0,,,2024-08-19T16:00:00Z,2026-09-30T16:00:00Z
acc_000285,Group Panni,Group Panni S.A.P.I. de C.V.,panni.mx.example,MX,Food & Beverage,85,51-200,5-20M,False,target_list,tl_2026_10_w2,prospect,,complete,2026-08-06T16:00:00Z,0,,,2024-02-16T16:00:00Z,2026-09-10T16:00:00Z
acc_000286,Developments Mintra,Developments Mintra S.A.,mintradevelopments.br.example,BR,Construction & Real Estate,315,201-500,20-100M,True,target_list,tl_2026_10_w5,churned_customer,,complete,2026-08-11T16:00:00Z,0,2025-07-14,2026-04-15,2025-11-08T16:00:00Z,2026-09-22T16:00:00Z
acc_000287,Group Taka,Group Taka S.A.P.I. de C.V.,taka.mx.example,MX,Manufacturing,35,11-50,5-20M,False,target_list,tl_2026_10_w2,prospect,ae_031,complete,2026-07-28T16:00:00Z,0,,,2025-05-11T16:00:00Z,2026-09-05T16:00:00Z
acc_000288,Group Zutor,Group Zutor S.A.,zutor.br.example,BR,Energy & Mining,201,201-500,20-100M,False,target_list,tl_2026_10_w5,prospect,,complete,2026-08-10T16:00:00Z,0,,,2023-03-08T16:00:00Z,2026-09-12T16:00:00Z
acc_000289,Lismo Tech,Lismo Tech S.A.,lismotech.ar.example,AR,Technology & Software,138,51-200,5-20M,False,target_list,tl_2026_10_w4,prospect,,complete,2026-09-07T16:00:00Z,0,,,2024-08-22T16:00:00Z,2026-09-22T16:00:00Z
acc_000290,Petrochemicals Ulmer,Petrochemicals Ulmer SpA,ulmerpetrochemicals.cl.example,CL,Energy & Mining,49,11-50,5-20M,False,target_list,tl_2026_10_w3,prospect,,complete,2026-08-21T16:00:00Z,0,,,2024-03-29T16:00:00Z,2026-09-24T16:00:00Z
acc_000291,Group Tari,Group Tari S.A.P.I. de C.V.,tari.mx.example,MX,Food & Beverage,45,11-50,1-5M,True,target_list,tl_2026_10_w1,prospect,,complete,2026-09-10T16:00:00Z,0,,,2024-02-28T16:00:00Z,2026-09-07T16:00:00Z
acc_000292,Cargo Panci,Cargo Panci S.A. de C.V.,pancicargo.mx.example,MX,Logistics & Transportation,53,51-200,1-5M,True,target_list,tl_2026_10_w3,prospect,,complete,2026-08-03T16:00:00Z,0,,,2025-03-02T16:00:00Z,2026-09-08T16:00:00Z
acc_000293,Consulting Panni,Consulting Panni EIRELI,panniconsulting.br.example,BR,Professional Services,280,201-500,20-100M,False,partner_referral,tl_2026_10_w4,prospect,,complete,2026-09-22T16:00:00Z,0,,,2024-03-18T16:00:00Z,2026-09-02T16:00:00Z
acc_000294,Tenper,Tenper S. de R.L. de C.V.,tenper.mx.example,MX,Food & Beverage,21,11-50,1-5M,False,target_list,tl_2026_10_w4,prospect,,complete,2026-08-23T16:00:00Z,0,,,2024-02-05T16:00:00Z,2026-09-28T16:00:00Z
acc_000295,Group Galro,Group Galro S.A.P.I. de C.V.,galro.mx.example,MX,Food & Beverage,324,201-500,20-100M,True,target_list,tl_2026_10_w4,prospect,,complete,2026-09-04T16:00:00Z,0,,,2025-07-31T16:00:00Z,2026-09-15T16:00:00Z
acc_000296,Beverages Marten,Beverages Marten S.A.S.,martenbeverages.co.example,CO,Food & Beverage,58,51-200,1-5M,False,inbound_form,tl_2026_10_w2,prospect,,complete,2026-08-17T16:00:00Z,0,,,2026-04-27T16:00:00Z,2026-09-20T16:00:00Z
acc_000297,Industries Tato,Industries Tato S.A.,tatoindustries.co.example,CO,Manufacturing,4,1-10,<1M,False,target_list,tl_2026_10_w2,prospect,,complete,2026-08-02T16:00:00Z,0,,,2024-09-12T16:00:00Z,2026-10-01T16:00:00Z
acc_000298,Clinic Perni,Clinic Perni S. de R.L. de C.V.,perniclinic.mx.example,MX,Healthcare,26,11-50,1-5M,True,target_list,tl_2026_10_w1,prospect,,complete,2026-07-24T16:00:00Z,0,,,2026-07-11T16:00:00Z,2026-09-24T16:00:00Z
acc_000299,Tech Fofer,Tech Fofer S.A.,fofertech.ar.example,AR,Technology & Software,65,51-200,,True,target_list,tl_2026_10_w4,customer,,partial,2026-07-24T16:00:00Z,0,2026-01-25,,2026-06-17T16:00:00Z,2026-09-30T16:00:00Z
acc_000300,Foundation of Galbel,Foundation of Galbel S.A.P.I. de C.V.,galbelfoundation.mx.example,MX,Nonprofit,22,11-50,1-5M,False,event_scan,tl_2026_10_w3,prospect,,complete,2026-09-24T16:00:00Z,0,,,2023-07-04T16:00:00Z,2026-09-11T16:00:00Z
acc_000301,Group Giva,Group Giva S. de R.L. de C.V.,giva.mx.example,MX,Retail & Commerce,23,11-50,1-5M,False,target_list,tl_2026_10_w2,prospect,,complete,2026-07-24T16:00:00Z,0,,,2024-06-11T16:00:00Z,2026-09-02T16:00:00Z
acc_000302,Fermin,Fermin S. de R.L. de C.V.,fermin.mx.example,MX,Retail & Commerce,35,11-50,,False,target_list,tl_2026_10_w1,prospect,ae_037,partial,2026-08-15T16:00:00Z,0,,,2025-06-19T16:00:00Z,2026-09-20T16:00:00Z
acc_000303,Quiver Health,Quiver Health S.A.,quiverhealth.ar.example,AR,Healthcare,170,51-200,20-100M,True,target_list,tl_2026_10_w5,prospect,,complete,2026-08-07T16:00:00Z,0,,,2024-12-26T16:00:00Z,2026-09-19T16:00:00Z
acc_000304,Foods Roci,Foods Roci S.A.,rocifoods.ar.example,AR,Food & Beverage,675,501-1000,,True,target_list,tl_2026_10_w1,churned_customer,,partial,2026-08-07T16:00:00Z,0,2025-08-03,2025-10-22,2024-06-11T16:00:00Z,2026-09-21T16:00:00Z
acc_000305,Group Cenca,Group Cenca S.A. de C.V.,cenca.mx.example,MX,Manufacturing,140,51-200,5-20M,True,target_list,tl_2026_10_w3,prospect,ae_019,complete,2026-08-03T16:00:00Z,0,,,2023-01-16T16:00:00Z,2026-09-09T16:00:00Z
acc_000306,Altor,Altor S.A.P.I. de C.V.,altor.mx.example,MX,Agribusiness,624,501-1000,20-100M,False,target_list,tl_2026_10_w3,prospect,ae_037,complete,2026-09-20T16:00:00Z,0,,,2024-07-22T16:00:00Z,2026-09-22T16:00:00Z
acc_000307,Piqui Beverages,Piqui Beverages Ltda.,piquibeverages.co.example,CO,Food & Beverage,54,51-200,,False,target_list,tl_2026_10_w4,prospect,,partial,2026-08-12T16:00:00Z,0,,,2023-03-17T16:00:00Z,2026-09-17T16:00:00Z
acc_000308,Quisa,Quisa Ltda.,quisa.br.example,BR,Food & Beverage,133,51-200,20-100M,True,target_list,tl_2026_10_w3,prospect,,complete,2026-08-02T16:00:00Z,0,,,2026-05-06T16:00:00Z,2026-09-19T16:00:00Z
acc_000309,Ulgal Systems,Ulgal Systems S. de R.L. de C.V.,ulgalsystems.mx.example,MX,Technology & Software,51,51-200,5-20M,False,event_scan,tl_2026_10_w1,customer,,complete,2026-07-30T16:00:00Z,0,2025-03-22,,2025-12-30T16:00:00Z,2026-09-15T16:00:00Z
acc_000310,Arqui,Arqui S.A.P.I. de C.V.,arqui.mx.example,MX,Professional Services,185,51-200,20-100M,False,target_list,tl_2026_10_w4,prospect,,complete,2026-09-24T16:00:00Z,0,,,2025-01-06T16:00:00Z,2026-09-25T16:00:00Z
acc_000311,Farms Minca,Farms Minca S.A.,mincafarms.ar.example,AR,Agribusiness,42,11-50,1-5M,False,event_scan,tl_2026_10_w2,prospect,,complete,2026-09-10T16:00:00Z,0,,,2023-12-16T16:00:00Z,2026-09-28T16:00:00Z
acc_000312,Cargo Sama,Cargo Sama S. de R.L. de C.V.,samacargo.mx.example,MX,Logistics & Transportation,11,11-50,1-5M,False,event_scan,tl_2026_10_w5,prospect,,complete,2026-07-28T16:00:00Z,0,,,2022-11-30T16:00:00Z,2026-09-12T16:00:00Z
acc_000313,Roem Digital,Roem Digital S.A. de C.V.,roemdigital.mx.example,MX,Technology & Software,63,51-200,5-20M,True,target_list,tl_2026_10_w1,prospect,ae_001,complete,2026-08-22T16:00:00Z,0,,,2023-02-09T16:00:00Z,2026-09-30T16:00:00Z
acc_000314,Zudor,Zudor S.A.S.,zudor.co.example,CO,Agribusiness,284,201-500,20-100M,False,target_list,tl_2026_10_w1,customer,,complete,2026-08-17T16:00:00Z,0,2025-06-22,,2024-11-22T16:00:00Z,2026-09-12T16:00:00Z
acc_000315,Toor Systems,Toor Systems Ltda.,toorsystems.co.example,CO,Technology & Software,11,11-50,<1M,False,target_list,tl_2026_10_w1,prospect,,complete,2026-09-11T16:00:00Z,0,,,2024-01-22T16:00:00Z,2026-09-26T16:00:00Z
acc_000316,Nexto Clinic,Nexto Clinic S.A.P.I. de C.V.,nextoclinic.mx.example,MX,Healthcare,238,201-500,20-100M,False,partner_referral,tl_2026_10_w4,prospect,,complete,2026-08-30T16:00:00Z,0,,,2025-06-28T16:00:00Z,2026-09-07T16:00:00Z
acc_000317,Group Moca,Group Moca S.A.,moca.co.example,CO,Food & Beverage,47,11-50,5-20M,False,target_list,tl_2026_10_w4,prospect,,complete,2026-09-21T16:00:00Z,0,,,2025-04-30T16:00:00Z,2026-09-13T16:00:00Z
acc_000318,Systems Maix,Systems Maix S.R.L.,maixsystems.ar.example,AR,Technology & Software,518,501-1000,,False,target_list,tl_2026_10_w3,prospect,,partial,2026-09-14T16:00:00Z,0,,,2026-01-03T16:00:00Z,2026-10-01T16:00:00Z
acc_000319,Lulo Systems,Lulo Systems EIRELI,lulosystems.br.example,BR,Technology & Software,54,51-200,5-20M,False,target_list,tl_2026_10_w2,prospect,,complete,2026-09-13T16:00:00Z,0,,,2024-09-12T16:00:00Z,2026-09-13T16:00:00Z
acc_000320,Dori Harvest,Dori Harvest Ltda.,doriharvest.cl.example,CL,Agribusiness,218,201-500,,True,target_list,tl_2026_10_w3,prospect,,partial,2026-07-24T16:00:00Z,0,,,2026-05-21T16:00:00Z,2026-09-16T16:00:00Z
acc_000321,Systems Ixpan,Systems Ixpan S.A. de C.V.,ixpansystems.mx.example,MX,Technology & Software,51,51-200,,False,target_list,tl_2026_10_w5,prospect,,partial,2026-09-27T16:00:00Z,0,,,2024-12-25T16:00:00Z,2026-09-23T16:00:00Z
acc_000322,Balis Services,Balis Services S. de R.L. de C.V.,balisservices.mx.example,MX,Professional Services,29,11-50,1-5M,False,target_list,tl_2026_10_w5,prospect,,complete,2026-09-13T16:00:00Z,0,,,2024-08-30T16:00:00Z,2026-09-12T16:00:00Z
acc_000323,Pior Realty SAS,Pior Realty SAS,piorrealty.co.example,CO,Construction & Real Estate,51,51-200,1-5M,False,target_list,tl_2026_10_w2,prospect,,complete,2026-09-20T16:00:00Z,0,,,2026-09-14T16:00:00Z,2026-09-07T16:00:00Z
acc_000324,Dorba Studio,Dorba Studio Ltda.,dorbastudio.br.example,BR,Marketing & Media,51,51-200,,False,target_list,tl_2026_10_w2,prospect,,partial,2026-08-24T16:00:00Z,0,,,2023-10-13T16:00:00Z,2026-09-09T16:00:00Z
acc_000325,Allu,Allu S.A. de C.V.,allu.mx.example,MX,Manufacturing,16,11-50,<1M,True,target_list,tl_2026_10_w4,prospect,,complete,2026-09-06T16:00:00Z,0,,,2023-06-08T16:00:00Z,2026-09-12T16:00:00Z
acc_000326,Gifer Harvest,Gifer Harvest S.A.P.I. de C.V.,giferharvest.mx.example,MX,Agribusiness,54,51-200,5-20M,False,target_list,tl_2026_10_w1,prospect,,complete,2026-09-03T16:00:00Z,0,,,2022-09-19T16:00:00Z,2026-09-27T16:00:00Z
acc_000327,Fosa Hotels,Fosa Hotels S. de R.L. de C.V.,fosahotels.mx.example,MX,Tourism & Hospitality,306,201-500,20-100M,False,target_list,tl_2026_10_w4,prospect,ae_007,complete,2026-09-21T16:00:00Z,0,,,2026-02-20T16:00:00Z,2026-09-22T16:00:00Z
acc_000328,Health Cuma,Health Cuma S.A. de C.V.,cumahealth.mx.example,MX,Healthcare,375,201-500,20-100M,False,inbound_form,tl_2026_10_w5,prospect,,complete,2026-09-02T16:00:00Z,0,,,2025-01-05T16:00:00Z,2026-09-18T16:00:00Z
acc_000329,Torcen Energy,Torcen Energy S.A.P.I. de C.V.,torcenenergy.mx.example,MX,Energy & Mining,62,51-200,5-20M,False,target_list,tl_2026_10_w5,prospect,,complete,2026-09-04T16:00:00Z,0,,,2026-05-30T16:00:00Z,2026-09-22T16:00:00Z
acc_000330,Group Ixba,Group Ixba S.A.,ixba.ar.example,AR,Food & Beverage,193,51-200,5-20M,False,target_list,tl_2026_10_w1,prospect,ae_035,complete,2026-09-08T16:00:00Z,0,,,2024-05-07T16:00:00Z,2026-09-21T16:00:00Z
acc_000331,Nexper,Nexper,nexper.mx.example,MX,Retail & Commerce,575,501-1000,100M+,False,target_list,tl_2026_10_w2,prospect,,complete,2026-08-08T16:00:00Z,0,,,2026-09-29T16:00:00Z,2026-09-23T16:00:00Z
acc_000332,Systems Verne,Systems Verne S.A. de C.V.,vernesystems.mx.example,MX,Technology & Software,193,51-200,5-20M,False,target_list,tl_2026_10_w2,prospect,ae_013,complete,2026-07-23T16:00:00Z,0,,,2022-12-08T16:00:00Z,2026-10-01T16:00:00Z
acc_000333,Group Tofer,Group Tofer S.A.,tofer.co.example,CO,Healthcare,147,51-200,5-20M,False,partner_referral,tl_2026_10_w3,prospect,,complete,2026-08-02T16:00:00Z,0,,,2025-03-12T16:00:00Z,2026-09-05T16:00:00Z
acc_000334,Nigal Freight,Nigal Freight Ltda.,nigalfreight.co.example,CO,Logistics & Transportation,108,51-200,5-20M,True,target_list,tl_2026_10_w2,prospect,,complete,2026-09-18T16:00:00Z,0,,,2022-10-24T16:00:00Z,2026-09-24T16:00:00Z
acc_000335,Meror,Meror S.A.S.,meror.co.example,CO,Energy & Mining,296,201-500,,False,target_list,tl_2026_10_w1,prospect,,partial,2026-08-06T16:00:00Z,0,,,2024-07-01T16:00:00Z,2026-09-09T16:00:00Z
acc_000336,Manufacturing Kaul,Manufacturing Kaul Ltda.,kaulmanufacturing.co.example,CO,Manufacturing,802,501-1000,100M+,False,target_list,tl_2026_10_w2,prospect,,complete,2026-08-24T16:00:00Z,0,,,2024-10-13T16:00:00Z,2026-09-27T16:00:00Z
acc_000337,Group Balu,Group Balu S. de R.L. de C.V.,balu.mx.example,MX,Agribusiness,17,11-50,1-5M,False,target_list,tl_2026_10_w3,prospect,,complete,2026-09-17T16:00:00Z,0,,,2024-07-11T16:00:00Z,2026-10-01T16:00:00Z
acc_000338,Group Roul,Group Roul Ltda.,roul.co.example,CO,Healthcare,55,51-200,1-5M,True,target_list,tl_2026_10_w4,prospect,,complete,2026-08-02T16:00:00Z,0,,,2025-05-19T16:00:00Z,2026-09-05T16:00:00Z
acc_000339,Marlis,Marlis Ltda.,marlis.br.example,BR,Tourism & Hospitality,52,51-200,,False,target_list,tl_2026_10_w4,prospect,,partial,2026-09-26T16:00:00Z,0,,,2025-01-10T16:00:00Z,2026-09-25T16:00:00Z
acc_000340,Group Cuca,Group Cuca Ltda.,cuca.br.example,BR,Healthcare,524,501-1000,20-100M,True,target_list,tl_2026_10_w5,prospect,,complete,2026-08-20T16:00:00Z,0,,,2025-09-02T16:00:00Z,2026-10-01T16:00:00Z
acc_000341,Zupi Builders,Zupi Builders S. de R.L. de C.V.,zupibuilders.mx.example,MX,Construction & Real Estate,21,11-50,1-5M,False,target_list,tl_2026_10_w1,prospect,,complete,2026-09-02T16:00:00Z,0,,,2025-02-22T16:00:00Z,2026-09-27T16:00:00Z
acc_000342,Renix Manufacturing,Renix Manufacturing S.A.,renixmanufacturing.ar.example,AR,Manufacturing,15,11-50,1-5M,True,inbound_form,tl_2026_10_w5,prospect,,complete,2026-09-05T16:00:00Z,0,,,2026-07-16T16:00:00Z,2026-09-17T16:00:00Z
acc_000343,Group Zulis,Group Zulis S.A. de C.V.,zulis.mx.example,MX,Construction & Real Estate,354,201-500,,False,event_scan,tl_2026_10_w1,prospect,,partial,2026-09-01T16:00:00Z,0,,,2023-12-06T16:00:00Z,2026-09-07T16:00:00Z
acc_000344,Group Lover,Group Lover S.A.P.I. de C.V.,lover.mx.example,MX,Construction & Real Estate,201,201-500,20-100M,True,inbound_form,tl_2026_10_w4,prospect,,complete,2026-09-16T16:00:00Z,0,,,2024-04-08T16:00:00Z,2026-09-24T16:00:00Z
acc_000345,Plastics Luca,Plastics Luca S. de R.L. de C.V.,lucaplastics.mx.example,MX,Manufacturing,18,11-50,1-5M,False,target_list,tl_2026_10_w1,prospect,,complete,2026-09-21T16:00:00Z,0,,,2025-10-07T16:00:00Z,2026-09-16T16:00:00Z
acc_000346,Group Ciix,Group Ciix S.A.,ciix.co.example,CO,Construction & Real Estate,978,501-1000,100M+,False,target_list,tl_2026_10_w5,prospect,,complete,2026-07-23T16:00:00Z,0,,,2026-01-05T16:00:00Z,2026-09-05T16:00:00Z
acc_000347,Health Vaca,Health Vaca S.A.,vacahealth.co.example,CO,Healthcare,103,51-200,5-20M,False,target_list,tl_2026_10_w5,prospect,,complete,2026-09-07T16:00:00Z,0,,,2023-12-14T16:00:00Z,2026-10-01T16:00:00Z
acc_000348,Agro Nexpi,Agro Nexpi Ltda.,nexpiagro.br.example,BR,Agribusiness,65,51-200,5-20M,False,target_list,tl_2026_10_w5,prospect,,complete,2026-08-16T16:00:00Z,0,,,2025-12-18T16:00:00Z,2026-09-21T16:00:00Z
acc_000349,Medical Martra,Medical Martra S.A.P.I. de C.V.,martramedical.mx.example,MX,Healthcare,57,51-200,5-20M,False,inbound_form,tl_2026_10_w3,prospect,,complete,2026-08-24T16:00:00Z,0,,,2026-07-06T16:00:00Z,2026-09-28T16:00:00Z
acc_000350,Mining Joem,Mining Joem S.A.,joemmining.ar.example,AR,Energy & Mining,11,11-50,1-5M,False,target_list,tl_2026_10_w1,prospect,,complete,2026-08-25T16:00:00Z,0,,,2024-05-02T16:00:00Z,2026-09-29T16:00:00Z
acc_000351,Group Torri,Group Torri S.A. de C.V.,torri.mx.example,MX,Technology & Software,102,51-200,5-20M,False,target_list,tl_2026_10_w1,prospect,,complete,2026-08-29T16:00:00Z,0,,,2026-06-13T16:00:00Z,2026-09-30T16:00:00Z
acc_000352,Freight Tomin,Freight Tomin EIRELI,tominfreight.br.example,BR,Logistics & Transportation,1050,1000+,20-100M,True,inbound_form,tl_2026_10_w2,prospect,,complete,2026-07-29T16:00:00Z,0,,,2024-05-22T16:00:00Z,2026-09-03T16:00:00Z
acc_000353,Nexni Freight,Nexni Freight EIRELI,nexnifreight.br.example,BR,Logistics & Transportation,212,201-500,20-100M,False,target_list,tl_2026_10_w2,prospect,ae_021,complete,2026-08-13T16:00:00Z,0,,,2023-01-03T16:00:00Z,2026-09-22T16:00:00Z
acc_000354,Ricu Plastics,Ricu Plastics EIRELI,ricuplastics.br.example,BR,Manufacturing,12,11-50,<1M,False,target_list,tl_2026_10_w2,prospect,,complete,2026-08-20T16:00:00Z,0,,,2025-04-06T16:00:00Z,2026-09-11T16:00:00Z
acc_000355,Gourmet Nigi,Gourmet Nigi S.A.C.,nigigourmet.pe.example,PE,Food & Beverage,11,11-50,1-5M,False,partner_referral,tl_2026_10_w5,prospect,,complete,2026-08-14T16:00:00Z,0,,,2023-03-28T16:00:00Z,2026-09-11T16:00:00Z
acc_000356,Sollis Gourmet,Sollis Gourmet S.A.P.I. de C.V.,sollisgourmet.mx.example,MX,Food & Beverage,197,51-200,5-20M,True,inbound_form,tl_2026_10_w1,prospect,,complete,2026-09-19T16:00:00Z,0,,,2026-01-24T16:00:00Z,2026-09-05T16:00:00Z
acc_000357,Group Neix,Group Neix Ltda.,neix.co.example,CO,Agribusiness,497,201-500,20-100M,False,target_list,tl_2026_10_w1,prospect,ae_008,complete,2026-08-06T16:00:00Z,0,,,2026-07-19T16:00:00Z,2026-09-20T16:00:00Z
acc_000358,Media Galmar,Media Galmar S.A.P.I. de C.V.,galmarmedia.mx.example,MX,Marketing & Media,725,501-1000,,False,target_list,tl_2026_10_w1,prospect,,partial,2026-09-22T16:00:00Z,0,,,2026-02-27T16:00:00Z,2026-09-19T16:00:00Z
acc_000359,Trading Emmo,Trading Emmo S.A. de C.V.,emmotrading.mx.example,MX,Retail & Commerce,132,51-200,5-20M,False,target_list,tl_2026_10_w5,prospect,,complete,2026-07-26T16:00:00Z,0,,,2025-12-28T16:00:00Z,2026-09-21T16:00:00Z
acc_000360,Tech Yravi,Tech Yravi S.A. de C.V.,yravitech.mx.example,MX,Technology & Software,15,11-50,1-5M,False,target_list,tl_2026_10_w3,prospect,ae_031,complete,2026-09-12T16:00:00Z,0,,,2022-10-24T16:00:00Z,2026-09-25T16:00:00Z
acc_000361,Trading Renbel,Trading Renbel EIRELI,renbeltrading.br.example,BR,Retail & Commerce,60,51-200,1-5M,False,target_list,tl_2026_10_w2,prospect,ae_039,complete,2026-08-31T16:00:00Z,0,,,2023-01-24T16:00:00Z,2026-09-27T16:00:00Z
acc_000362,Verva,Verva S.A.P.I. de C.V.,verva.mx.example,MX,Technology & Software,74,51-200,5-20M,True,target_list,tl_2026_10_w4,prospect,,complete,2026-09-13T16:00:00Z,0,,,2025-04-21T16:00:00Z,2026-09-29T16:00:00Z
acc_000363,ULSOL SYSTEMS,ULSOL SYSTEMS,ulsolsystems.br.example,BR,Technology & Software,55,51-200,5-20M,True,inbound_form,tl_2026_10_w4,prospect,,partial,2026-08-18T16:00:00Z,0,,,2026-09-23T16:00:00Z,2026-10-01T16:00:00Z
acc_000364,Culu,Culu S.A.,culu.pe.example,PE,Healthcare,89,51-200,1-5M,False,target_list,tl_2026_10_w1,prospect,,complete,2026-09-26T16:00:00Z,0,,,2025-05-12T16:00:00Z,2026-09-20T16:00:00Z
acc_000365,Alca,Alca S.R.L.,alca.ar.example,AR,Food & Beverage,511,501-1000,20-100M,False,target_list,tl_2026_10_w1,prospect,,complete,2026-08-23T16:00:00Z,0,,,2022-10-13T16:00:00Z,2026-09-22T16:00:00Z
acc_000366,Group Sava,Group Sava S.A.,sava.co.example,CO,Retail & Commerce,112,51-200,5-20M,False,target_list,tl_2026_10_w1,churned_customer,,complete,2026-08-27T16:00:00Z,0,2025-07-12,2026-05-25,2023-10-20T16:00:00Z,2026-09-12T16:00:00Z
acc_000367,Trading Gibel,Trading Gibel S.A.,gibeltrading.pe.example,PE,Retail & Commerce,266,201-500,20-100M,False,target_list,tl_2026_10_w2,prospect,,complete,2026-08-08T16:00:00Z,0,,,2025-07-12T16:00:00Z,2026-09-12T16:00:00Z
acc_000368,Pando,Pando S.A. de C.V.,pando.mx.example,MX,Professional Services,53,51-200,5-20M,False,target_list,tl_2026_10_w3,prospect,,complete,2026-08-19T16:00:00Z,0,,,2023-12-14T16:00:00Z,2026-09-14T16:00:00Z
acc_000369,Minta,Minta S.A.,minta.co.example,CO,Healthcare,41,11-50,,False,target_list,tl_2026_10_w5,prospect,,partial,2026-09-28T16:00:00Z,0,,,2024-08-29T16:00:00Z,2026-09-29T16:00:00Z
acc_000370,Sani,Sani Ltda.,sani.cl.example,CL,Construction & Real Estate,30,11-50,1-5M,True,target_list,tl_2026_10_w5,prospect,,complete,2026-08-18T16:00:00Z,0,,,2025-04-10T16:00:00Z,2026-09-23T16:00:00Z
acc_000371,Group Moma,Group Moma S.A.,moma.co.example,CO,Professional Services,11,11-50,1-5M,False,target_list,tl_2026_10_w5,prospect,,complete,2026-07-24T16:00:00Z,0,,,2026-01-17T16:00:00Z,2026-09-30T16:00:00Z
acc_000372,Neba Beverages,Neba Beverages EIRELI,nebabeverages.br.example,BR,Food & Beverage,673,501-1000,20-100M,False,target_list,tl_2026_10_w4,customer,,complete,2026-09-15T16:00:00Z,0,2026-04-15,,2025-02-07T16:00:00Z,2026-09-07T16:00:00Z
acc_000373,Services Neix,Services Neix S.A. de C.V.,neixservices.mx.example,MX,Professional Services,48,11-50,5-20M,False,target_list,tl_2026_10_w3,prospect,,complete,2026-09-21T16:00:00Z,0,,,2026-08-13T16:00:00Z,2026-09-18T16:00:00Z
acc_000374,Nexto,Nexto S.A. de C.V.,nexto.mx.example,MX,Technology & Software,71,51-200,5-20M,False,target_list,tl_2026_10_w4,prospect,,complete,2026-08-19T16:00:00Z,0,,,2024-08-19T16:00:00Z,2026-09-10T16:00:00Z
acc_000375,Group Lojo,Group Lojo Ltda.,lojo.co.example,CO,Agribusiness,409,201-500,5-20M,False,target_list,tl_2026_10_w5,prospect,,complete,2026-09-24T16:00:00Z,0,,,2025-04-29T16:00:00Z,2026-09-05T16:00:00Z
acc_000376,Advisors Kaor,Advisors Kaor S.A.,kaoradvisors.cl.example,CL,Professional Services,11,11-50,1-5M,False,target_list,tl_2026_10_w1,prospect,,complete,2026-09-14T16:00:00Z,0,,,2022-09-25T16:00:00Z,2026-09-18T16:00:00Z
acc_000377,Mover Farms,Mover Farms S.A.P.I. de C.V.,moverfarms.mx.example,MX,Agribusiness,17,11-50,<1M,True,target_list,tl_2026_10_w1,prospect,,complete,2026-08-31T16:00:00Z,0,,,2023-10-25T16:00:00Z,2026-09-16T16:00:00Z
acc_000378,Panmer,Panmer S. de R.L. de C.V.,panmer.mx.example,MX,Professional Services,53,51-200,1-5M,False,target_list,tl_2026_10_w1,prospect,,complete,2026-07-26T16:00:00Z,0,,,2024-06-02T16:00:00Z,2026-09-04T16:00:00Z
acc_000379,Galix,Galix S.A.P.I. de C.V.,galix.mx.example,MX,Logistics & Transportation,79,51-200,5-20M,False,inbound_form,tl_2026_10_w2,prospect,,complete,2026-08-28T16:00:00Z,0,,,2025-02-12T16:00:00Z,2026-09-19T16:00:00Z
acc_000380,Cici,Cici S.A.S.,cici.co.example,CO,Tourism & Hospitality,362,201-500,5-20M,False,event_scan,tl_2026_10_w2,prospect,,complete,2026-09-09T16:00:00Z,0,,,2023-09-04T16:00:00Z,2026-09-03T16:00:00Z
acc_000381,Jone,Jone Ltda.,jone.br.example,BR,Food & Beverage,208,201-500,20-100M,False,target_list,tl_2026_10_w2,prospect,,complete,2026-07-26T16:00:00Z,0,,,2023-07-31T16:00:00Z,2026-09-06T16:00:00Z
acc_000382,Group Cacu,Group Cacu S.A.P.I. de C.V.,cacu.mx.example,MX,Professional Services,65,51-200,5-20M,True,target_list,tl_2026_10_w5,prospect,ae_007,complete,2026-09-05T16:00:00Z,0,,,2023-06-10T16:00:00Z,2026-09-11T16:00:00Z
acc_000383,Perpan Travel,Perpan Travel Ltda.,perpantravel.br.example,BR,Tourism & Hospitality,197,51-200,5-20M,False,event_scan,tl_2026_10_w1,prospect,,complete,2026-07-27T16:00:00Z,0,,,2023-02-20T16:00:00Z,2026-09-22T16:00:00Z
acc_000384,Group Ixmar,Group Ixmar S.A.,ixmar.co.example,CO,Technology & Software,12,11-50,<1M,False,target_list,tl_2026_10_w4,customer,,complete,2026-07-31T16:00:00Z,0,2025-01-26,,2022-09-24T16:00:00Z,2026-09-16T16:00:00Z
acc_000385,Consulting Kato,Consulting Kato EIRELI,katoconsulting.br.example,BR,Professional Services,675,501-1000,20-100M,False,target_list,tl_2026_10_w5,prospect,,complete,2026-08-07T16:00:00Z,0,,,2024-03-28T16:00:00Z,2026-09-20T16:00:00Z
acc_000386,Trata Clinic,Trata Clinic S.A.,trataclinic.co.example,CO,Healthcare,7,1-10,<1M,False,target_list,tl_2026_10_w1,prospect,,complete,2026-09-25T16:00:00Z,0,,,2023-02-27T16:00:00Z,2026-09-18T16:00:00Z
acc_000387,Group Doci,Group Doci S.R.L.,doci.ar.example,AR,Construction & Real Estate,47,11-50,5-20M,True,event_scan,tl_2026_10_w1,prospect,,complete,2026-09-28T16:00:00Z,0,,,2024-11-28T16:00:00Z,2026-09-03T16:00:00Z
acc_000388,Joba,Joba S.A.,joba.br.example,BR,Healthcare,190,51-200,5-20M,False,partner_referral,tl_2026_10_w2,prospect,,complete,2026-08-21T16:00:00Z,0,,,2025-03-16T16:00:00Z,2026-09-27T16:00:00Z
acc_000389,Health Mocen,Health Mocen Ltda.,mocenhealth.co.example,CO,Healthcare,515,501-1000,20-100M,False,event_scan,tl_2026_10_w4,prospect,,complete,2026-07-26T16:00:00Z,0,,,2023-12-05T16:00:00Z,2026-09-30T16:00:00Z
acc_000390,Group Yramin,Group Yramin S.A.S.,yramin.co.example,CO,Education,961,501-1000,20-100M,False,target_list,tl_2026_10_w3,prospect,,complete,2026-09-23T16:00:00Z,0,,,2026-07-06T16:00:00Z,2026-09-02T16:00:00Z
acc_000391,Basol,Basol Ltda.,basol.br.example,BR,Technology & Software,5,1-10,<1M,False,target_list,tl_2026_10_w5,prospect,,complete,2026-09-23T16:00:00Z,0,,,2023-11-02T16:00:00Z,2026-09-19T16:00:00Z
acc_000392,Sava,Sava EIRELI,sava.br.example,BR,Marketing & Media,440,201-500,20-100M,False,target_list,tl_2026_10_w3,prospect,ae_027,complete,2026-08-17T16:00:00Z,0,,,2024-03-12T16:00:00Z,2026-10-01T16:00:00Z
acc_000393,Roro Trading,Roro Trading S.A. de C.V.,rorotrading.mx.example,MX,Retail & Commerce,25,11-50,1-5M,False,target_list,tl_2026_10_w3,prospect,,complete,2026-07-29T16:00:00Z,0,,,2024-04-10T16:00:00Z,2026-09-04T16:00:00Z
acc_000394,Vari Agro,Vari Agro S.A.,variagro.br.example,BR,Agribusiness,46,11-50,5-20M,False,event_scan,tl_2026_10_w3,customer,,complete,2026-08-22T16:00:00Z,0,2024-07-16,,2022-09-03T16:00:00Z,2026-09-13T16:00:00Z
acc_000395,Group Ixfer,Group Ixfer Ltda.,ixfer.co.example,CO,Retail & Commerce,481,201-500,20-100M,False,target_list,tl_2026_10_w4,prospect,,complete,2026-08-22T16:00:00Z,0,,,2025-07-01T16:00:00Z,2026-09-16T16:00:00Z
acc_000396,Kafer Mercantile,Kafer Mercantile EIRELI,kafermercantile.br.example,BR,Retail & Commerce,79,51-200,5-20M,False,target_list,tl_2026_10_w1,prospect,ae_027,complete,2026-09-11T16:00:00Z,0,,,2025-01-06T16:00:00Z,2026-09-14T16:00:00Z
acc_000397,Capan Harvest,Capan Harvest SpA,capanharvest.cl.example,CL,Agribusiness,29,11-50,1-5M,False,target_list,tl_2026_10_w2,prospect,,complete,2026-09-13T16:00:00Z,0,,,2025-01-24T16:00:00Z,2026-09-17T16:00:00Z
acc_000398,Joix,Joix Ltda.,joix.br.example,BR,Retail & Commerce,166,51-200,20-100M,False,target_list,tl_2026_10_w4,prospect,,complete,2026-09-28T16:00:00Z,0,,,2023-06-22T16:00:00Z,2026-09-29T16:00:00Z
acc_000399,Marma,Marma Ltda.,marma.co.example,CO,Healthcare,26,11-50,1-5M,False,target_list,tl_2026_10_w1,prospect,,complete,2026-08-21T16:00:00Z,0,,,2025-06-03T16:00:00Z,2026-09-29T16:00:00Z
acc_000400,Tech Marfo,Tech Marfo S.A.,marfotech.pe.example,PE,Technology & Software,51,51-200,5-20M,False,target_list,tl_2026_10_w1,prospect,,complete,2026-09-09T16:00:00Z,0,,,2024-01-03T16:00:00Z,2026-09-05T16:00:00Z
acc_000401,Farms Feryra,Farms Feryra EIRELI,feryrafarms.br.example,BR,Agribusiness,30,11-50,1-5M,False,target_list,tl_2026_10_w2,prospect,,complete,2026-09-06T16:00:00Z,0,,,2024-11-20T16:00:00Z,2026-09-10T16:00:00Z
acc_000402,Mingal Services,Mingal Services EIRELI,mingalservices.br.example,BR,Professional Services,54,51-200,5-20M,False,inbound_form,tl_2026_10_w5,prospect,,complete,2026-08-07T16:00:00Z,0,,,2023-12-19T16:00:00Z,2026-10-01T16:00:00Z
acc_000403,Farms Baci,Farms Baci EIRELI,bacifarms.br.example,BR,Agribusiness,11,11-50,1-5M,False,target_list,tl_2026_10_w1,prospect,,complete,2026-09-07T16:00:00Z,0,,,2026-01-06T16:00:00Z,2026-09-06T16:00:00Z
acc_000404,Quini Education,Quini Education Ltda.,quinieducation.cl.example,CL,Education,19,11-50,1-5M,False,target_list,tl_2026_10_w1,prospect,,complete,2026-08-13T16:00:00Z,0,,,2024-11-08T16:00:00Z,2026-09-25T16:00:00Z
acc_000405,Travel Cici,Travel Cici S. de R.L. de C.V.,cicitravel.mx.example,MX,Tourism & Hospitality,361,201-500,20-100M,False,target_list,tl_2026_10_w5,prospect,,complete,2026-08-22T16:00:00Z,0,,,2022-11-13T16:00:00Z,2026-09-06T16:00:00Z
acc_000406,Group Cial,Group Cial S.A.C.,cial.pe.example,PE,Technology & Software,51,51-200,5-20M,False,target_list,tl_2026_10_w2,prospect,,complete,2026-08-19T16:00:00Z,0,,,2023-05-29T16:00:00Z,2026-09-03T16:00:00Z
acc_000407,Group Cujo,Group Cujo S.A. de C.V.,cujo.mx.example,MX,Agribusiness,143,51-200,5-20M,False,target_list,tl_2026_10_w1,prospect,,complete,2026-07-31T16:00:00Z,0,,,2023-11-01T16:00:00Z,2026-09-17T16:00:00Z
acc_000408,Group Saver,Group Saver Ltda.,saver.br.example,BR,Logistics & Transportation,16,11-50,<1M,False,target_list,tl_2026_10_w5,prospect,,complete,2026-08-11T16:00:00Z,0,,,2025-12-23T16:00:00Z,2026-10-01T16:00:00Z
acc_000409,Lumer,Lumer Ltda.,lumer.cl.example,CL,Logistics & Transportation,11,11-50,,False,target_list,tl_2026_10_w2,prospect,,partial,2026-09-22T16:00:00Z,0,,,2025-06-05T16:00:00Z,2026-09-29T16:00:00Z
acc_000410,Group Dofo,Group Dofo Ltda.,dofo.br.example,BR,Education,344,201-500,20-100M,False,event_scan,tl_2026_10_w3,prospect,,complete,2026-08-01T16:00:00Z,0,,,2023-08-18T16:00:00Z,2026-09-13T16:00:00Z
acc_000411,Group Nexma,Group Nexma S.A. de C.V.,nexma.mx.example,MX,Manufacturing,25,11-50,1-5M,False,target_list,tl_2026_10_w2,prospect,,complete,2026-09-10T16:00:00Z,0,,,2024-01-09T16:00:00Z,2026-10-01T16:00:00Z
acc_000412,Group Belsol,Group Belsol S.A.,belsol.pe.example,PE,Retail & Commerce,346,201-500,20-100M,False,target_list,tl_2026_10_w1,prospect,,complete,2026-09-13T16:00:00Z,0,,,2022-11-10T16:00:00Z,2026-09-16T16:00:00Z
acc_000413,Group Tormar,Group Tormar S.A.C.,tormar.pe.example,PE,Manufacturing,53,51-200,5-20M,False,target_list,tl_2026_10_w5,prospect,,complete,2026-07-26T16:00:00Z,0,,,2024-04-07T16:00:00Z,2026-09-27T16:00:00Z
acc_000414,Rifo,Rifo EIRELI,rifo.br.example,BR,Manufacturing,52,51-200,5-20M,False,target_list,tl_2026_10_w3,prospect,,complete,2026-09-18T16:00:00Z,0,,,2024-06-03T16:00:00Z,2026-09-19T16:00:00Z
acc_000415,Tenpan Institute,Tenpan Institute S.A.P.I. de C.V.,tenpaninstitute.mx.example,MX,Education,92,51-200,5-20M,True,event_scan,tl_2026_10_w2,prospect,,complete,2026-08-18T16:00:00Z,0,,,2022-10-25T16:00:00Z,2026-09-10T16:00:00Z
acc_000416,Lisri Mercantile,Lisri Mercantile S.A. de C.V.,lisrimercantile.mx.example,MX,Retail & Commerce,49,11-50,,True,target_list,tl_2026_10_w5,prospect,,partial,2026-08-06T16:00:00Z,0,,,2024-04-12T16:00:00Z,2026-09-24T16:00:00Z
acc_000417,Samo Builders,Samo Builders S.A.,samobuilders.ar.example,AR,Construction & Real Estate,11,11-50,1-5M,False,target_list,tl_2026_10_w4,prospect,,complete,2026-09-27T16:00:00Z,0,,,2024-09-23T16:00:00Z,2026-09-12T16:00:00Z
acc_000418,Cenver,Cenver Ltda.,cenver.br.example,BR,Marketing & Media,171,51-200,5-20M,True,target_list,tl_2026_10_w3,prospect,,complete,2026-08-26T16:00:00Z,0,,,2025-08-30T16:00:00Z,2026-09-27T16:00:00Z
acc_000419,Freight Rior,Freight Rior S.A.,riorfreight.ar.example,AR,Logistics & Transportation,206,201-500,,False,target_list,tl_2026_10_w3,prospect,,partial,2026-08-16T16:00:00Z,0,,,2023-09-20T16:00:00Z,2026-09-08T16:00:00Z
acc_000420,Agro Lisdor,Agro Lisdor S. de R.L. de C.V.,lisdoragro.mx.example,MX,Agribusiness,476,201-500,20-100M,False,target_list,tl_2026_10_w2,prospect,,complete,2026-08-30T16:00:00Z,2,,,2023-02-11T16:00:00Z,2026-09-03T16:00:00Z
acc_000421,Group Doar,Group Doar EIRELI,doar.br.example,BR,Construction & Real Estate,9,1-10,<1M,True,inbound_form,tl_2026_10_w4,prospect,,complete,2026-08-03T16:00:00Z,0,,,2024-09-06T16:00:00Z,2026-09-27T16:00:00Z
acc_000422,Group Perem,Group Perem S.A. de C.V.,perem.mx.example,MX,Retail & Commerce,302,201-500,20-100M,False,target_list,tl_2026_10_w4,prospect,,complete,2026-07-24T16:00:00Z,0,,,2023-05-04T16:00:00Z,2026-09-03T16:00:00Z
acc_000423,Tech Luma,Tech Luma Ltda.,lumatech.br.example,BR,Technology & Software,122,51-200,5-20M,False,inbound_form,tl_2026_10_w3,prospect,,complete,2026-09-08T16:00:00Z,0,,,2023-06-27T16:00:00Z,2026-09-27T16:00:00Z
acc_000424,Marketing Saar,Marketing Saar EIRELI,saarmarketing.br.example,BR,Marketing & Media,36,11-50,5-20M,False,target_list,tl_2026_10_w2,customer,,complete,2026-07-24T16:00:00Z,0,2026-07-04,,2023-01-14T16:00:00Z,2026-09-02T16:00:00Z
acc_000425,Niba,Niba S. de R.L. de C.V.,niba.mx.example,MX,Logistics & Transportation,1,1-10,<1M,True,target_list,tl_2026_10_w1,prospect,,complete,2026-09-14T16:00:00Z,0,,,2026-03-22T16:00:00Z,2026-09-18T16:00:00Z
acc_000426,Luvi Tech,Luvi Tech S.A.,luvitech.ar.example,AR,Technology & Software,11,11-50,1-5M,False,event_scan,tl_2026_10_w1,prospect,,complete,2026-08-08T16:00:00Z,0,,,2024-06-25T16:00:00Z,2026-09-11T16:00:00Z
acc_000427,Trading Bapan,Trading Bapan Ltda.,bapantrading.cl.example,CL,Retail & Commerce,392,201-500,,False,target_list,tl_2026_10_w3,prospect,,partial,2026-09-12T16:00:00Z,0,,,2024-12-22T16:00:00Z,2026-10-01T16:00:00Z
acc_000428,Cencen,Cencen S.A. de C.V.,cencen.mx.example,MX,Agribusiness,130,51-200,20-100M,False,target_list,tl_2026_10_w3,prospect,ae_019,complete,2026-09-17T16:00:00Z,0,,,2025-02-03T16:00:00Z,2026-09-09T16:00:00Z
acc_000429,Kaix Advisors,Kaix Advisors S.A.P.I. de C.V.,kaixadvisors.mx.example,MX,Professional Services,119,51-200,5-20M,True,inbound_form,tl_2026_10_w2,prospect,ae_037,complete,2026-08-23T16:00:00Z,0,,,2024-03-01T16:00:00Z,2026-09-23T16:00:00Z
acc_000430,Rini,Rini S.A.P.I. de C.V.,rini.mx.example,MX,Agribusiness,17,11-50,1-5M,False,target_list,tl_2026_10_w1,customer,,complete,2026-08-07T16:00:00Z,0,2026-04-20,,2023-11-20T16:00:00Z,2026-09-19T16:00:00Z
acc_000431,Group Minnex,Group Minnex S.A.,minnex.co.example,CO,Logistics & Transportation,12,11-50,,False,target_list,tl_2026_10_w4,prospect,,partial,2026-09-12T16:00:00Z,0,,,2025-01-24T16:00:00Z,2026-09-22T16:00:00Z
acc_000432,Group Fopi,Group Fopi S.A.P.I. de C.V.,fopi.mx.example,MX,Retail & Commerce,18,11-50,1-5M,False,target_list,tl_2026_10_w3,prospect,,complete,2026-08-31T16:00:00Z,0,,,2025-02-10T16:00:00Z,2026-09-06T16:00:00Z
acc_000433,Alpi Realty,Alpi Realty Ltda.,alpirealty.co.example,CO,Construction & Real Estate,30,11-50,1-5M,False,target_list,tl_2026_10_w5,prospect,,complete,2026-08-21T16:00:00Z,0,,,2025-04-09T16:00:00Z,2026-09-27T16:00:00Z
acc_000434,Ixzu Beverages,Ixzu Beverages S.A.,ixzubeverages.co.example,CO,Food & Beverage,22,11-50,1-5M,False,target_list,tl_2026_10_w3,prospect,,complete,2026-08-17T16:00:00Z,0,,,2025-11-12T16:00:00Z,2026-09-13T16:00:00Z
acc_000435,Group Mover,Group Mover S.A.,mover.br.example,BR,Food & Beverage,75,51-200,5-20M,False,target_list,tl_2026_10_w1,prospect,,complete,2026-08-23T16:00:00Z,0,,,2025-01-02T16:00:00Z,2026-09-22T16:00:00Z
acc_000436,Group Emtra,Group Emtra SpA,emtra.cl.example,CL,Logistics & Transportation,130,51-200,20-100M,False,target_list,tl_2026_10_w2,prospect,,complete,2026-08-14T16:00:00Z,0,,,2023-11-26T16:00:00Z,2026-09-19T16:00:00Z
acc_000437,Viver Health,Viver Health S.A. de C.V.,viverhealth.mx.example,MX,Healthcare,757,501-1000,100M+,False,target_list,tl_2026_10_w4,prospect,,complete,2026-09-09T16:00:00Z,0,,,2025-08-18T16:00:00Z,2026-09-27T16:00:00Z
acc_000438,Manufacturing Verka,Manufacturing Verka EIRELI,verkamanufacturing.br.example,BR,Manufacturing,30,11-50,1-5M,True,target_list,tl_2026_10_w2,prospect,ae_027,complete,2026-08-23T16:00:00Z,0,,,2023-07-26T16:00:00Z,2026-09-08T16:00:00Z
acc_000439,Samo Tech,Samo Tech EIRELI,samotech.br.example,BR,Technology & Software,62,51-200,5-20M,False,target_list,tl_2026_10_w3,prospect,,complete,2026-08-21T16:00:00Z,0,,,2025-12-22T16:00:00Z,2026-09-24T16:00:00Z
acc_000440,Solor Harvest,Solor Harvest EIRELI,solorharvest.br.example,BR,Agribusiness,54,51-200,,False,event_scan,tl_2026_10_w5,prospect,ae_039,partial,2026-09-16T16:00:00Z,0,,,2023-09-11T16:00:00Z,2026-09-21T16:00:00Z
acc_000441,Group Tenqui,Group Tenqui Ltda.,tenqui.br.example,BR,Tourism & Hospitality,12,11-50,1-5M,False,target_list,tl_2026_10_w2,prospect,,complete,2026-08-11T16:00:00Z,0,,,2025-03-26T16:00:00Z,2026-09-21T16:00:00Z
acc_000442,Lunex Logistics,Lunex Logistics S.A.S.,lunexlogistics.co.example,CO,Logistics & Transportation,33,11-50,5-20M,True,target_list,tl_2026_10_w4,churned_customer,,complete,2026-09-22T16:00:00Z,0,2025-05-12,2026-03-26,2026-01-03T16:00:00Z,2026-09-07T16:00:00Z
acc_000443,Cargo Verne,Cargo Verne S.A.P.I. de C.V.,vernecargo.mx.example,MX,Logistics & Transportation,405,201-500,,False,target_list,tl_2026_10_w3,prospect,,partial,2026-08-07T16:00:00Z,0,,,2023-10-17T16:00:00Z,2026-09-16T16:00:00Z
acc_000444,Quido Services,Quido Services EIRELI,quidoservices.br.example,BR,Professional Services,1,1-10,<1M,False,partner_referral,tl_2026_10_w2,prospect,,complete,2026-09-24T16:00:00Z,0,,,2026-02-05T16:00:00Z,2026-09-07T16:00:00Z
acc_000445,Baten,Baten Ltda.,baten.co.example,CO,Manufacturing,11,11-50,1-5M,False,target_list,tl_2026_10_w2,prospect,,complete,2026-08-22T16:00:00Z,0,,,2025-05-16T16:00:00Z,2026-09-03T16:00:00Z
acc_000446,Retail Pido,Retail Pido S. de R.L. de C.V.,pidoretail.mx.example,MX,Retail & Commerce,13,11-50,<1M,True,target_list,tl_2026_10_w3,prospect,ae_001,complete,2026-08-20T16:00:00Z,0,,,2023-07-11T16:00:00Z,2026-09-25T16:00:00Z
acc_000447,Cenqui Builders,Cenqui Builders EIRELI,cenquibuilders.br.example,BR,Construction & Real Estate,51,51-200,5-20M,True,inbound_form,tl_2026_10_w1,prospect,,complete,2026-08-30T16:00:00Z,0,,,2025-12-22T16:00:00Z,2026-09-15T16:00:00Z
acc_000448,Hotels Ricu,Hotels Ricu S.A. de C.V.,ricuhotels.mx.example,MX,Tourism & Hospitality,31,11-50,1-5M,False,partner_referral,tl_2026_10_w5,prospect,,complete,2026-09-25T16:00:00Z,0,,,2022-12-27T16:00:00Z,2026-09-08T16:00:00Z
acc_000449,Ixtor Media,Ixtor Media S.A.P.I. de C.V.,ixtormedia.mx.example,MX,Marketing & Media,280,201-500,20-100M,False,inbound_form,tl_2026_10_w2,prospect,,complete,2026-08-14T16:00:00Z,0,,,2023-11-26T16:00:00Z,2026-09-25T16:00:00Z
acc_000450,Yratra,Yratra S. de R.L. de C.V.,yratra.mx.example,MX,Tourism & Hospitality,319,201-500,20-100M,True,target_list,tl_2026_10_w4,customer,,complete,2026-08-28T16:00:00Z,0,2024-05-18,,2024-06-12T16:00:00Z,2026-09-26T16:00:00Z
acc_000451,Services Cenma,Services Cenma S.A. de C.V.,cenmaservices.mx.example,MX,Professional Services,17,11-50,1-5M,False,target_list,tl_2026_10_w3,prospect,,complete,2026-08-04T16:00:00Z,0,,,2024-04-14T16:00:00Z,2026-09-30T16:00:00Z
acc_000452,Ulsol Systems,Ulsol Systems EIRELI,ulsolsystems.br.example,BR,Technology & Software,55,51-200,5-20M,False,target_list,tl_2026_10_w1,prospect,,complete,2026-08-31T16:00:00Z,0,,,2025-03-04T16:00:00Z,2026-09-13T16:00:00Z
acc_000453,Toem Digital,Toem Digital S. de R.L. de C.V.,toemdigital.mx.example,MX,Technology & Software,20,11-50,1-5M,False,target_list,tl_2026_10_w1,prospect,ae_037,complete,2026-08-12T16:00:00Z,0,,,2023-03-26T16:00:00Z,2026-09-21T16:00:00Z
acc_000454,Gourmet Ferbel,Gourmet Ferbel S.A.,ferbelgourmet.pe.example,PE,Food & Beverage,201,201-500,20-100M,False,inbound_form,tl_2026_10_w1,prospect,,complete,2026-08-11T16:00:00Z,0,,,2025-03-18T16:00:00Z,2026-09-11T16:00:00Z
acc_000455,Industries Safer,Industries Safer S.A.,saferindustries.co.example,CO,Manufacturing,501,501-1000,20-100M,True,target_list,tl_2026_10_w2,prospect,,complete,2026-08-30T16:00:00Z,0,,,2025-12-09T16:00:00Z,2026-09-16T16:00:00Z
acc_000456,Solnex Digital (Matriz),Solnex Digital (Matriz),solnexdigital.co.example,CO,Technology & Software,511,501-1000,20-100M,False,target_list,tl_2026_10_w2,prospect,,complete,2026-08-23T16:00:00Z,0,,,2026-09-30T16:00:00Z,2026-09-26T16:00:00Z
acc_000457,Cimo Gourmet,Cimo Gourmet S.A.,cimogourmet.ar.example,AR,Food & Beverage,16,11-50,1-5M,False,target_list,tl_2026_10_w2,prospect,,complete,2026-08-07T16:00:00Z,0,,,2024-09-21T16:00:00Z,2026-09-15T16:00:00Z
acc_000458,Group Tapan,Group Tapan S.A. de C.V.,tapan.mx.example,MX,Professional Services,51,51-200,5-20M,False,event_scan,tl_2026_10_w4,customer,,complete,2026-08-01T16:00:00Z,0,2026-05-23,,2024-07-23T16:00:00Z,2026-09-03T16:00:00Z
acc_000459,Centor Medical,Centor Medical SpA,centormedical.cl.example,CL,,,,,False,target_list,tl_2026_10_w2,prospect,,partial,2026-09-06T16:00:00Z,0,,,2025-08-02T16:00:00Z,2026-09-29T16:00:00Z
acc_000460,Mazu,Mazu S.A.P.I. de C.V.,mazu.mx.example,MX,Marketing & Media,3424,1000+,100M+,False,target_list,tl_2026_10_w5,customer,,complete,2026-08-15T16:00:00Z,0,2025-08-10,,2025-03-08T16:00:00Z,2026-09-15T16:00:00Z
acc_000461,Zuma,Zuma S.A.,zuma.co.example,CO,Manufacturing,32,11-50,1-5M,False,target_list,tl_2026_10_w3,prospect,,complete,2026-08-02T16:00:00Z,0,,,2023-09-16T16:00:00Z,2026-09-09T16:00:00Z
acc_000462,Group Mofo,Group Mofo S.A.,mofo.co.example,CO,Energy & Mining,133,51-200,5-20M,True,partner_referral,tl_2026_10_w5,customer,,complete,2026-09-25T16:00:00Z,0,2025-11-05,,2025-05-06T16:00:00Z,2026-09-10T16:00:00Z
acc_000463,Ulmar Clinic,Ulmar Clinic S.A.,ulmarclinic.ar.example,AR,Healthcare,59,51-200,5-20M,False,target_list,tl_2026_10_w1,prospect,,complete,2026-09-10T16:00:00Z,0,,,2026-05-20T16:00:00Z,2026-09-09T16:00:00Z
acc_000464,Verni,Verni S.A.P.I. de C.V.,verni.mx.example,MX,Logistics & Transportation,20,11-50,1-5M,False,target_list,tl_2026_10_w3,prospect,ae_001,complete,2026-09-16T16:00:00Z,0,,,2022-08-24T16:00:00Z,2026-09-29T16:00:00Z
acc_000465,Nexlu Health,Nexlu Health Ltda.,nexluhealth.co.example,CO,Healthcare,53,51-200,5-20M,False,target_list,tl_2026_10_w2,prospect,,complete,2026-08-22T16:00:00Z,0,,,2024-11-22T16:00:00Z,2026-09-06T16:00:00Z
acc_000466,Gifer Harvest SAPI de CV,Gifer Harvest SAPI de CV,giferharvest.mx.example,MX,Agribusiness,54,51-200,5-20M,False,target_list,tl_2026_10_w3,prospect,,complete,2026-07-26T16:00:00Z,0,,,2026-09-27T16:00:00Z,2026-09-09T16:00:00Z
acc_000467,Group Doten,Group Doten S.A. de C.V.,doten.mx.example,MX,Healthcare,13,11-50,1-5M,False,target_list,tl_2026_10_w3,prospect,,complete,2026-09-11T16:00:00Z,0,,,2025-09-02T16:00:00Z,2026-09-03T16:00:00Z
acc_000468,Group Dortra,Group Dortra S.A. de C.V.,dortra.mx.example,MX,Food & Beverage,67,51-200,5-20M,False,target_list,tl_2026_10_w4,prospect,,complete,2026-07-25T16:00:00Z,0,,,2023-12-24T16:00:00Z,2026-09-26T16:00:00Z
acc_000469,Group Nezu,Group Nezu S. de R.L. de C.V.,nezu.mx.example,MX,Construction & Real Estate,52,51-200,5-20M,False,target_list,tl_2026_10_w3,prospect,,complete,2026-09-05T16:00:00Z,0,,,2022-12-13T16:00:00Z,2026-09-09T16:00:00Z
acc_000470,Tonex Beverages,Tonex Beverages Ltda.,tonexbeverages.co.example,CO,Food & Beverage,91,51-200,5-20M,False,target_list,tl_2026_10_w5,competitor,,complete,2026-09-20T16:00:00Z,0,,,2023-08-22T16:00:00Z,2026-09-25T16:00:00Z
acc_000471,Panver,Panver S.A.S.,panver.co.example,CO,Technology & Software,95,51-200,5-20M,False,target_list,tl_2026_10_w3,prospect,,complete,2026-09-28T16:00:00Z,0,,,2026-03-01T16:00:00Z,2026-09-02T16:00:00Z
acc_000472,Luta,Luta S.A.,luta.co.example,CO,Healthcare,12,11-50,1-5M,False,target_list,tl_2026_10_w2,churned_customer,,complete,2026-08-22T16:00:00Z,0,2025-05-08,2026-03-31,2023-03-26T16:00:00Z,2026-09-19T16:00:00Z
acc_000473,Group Gicen,Group Gicen S.A. de C.V.,gicen.mx.example,MX,Tourism & Hospitality,51,51-200,5-20M,True,target_list,tl_2026_10_w3,prospect,,complete,2026-09-28T16:00:00Z,0,,,2024-08-01T16:00:00Z,2026-09-14T16:00:00Z
acc_000474,Fersa Medical,Fersa Medical Ltda.,fersamedical.br.example,BR,Healthcare,753,501-1000,20-100M,True,target_list,tl_2026_10_w3,prospect,ae_021,complete,2026-09-23T16:00:00Z,0,,,2023-12-19T16:00:00Z,2026-09-06T16:00:00Z
acc_000475,Malo,Malo Ltda.,malo.br.example,BR,Professional Services,157,51-200,20-100M,False,inbound_form,tl_2026_10_w2,prospect,,complete,2026-09-20T16:00:00Z,0,,,2025-09-29T16:00:00Z,2026-09-29T16:00:00Z
acc_000476,Moyra Industries,Moyra Industries S.A. de C.V.,moyraindustries.mx.example,MX,Manufacturing,125,51-200,20-100M,True,target_list,tl_2026_10_w3,prospect,,complete,2026-08-01T16:00:00Z,0,,,2023-03-17T16:00:00Z,2026-09-12T16:00:00Z
acc_000477,Group Pandor,Group Pandor S.A.C.,pandor.pe.example,PE,Marketing & Media,11,11-50,1-5M,False,target_list,tl_2026_10_w1,prospect,,complete,2026-07-30T16:00:00Z,0,,,2023-08-15T16:00:00Z,2026-09-26T16:00:00Z
acc_000478,Group Cutra,Group Cutra EIRELI,cutra.br.example,BR,Technology & Software,133,51-200,5-20M,False,target_list,tl_2026_10_w2,customer,,complete,2026-09-17T16:00:00Z,0,2025-10-11,,2022-10-06T16:00:00Z,2026-09-08T16:00:00Z
acc_000479,Group Tozu,Group Tozu Ltda.,tozu.cl.example,CL,Retail & Commerce,411,201-500,20-100M,False,inbound_form,tl_2026_10_w2,customer,,complete,2026-09-14T16:00:00Z,0,,,2023-05-19T16:00:00Z,2026-09-07T16:00:00Z
acc_000480,ALPI REALTY,ALPI REALTY,alpirealty.co.example,CO,Construction & Real Estate,30,11-50,1-5M,False,target_list,tl_2026_10_w3,prospect,,complete,2026-09-10T16:00:00Z,0,,,2026-09-13T16:00:00Z,2026-09-23T16:00:00Z
acc_000481,Soldo Manufacturing,Soldo Manufacturing Ltda.,soldomanufacturing.co.example,CO,Manufacturing,26,11-50,,True,target_list,tl_2026_10_w4,prospect,ae_032,partial,2026-08-05T16:00:00Z,0,,,2023-08-16T16:00:00Z,2026-09-18T16:00:00Z
acc_000482,Domer,Domer S.A.S.,domer.co.example,CO,Technology & Software,19,11-50,<1M,False,partner_referral,tl_2026_10_w5,prospect,,complete,2026-09-27T16:00:00Z,0,,,2026-01-15T16:00:00Z,2026-09-08T16:00:00Z
acc_000483,Liszu Cargo,Liszu Cargo S.A.C.,liszucargo.pe.example,PE,Logistics & Transportation,4832,1000+,100M+,True,target_list,tl_2026_10_w3,prospect,,complete,2026-09-24T16:00:00Z,0,,,2025-02-25T16:00:00Z,2026-09-05T16:00:00Z
acc_000484,Merci,Merci S.A. de C.V.,merci.mx.example,MX,Food & Beverage,590,501-1000,20-100M,True,target_list,tl_2026_10_w5,prospect,,complete,2026-08-07T16:00:00Z,0,,,2024-12-27T16:00:00Z,2026-09-12T16:00:00Z
acc_000485,Dormin,Dormin S.A. de C.V.,dormin.mx.example,MX,Technology & Software,43,11-50,1-5M,True,target_list,tl_2026_10_w3,prospect,,complete,2026-09-24T16:00:00Z,0,,,2026-05-28T16:00:00Z,2026-09-13T16:00:00Z
acc_000486,Magi Beverages,Magi Beverages S.A. de C.V.,magibeverages.mx.example,MX,Food & Beverage,92,51-200,5-20M,False,target_list,tl_2026_10_w5,churned_customer,,complete,2026-08-20T16:00:00Z,0,2024-05-27,2025-12-04,2024-10-12T16:00:00Z,2026-09-10T16:00:00Z
acc_000487,Ordor,Ordor EIRELI,ordor.br.example,BR,Manufacturing,28,11-50,1-5M,False,event_scan,tl_2026_10_w3,prospect,,complete,2026-08-31T16:00:00Z,0,,,2024-10-31T16:00:00Z,2026-09-05T16:00:00Z
acc_000488,Minnex Clinic,Minnex Clinic S.A.C.,minnexclinic.pe.example,PE,Healthcare,2320,1000+,,False,target_list,tl_2026_10_w1,prospect,,stale,2026-02-16T16:00:00Z,0,,,2023-11-27T16:00:00Z,2026-09-14T16:00:00Z
acc_000489,Tech Vayra,Tech Vayra S. de R.L. de C.V.,vayratech.mx.example,MX,Technology & Software,4309,1000+,100M+,False,target_list,tl_2026_10_w2,prospect,ae_007,complete,2026-08-03T16:00:00Z,0,,,2026-05-08T16:00:00Z,2026-09-06T16:00:00Z
acc_000490,Trading Batra,Trading Batra S.A.P.I. de C.V.,batratrading.mx.example,MX,Retail & Commerce,66,51-200,1-5M,False,target_list,tl_2026_10_w5,prospect,,complete,2026-09-03T16:00:00Z,0,,,2026-02-05T16:00:00Z,2026-09-08T16:00:00Z
acc_000491,Bapan Digital,Bapan Digital S.A. de C.V.,bapandigital.mx.example,MX,Technology & Software,112,51-200,5-20M,False,target_list,tl_2026_10_w5,competitor,,complete,2026-07-30T16:00:00Z,0,,,2023-09-01T16:00:00Z,2026-09-21T16:00:00Z
acc_000492,Motor Gourmet,Motor Gourmet S.A.P.I. de C.V.,motorgourmet.mx.example,MX,Food & Beverage,51,51-200,5-20M,True,target_list,tl_2026_10_w1,prospect,,complete,2026-07-28T16:00:00Z,0,,,2023-06-15T16:00:00Z,2026-09-12T16:00:00Z
acc_000493,Giri,Giri S.A.P.I. de C.V.,giri.mx.example,MX,Logistics & Transportation,12,11-50,1-5M,False,event_scan,tl_2026_10_w4,prospect,,complete,2026-08-05T16:00:00Z,0,,,2025-06-11T16:00:00Z,2026-09-09T16:00:00Z
acc_000494,Emqui Trading,Emqui Trading S. de R.L. de C.V.,emquitrading.mx.example,MX,Retail & Commerce,357,201-500,20-100M,False,target_list,tl_2026_10_w5,prospect,,complete,2026-08-07T16:00:00Z,0,,,2023-02-21T16:00:00Z,2026-09-26T16:00:00Z
acc_000495,Arver,Arver S. de R.L. de C.V.,arver.mx.example,MX,Tourism & Hospitality,141,51-200,20-100M,False,target_list,tl_2026_10_w1,prospect,,complete,2026-08-25T16:00:00Z,0,,,2024-03-03T16:00:00Z,2026-09-26T16:00:00Z
acc_000496,Orsa Beverages,Orsa Beverages S. de R.L. de C.V.,orsabeverages.mx.example,MX,Food & Beverage,53,51-200,5-20M,False,event_scan,tl_2026_10_w1,prospect,,complete,2026-08-20T16:00:00Z,0,,,2022-12-07T16:00:00Z,2026-09-03T16:00:00Z
acc_000497,Solnex Digital,Solnex Digital S.A.S.,solnexdigital.co.example,CO,Technology & Software,511,501-1000,20-100M,False,target_list,tl_2026_10_w5,prospect,,complete,2026-07-30T16:00:00Z,0,,,2025-05-13T16:00:00Z,2026-09-13T16:00:00Z
acc_000498,Perci,Perci SpA,perci.cl.example,CL,Healthcare,94,51-200,5-20M,True,target_list,tl_2026_10_w4,prospect,,complete,2026-08-01T16:00:00Z,0,,,2024-08-26T16:00:00Z,2026-09-06T16:00:00Z
acc_000499,Systems Pergi,Systems Pergi Ltda.,pergisystems.co.example,CO,Technology & Software,78,51-200,5-20M,True,target_list,tl_2026_10_w4,prospect,,complete,2026-08-08T16:00:00Z,0,,,2024-05-22T16:00:00Z,2026-09-15T16:00:00Z
acc_000500,Cudor,Cudor S.A.S.,cudor.co.example,CO,Agribusiness,132,51-200,,False,target_list,tl_2026_10_w4,customer,,partial,2026-08-05T16:00:00Z,0,2026-07-19,,2025-09-11T16:00:00Z,2026-09-30T16:00:00Z
