ae_id,date,timezone,free_slots
ae_001,2026-10-01,America/Mexico_City,"[""10:30"", ""11:30"", ""12:00"", ""13:30"", ""14:00"", ""14:30"", ""15:30"", ""16:00""]"
ae_001,2026-10-02,America/Mexico_City,"[""10:30"", ""11:00"", ""12:00"", ""12:30"", ""13:00"", ""15:00"", ""15:30"", ""16:00""]"
ae_001,2026-10-05,America/Mexico_City,"[""09:00"", ""10:00"", ""11:00"", ""12:00"", ""15:30"", ""16:00"", ""16:30""]"
ae_001,2026-10-06,America/Mexico_City,"[""09:00"", ""10:30"", ""11:30"", ""13:30"", ""14:00""]"
ae_001,2026-10-07,America/Mexico_City,"[""09:30"", ""10:00"", ""10:30"", ""11:30"", ""12:30"", ""13:00"", ""14:30"", ""15:00"", ""15:30"", ""16:00"", ""16:30""]"
ae_001,2026-10-08,America/Mexico_City,"[""09:00"", ""09:30"", ""10:30"", ""12:00"", ""13:30"", ""14:00"", ""14:30"", ""15:00"", ""15:30"", ""16:30""]"
ae_001,2026-10-09,America/Mexico_City,"[""09:00"", ""09:30"", ""10:00"", ""10:30"", ""11:00"", ""12:00"", ""12:30"", ""14:30"", ""15:30"", ""16:00"", ""16:30""]"
ae_001,2026-10-12,America/Mexico_City,"[""10:00"", ""10:30"", ""12:30"", ""14:30"", ""16:00"", ""16:30""]"
ae_001,2026-10-13,America/Mexico_City,"[""09:30"", ""11:00"", ""13:30"", ""14:00"", ""14:30"", ""15:30"", ""16:30""]"
ae_001,2026-10-14,America/Mexico_City,"[""09:30"", ""10:30"", ""11:00"", ""12:00"", ""12:30"", ""13:30"", ""14:00"", ""15:30"", ""16:00"", ""16:30""]"
ae_001,2026-10-15,America/Mexico_City,"[""09:00"", ""10:30"", ""12:00"", ""13:30"", ""15:00""]"
ae_001,2026-10-16,America/Mexico_City,"[""09:30"", ""11:00"", ""12:30"", ""13:00"", ""14:00"", ""14:30"", ""15:00"", ""16:00"", ""16:30""]"
ae_001,2026-10-19,America/Mexico_City,"[""09:30"", ""10:30"", ""11:30"", ""12:00"", ""12:30"", ""13:00"", ""13:30"", ""14:30"", ""15:00"", ""15:30""]"
ae_001,2026-10-20,America/Mexico_City,"[""10:00"", ""10:30"", ""11:00"", ""11:30"", ""12:30"", ""13:30"", ""14:30"", ""16:00""]"
ae_001,2026-10-21,America/Mexico_City,"[""11:30"", ""13:00"", ""14:00"", ""14:30"", ""15:30"", ""16:00""]"
ae_001,2026-10-22,America/Mexico_City,"[""09:00"", ""09:30"", ""10:00"", ""10:30"", ""11:00"", ""12:30"", ""14:00"", ""14:30"", ""15:30""]"
ae_001,2026-10-23,America/Mexico_City,"[""09:30"", ""10:30"", ""12:30"", ""13:00"", ""14:00"", ""14:30"", ""16:00"", ""16:30""]"
ae_001,2026-10-26,America/Mexico_City,"[""10:00"", ""10:30"", ""11:00"", ""12:00"", ""12:30"", ""13:00"", ""13:30"", ""14:30"", ""15:30"", ""16:00""]"
ae_001,2026-10-27,America/Mexico_City,"[""09:00"", ""09:30"", ""10:00"", ""10:30"", ""12:00"", ""12:30"", ""13:00"", ""13:30"", ""14:00"", ""14:30"", ""15:30"", ""16:00""]"
ae_001,2026-10-28,America/Mexico_City,"[""09:00"", ""09:30"", ""10:00"", ""10:30"", ""11:00"", ""12:00"", ""13:00"", ""14:30"", ""15:00"", ""15:30"", ""16:30""]"
ae_001,2026-10-29,America/Mexico_City,"[""09:30"", ""10:00"", ""10:30"", ""11:00"", ""13:00"", ""14:30"", ""15:30"", ""16:00"", ""16:30""]"
ae_001,2026-10-30,America/Mexico_City,"[""09:30"", ""10:00"", ""10:30"", ""12:30"", ""13:30"", ""14:30"", ""15:00"", ""16:00"", ""16:30""]"
ae_002,2026-10-01,America/Bogota,"[""09:00"", ""09:30"", ""10:00"", ""13:00"", ""13:30"", ""14:00"", ""15:00"", ""15:30"", ""16:00"", ""16:30""]"
ae_002,2026-10-02,America/Bogota,"[""10:00"", ""10:30"", ""12:00"", ""13:00"", ""14:00"", ""15:30"", ""16:00""]"
ae_002,2026-10-05,America/Bogota,"[""10:00"", ""11:00"", ""11:30"", ""13:00"", ""14:00"", ""14:30"", ""15:30""]"
ae_002,2026-10-06,America/Bogota,"[""09:00"", ""09:30"", ""10:30"", ""11:30"", ""12:00"", ""12:30"", ""13:00"", ""13:30"", ""14:00"", ""14:30"", ""15:30""]"
ae_002,2026-10-07,America/Bogota,"[""11:00"", ""12:30"", ""14:00"", ""14:30"", ""15:00"", ""15:30""]"
ae_002,2026-10-08,America/Bogota,"[""10:30"", ""11:30"", ""13:30"", ""14:30"", ""15:00""]"
ae_002,2026-10-09,America/Bogota,"[""09:00"", ""09:30"", ""10:00"", ""11:00"", ""12:00"", ""14:30"", ""16:30""]"
ae_002,2026-10-12,America/Bogota,"[""10:00"", ""11:00"", ""12:00"", ""13:00"", ""14:00"", ""15:00""]"
ae_002,2026-10-13,America/Bogota,"[""09:00"", ""10:00"", ""10:30"", ""12:00"", ""12:30"", ""13:30"", ""14:30"", ""15:00"", ""15:30"", ""16:00"", ""16:30""]"
ae_002,2026-10-14,America/Bogota,"[""09:00"", ""10:30"", ""11:30"", ""12:00"", ""12:30"", ""13:00"", ""13:30"", ""15:30"", ""16:00""]"
ae_002,2026-10-15,America/Bogota,"[""12:00"", ""12:30"", ""13:00"", ""14:30"", ""15:00"", ""15:30"", ""16:00""]"
ae_002,2026-10-16,America/Bogota,"[""09:00"", ""09:30"", ""11:30"", ""12:00"", ""12:30"", ""13:30"", ""14:00"", ""15:00"", ""15:30"", ""16:00"", ""16:30""]"
ae_002,2026-10-19,America/Bogota,"[""09:30"", ""10:30"", ""11:30"", ""12:00"", ""12:30"", ""14:00"", ""16:00"", ""16:30""]"
ae_002,2026-10-20,America/Bogota,"[""09:00"", ""09:30"", ""10:00"", ""10:30"", ""11:00"", ""11:30"", ""12:30"", ""14:30"", ""15:30""]"
ae_002,2026-10-21,America/Bogota,"[""09:00"", ""09:30"", ""10:00"", ""10:30"", ""11:00"", ""12:00"", ""13:00"", ""13:30"", ""14:00"", ""14:30"", ""15:30"", ""16:00"", ""16:30""]"
ae_002,2026-10-22,America/Bogota,"[""09:00"", ""09:30"", ""10:00"", ""10:30"", ""11:30"", ""12:00"", ""13:30"", ""15:00"", ""15:30"", ""16:00"", ""16:30""]"
ae_002,2026-10-23,America/Bogota,"[""09:30"", ""10:30"", ""11:00"", ""11:30"", ""13:00"", ""14:00"", ""14:30"", ""15:00"", ""16:00""]"
ae_002,2026-10-26,America/Bogota,"[""09:00"", ""11:00"", ""12:00"", ""13:00"", ""14:30"", ""15:00"", ""15:30"", ""16:00"", ""16:30""]"
ae_002,2026-10-27,America/Bogota,"[""09:30"", ""10:00"", ""11:00"", ""11:30"", ""14:00"", ""14:30"", ""15:00"", ""15:30""]"
ae_002,2026-10-28,America/Bogota,"[""09:00"", ""10:00"", ""10:30"", ""11:00"", ""11:30"", ""12:00"", ""12:30"", ""13:00"", ""14:30"", ""15:00""]"
ae_002,2026-10-29,America/Bogota,"[""11:30"", ""12:00"", ""12:30"", ""13:00"", ""13:30"", ""14:30"", ""15:00"", ""15:30"", ""16:00""]"
ae_002,2026-10-30,America/Bogota,"[""09:00"", ""09:30"", ""11:00"", ""11:30"", ""12:00"", ""12:30"", ""13:00"", ""14:00"", ""14:30"", ""15:00"", ""15:30"", ""16:30""]"
ae_003,2026-10-01,America/Sao_Paulo,"[""09:00"", ""09:30"", ""10:00"", ""10:30"", ""11:30"", ""13:30"", ""14:00"", ""14:30"", ""15:30"", ""16:30""]"
ae_003,2026-10-02,America/Sao_Paulo,"[""09:00"", ""10:00"", ""10:30"", ""11:00"", ""11:30"", ""12:00"", ""12:30"", ""13:00"", ""13:30"", ""14:00"", ""14:30"", ""15:00"", ""15:30"", ""16:00""]"
ae_003,2026-10-05,America/Sao_Paulo,"[""09:00"", ""09:30"", ""10:30"", ""11:00"", ""12:00"", ""12:30"", ""13:00"", ""13:30"", ""14:00"", ""14:30"", ""15:00"", ""15:30"", ""16:00""]"
ae_003,2026-10-06,America/Sao_Paulo,"[""09:00"", ""10:30"", ""11:30"", ""12:00"", ""14:30"", ""15:30"", ""16:30""]"
ae_003,2026-10-07,America/Sao_Paulo,"[""09:00"", ""10:00"", ""11:00"", ""13:00"", ""13:30"", ""14:00"", ""14:30"", ""15:00"", ""15:30"", ""16:00"", ""16:30""]"
ae_003,2026-10-08,America/Sao_Paulo,"[""09:30"", ""10:00"", ""10:30"", ""11:00"", ""11:30"", ""12:00"", ""12:30"", ""13:30"", ""14:00"", ""15:00"", ""15:30"", ""16:00"", ""16:30""]"
ae_003,2026-10-09,America/Sao_Paulo,"[""09:30"", ""10:00"", ""10:30"", ""12:00"", ""12:30"", ""13:00"", ""14:30"", ""15:30"", ""16:00"", ""16:30""]"
ae_003,2026-10-12,America/Sao_Paulo,"[""09:30"", ""10:00"", ""10:30"", ""11:00"", ""11:30"", ""16:00"", ""16:30""]"
ae_003,2026-10-13,America/Sao_Paulo,"[""09:00"", ""09:30"", ""10:00"", ""10:30"", ""11:00"", ""12:00"", ""12:30"", ""13:00"", ""14:00"", ""16:00"", ""16:30""]"
ae_003,2026-10-14,America/Sao_Paulo,"[""10:00"", ""10:30"", ""11:00"", ""12:30"", ""13:00"", ""14:30""]"
ae_003,2026-10-15,America/Sao_Paulo,"[""09:00"", ""09:30"", ""10:00"", ""10:30"", ""11:30"", ""12:00"", ""12:30"", ""13:00"", ""13:30"", ""16:30""]"
ae_003,2026-10-16,America/Sao_Paulo,"[""09:30"", ""10:00"", ""10:30"", ""11:30"", ""12:30"", ""13:30"", ""14:00"", ""14:30"", ""15:00"", ""15:30"", ""16:00"", ""16:30""]"
ae_003,2026-10-19,America/Sao_Paulo,"[""09:30"", ""10:00"", ""12:00"", ""13:30"", ""16:00"", ""16:30""]"
ae_003,2026-10-20,America/Sao_Paulo,"[""10:00"", ""12:00"", ""13:30"", ""14:00""]"
ae_003,2026-10-21,America/Sao_Paulo,"[""09:30"", ""10:00"", ""11:30"", ""12:00"", ""13:00"", ""14:00"", ""14:30"", ""15:00"", ""15:30"", ""16:30""]"
ae_003,2026-10-22,America/Sao_Paulo,"[""09:00"", ""09:30"", ""10:00"", ""11:00"", ""11:30"", ""12:30"", ""13:00"", ""14:00"", ""14:30"", ""16:00"", ""16:30""]"
ae_003,2026-10-23,America/Sao_Paulo,"[""09:00"", ""09:30"", ""10:00"", ""11:00"", ""12:00"", ""12:30"", ""13:00"", ""14:00"", ""14:30"", ""15:30"", ""16:00"", ""16:30""]"
ae_003,2026-10-26,America/Sao_Paulo,"[""09:00"", ""10:00"", ""11:00"", ""11:30"", ""13:00"", ""13:30"", ""14:00"", ""14:30"", ""15:30"", ""16:00"", ""16:30""]"
ae_003,2026-10-27,America/Sao_Paulo,"[""09:30"", ""11:00"", ""11:30"", ""12:00"", ""12:30"", ""13:30"", ""14:00""]"
ae_003,2026-10-28,America/Sao_Paulo,"[""10:00"", ""10:30"", ""11:00"", ""14:30"", ""16:30""]"
ae_003,2026-10-29,America/Sao_Paulo,"[""09:30"", ""10:30"", ""12:30"", ""13:00"", ""13:30"", ""14:00"", ""14:30"", ""15:00"", ""15:30"", ""16:00"", ""16:30""]"
ae_003,2026-10-30,America/Sao_Paulo,"[""09:30"", ""10:30"", ""12:30"", ""13:00"", ""14:30""]"
ae_004,2026-10-01,America/Santiago,"[""09:30"", ""12:00"", ""12:30"", ""13:00"", ""14:30"", ""15:00"", ""15:30"", ""16:00"", ""16:30""]"
ae_004,2026-10-02,America/Santiago,"[""10:00"", ""10:30"", ""12:30"", ""15:00"", ""15:30"", ""16:00"", ""16:30""]"
ae_004,2026-10-05,America/Santiago,"[""09:00"", ""10:00"", ""10:30"", ""12:00"", ""12:30"", ""13:00"", ""15:00"", ""15:30"", ""16:00"", ""16:30""]"
ae_004,2026-10-06,America/Santiago,"[""09:00"", ""09:30"", ""10:00"", ""11:00"", ""12:30"", ""13:30"", ""14:00"", ""15:30"", ""16:00"", ""16:30""]"
ae_004,2026-10-07,America/Santiago,"[""09:00"", ""09:30"", ""10:30"", ""11:30"", ""12:30"", ""13:00"", ""14:00"", ""16:00"", ""16:30""]"
ae_004,2026-10-08,America/Santiago,"[""09:30"", ""10:00"", ""11:30"", ""13:00"", ""14:30"", ""16:00"", ""16:30""]"
ae_004,2026-10-09,America/Santiago,"[""09:00"", ""09:30"", ""11:00"", ""11:30"", ""12:00"", ""15:30"", ""16:30""]"
ae_004,2026-10-12,America/Santiago,"[""09:30"", ""10:30"", ""11:30"", ""12:00"", ""12:30"", ""13:00"", ""13:30"", ""14:30"", ""15:00"", ""15:30"", ""16:00"", ""16:30""]"
ae_004,2026-10-13,America/Santiago,"[""10:30"", ""14:30""]"
ae_004,2026-10-14,America/Santiago,"[""14:00"", ""14:30""]"
ae_004,2026-10-15,America/Santiago,"[""09:00"", ""10:00"", ""10:30"", ""11:00"", ""11:30"", ""13:00"", ""13:30""]"
ae_004,2026-10-16,America/Santiago,"[""09:30"", ""10:30"", ""12:00"", ""13:30"", ""14:30"", ""15:00"", ""15:30"", ""16:00""]"
ae_004,2026-10-19,America/Santiago,"[""09:30"", ""10:00"", ""12:30"", ""13:00"", ""14:00"", ""14:30"", ""15:00"", ""16:00""]"
ae_004,2026-10-20,America/Santiago,"[""10:00"", ""11:30"", ""13:00"", ""14:00"", ""15:30""]"
ae_004,2026-10-21,America/Santiago,"[""11:00"", ""11:30"", ""12:00"", ""12:30"", ""13:00"", ""14:30"", ""15:30"", ""16:00"", ""16:30""]"
ae_004,2026-10-22,America/Santiago,"[""09:00"", ""09:30"", ""11:30"", ""14:30"", ""16:00"", ""16:30""]"
ae_004,2026-10-23,America/Santiago,"[""09:00"", ""10:00"", ""10:30"", ""11:00"", ""11:30"", ""12:00"", ""13:30"", ""14:30"", ""16:00"", ""16:30""]"
ae_004,2026-10-26,America/Santiago,"[""10:30"", ""11:30"", ""12:00"", ""12:30"", ""14:00"", ""15:00"", ""16:30""]"
ae_004,2026-10-27,America/Santiago,"[""10:00"", ""10:30"", ""11:00"", ""13:00"", ""13:30"", ""14:00"", ""14:30"", ""16:00"", ""16:30""]"
ae_004,2026-10-28,America/Santiago,"[""09:00"", ""12:00"", ""12:30"", ""13:30"", ""14:30"", ""15:00"", ""16:00"", ""16:30""]"
ae_004,2026-10-29,America/Santiago,"[""10:00"", ""11:30"", ""12:00"", ""14:00"", ""15:00"", ""15:30"", ""16:00""]"
ae_004,2026-10-30,America/Santiago,"[""09:00"", ""09:30"", ""10:30"", ""13:00"", ""13:30"", ""14:00"", ""14:30"", ""15:00"", ""15:30"", ""16:00"", ""16:30""]"
ae_005,2026-10-01,America/Argentina/Buenos_Aires,[]
ae_005,2026-10-02,America/Argentina/Buenos_Aires,[]
ae_005,2026-10-05,America/Argentina/Buenos_Aires,[]
ae_005,2026-10-06,America/Argentina/Buenos_Aires,[]
ae_005,2026-10-07,America/Argentina/Buenos_Aires,[]
ae_005,2026-10-08,America/Argentina/Buenos_Aires,[]
ae_005,2026-10-09,America/Argentina/Buenos_Aires,"[""09:00"", ""09:30"", ""10:30"", ""12:00"", ""13:30"", ""14:00"", ""14:30"", ""15:00"", ""16:30""]"
ae_005,2026-10-12,America/Argentina/Buenos_Aires,"[""09:00"", ""09:30"", ""10:00"", ""11:00"", ""11:30"", ""12:30"", ""13:30"", ""14:30"", ""15:30"", ""16:30""]"
ae_005,2026-10-13,America/Argentina/Buenos_Aires,"[""09:00"", ""10:00"", ""10:30"", ""11:00"", ""11:30"", ""12:00"", ""12:30"", ""13:30"", ""14:00"", ""14:30"", ""15:00"", ""15:30"", ""16:00"", ""16:30""]"
ae_005,2026-10-14,America/Argentina/Buenos_Aires,"[""09:30"", ""10:00"", ""10:30"", ""11:30"", ""14:30"", ""16:30""]"
ae_005,2026-10-15,America/Argentina/Buenos_Aires,"[""10:00"", ""10:30"", ""11:30"", ""12:00"", ""13:00"", ""13:30"", ""14:00"", ""14:30"", ""15:00"", ""15:30"", ""16:00"", ""16:30""]"
ae_005,2026-10-16,America/Argentina/Buenos_Aires,"[""09:00"", ""10:00"", ""10:30"", ""12:00"", ""14:00"", ""14:30"", ""16:00""]"
ae_005,2026-10-19,America/Argentina/Buenos_Aires,"[""09:00"", ""09:30"", ""10:00"", ""11:00"", ""12:30"", ""13:00"", ""14:00"", ""14:30"", ""15:00""]"
ae_005,2026-10-20,America/Argentina/Buenos_Aires,"[""10:00"", ""10:30"", ""11:30"", ""13:00"", ""14:00"", ""14:30"", ""15:00"", ""15:30"", ""16:00""]"
ae_005,2026-10-21,America/Argentina/Buenos_Aires,"[""11:00"", ""12:00"", ""12:30"", ""13:00"", ""13:30"", ""14:00"", ""14:30"", ""15:00"", ""15:30"", ""16:30""]"
ae_005,2026-10-22,America/Argentina/Buenos_Aires,"[""09:00"", ""10:00"", ""13:30"", ""14:30""]"
ae_005,2026-10-23,America/Argentina/Buenos_Aires,"[""09:30"", ""10:00"", ""10:30"", ""12:00"", ""12:30"", ""13:00"", ""13:30"", ""14:00"", ""15:00""]"
ae_005,2026-10-26,America/Argentina/Buenos_Aires,"[""09:00"", ""09:30"", ""10:00"", ""10:30"", ""11:00"", ""11:30"", ""12:00"", ""12:30"", ""14:30"", ""15:00"", ""15:30"", ""16:00"", ""16:30""]"
ae_005,2026-10-27,America/Argentina/Buenos_Aires,"[""09:00"", ""09:30"", ""10:00"", ""10:30"", ""11:00"", ""11:30"", ""13:00"", ""13:30"", ""15:00"", ""15:30"", ""16:30""]"
ae_005,2026-10-28,America/Argentina/Buenos_Aires,"[""09:30"", ""10:00"", ""10:30"", ""11:30"", ""12:00"", ""12:30"", ""13:00"", ""15:00"", ""16:00""]"
ae_005,2026-10-29,America/Argentina/Buenos_Aires,"[""09:00"", ""10:30"", ""11:00"", ""13:00"", ""13:30"", ""14:00"", ""15:00"", ""16:00"", ""16:30""]"
ae_005,2026-10-30,America/Argentina/Buenos_Aires,"[""09:00"", ""09:30"", ""10:00"", ""11:00"", ""12:30"", ""13:30"", ""14:00"", ""14:30"", ""15:30"", ""16:30""]"
ae_006,2026-10-01,America/Lima,"[""09:30"", ""10:00"", ""11:30"", ""12:00"", ""13:00"", ""13:30"", ""14:30"", ""15:30"", ""16:30""]"
ae_006,2026-10-02,America/Lima,"[""09:30"", ""10:00"", ""10:30"", ""11:00"", ""11:30"", ""12:00"", ""12:30"", ""13:00"", ""14:00"", ""14:30"", ""15:00"", ""15:30"", ""16:30""]"
ae_006,2026-10-05,America/Lima,"[""09:00"", ""09:30"", ""10:00"", ""10:30"", ""11:00"", ""12:30"", ""13:00"", ""13:30"", ""14:00"", ""14:30"", ""15:00"", ""15:30"", ""16:00"", ""16:30""]"
ae_006,2026-10-06,America/Lima,"[""09:30"", ""10:00"", ""10:30"", ""11:00"", ""12:30"", ""13:00"", ""14:00"", ""14:30""]"
ae_006,2026-10-07,America/Lima,"[""09:00"", ""10:30"", ""11:00"", ""11:30"", ""13:30"", ""14:00"", ""16:30""]"
ae_006,2026-10-08,America/Lima,"[""09:00"", ""09:30"", ""10:30"", ""11:00"", ""14:00"", ""15:00"", ""15:30"", ""16:00""]"
ae_006,2026-10-09,America/Lima,"[""09:00"", ""09:30"", ""11:00"", ""12:30"", ""13:00"", ""13:30"", ""15:30"", ""16:30""]"
ae_006,2026-10-12,America/Lima,"[""09:30"", ""10:00"", ""10:30"", ""11:00"", ""11:30"", ""13:00"", ""13:30"", ""14:30"", ""15:00"", ""15:30"", ""16:30""]"
ae_006,2026-10-13,America/Lima,"[""10:00"", ""10:30"", ""11:00"", ""11:30"", ""13:30"", ""14:00"", ""14:30""]"
ae_006,2026-10-14,America/Lima,"[""09:30"", ""10:00"", ""10:30"", ""11:00"", ""11:30"", ""12:00"", ""13:00"", ""13:30"", ""14:00"", ""15:00"", ""16:30""]"
ae_006,2026-10-15,America/Lima,"[""09:00"", ""09:30"", ""10:30"", ""11:30"", ""12:00"", ""12:30"", ""13:00"", ""15:30"", ""16:00""]"
ae_006,2026-10-16,America/Lima,"[""09:30"", ""10:30"", ""11:30"", ""12:30"", ""13:30"", ""14:00"", ""15:00"", ""15:30"", ""16:00""]"
ae_006,2026-10-19,America/Lima,"[""09:00"", ""11:00"", ""12:00"", ""13:00"", ""13:30"", ""14:00"", ""15:00"", ""16:00"", ""16:30""]"
ae_006,2026-10-20,America/Lima,"[""11:00"", ""11:30"", ""12:00"", ""12:30"", ""13:00"", ""13:30"", ""14:30"", ""15:00""]"
ae_006,2026-10-21,America/Lima,"[""10:00"", ""10:30"", ""11:30"", ""15:00"", ""16:00""]"
ae_006,2026-10-22,America/Lima,"[""09:00"", ""09:30"", ""10:00"", ""11:30"", ""12:00"", ""12:30"", ""13:00"", ""13:30"", ""14:30"", ""15:00"", ""16:00""]"
ae_006,2026-10-23,America/Lima,"[""10:30"", ""11:00"", ""12:00"", ""12:30"", ""13:00"", ""13:30"", ""14:00"", ""14:30"", ""15:00"", ""16:00"", ""16:30""]"
ae_006,2026-10-26,America/Lima,"[""09:00"", ""09:30"", ""10:00"", ""10:30"", ""11:00"", ""12:00"", ""13:30"", ""15:00"", ""15:30""]"
ae_006,2026-10-27,America/Lima,"[""09:00"", ""10:30"", ""11:30"", ""12:00"", ""12:30"", ""13:00"", ""15:00"", ""15:30""]"
ae_006,2026-10-28,America/Lima,"[""09:00"", ""09:30"", ""10:00"", ""11:00"", ""11:30"", ""12:00"", ""13:00"", ""13:30"", ""14:00"", ""14:30"", ""16:00"", ""16:30""]"
ae_006,2026-10-29,America/Lima,"[""09:00"", ""09:30"", ""10:30"", ""11:30"", ""12:00"", ""14:00"", ""14:30"", ""15:00""]"
ae_006,2026-10-30,America/Lima,"[""11:00"", ""12:00"", ""12:30"", ""13:30"", ""15:00"", ""16:30""]"
ae_007,2026-10-01,America/Mexico_City,"[""09:00"", ""10:30"", ""11:00"", ""12:00"", ""13:00"", ""13:30"", ""14:00"", ""15:00"", ""16:30""]"
ae_007,2026-10-02,America/Mexico_City,"[""09:00"", ""10:00"", ""10:30"", ""12:30"", ""13:00"", ""14:30"", ""15:30"", ""16:00"", ""16:30""]"
ae_007,2026-10-05,America/Mexico_City,"[""09:00"", ""09:30"", ""11:00"", ""11:30"", ""12:00"", ""13:30"", ""14:30""]"
ae_007,2026-10-06,America/Mexico_City,"[""09:30"", ""10:00"", ""11:30"", ""12:00"", ""12:30"", ""13:00"", ""15:00"", ""15:30""]"
ae_007,2026-10-07,America/Mexico_City,"[""10:00"", ""11:00"", ""11:30"", ""12:00"", ""13:00"", ""13:30"", ""14:00"", ""14:30"", ""16:30""]"
ae_007,2026-10-08,America/Mexico_City,"[""09:30"", ""11:00"", ""11:30"", ""13:30"", ""15:00"", ""15:30""]"
ae_007,2026-10-09,America/Mexico_City,"[""09:00"", ""10:30"", ""11:30"", ""12:00"", ""12:30"", ""13:00"", ""13:30"", ""14:30"", ""15:00"", ""15:30"", ""16:30""]"
ae_007,2026-10-12,America/Mexico_City,"[""09:00"", ""09:30"", ""11:30"", ""12:00"", ""12:30"", ""13:00"", ""13:30"", ""14:00"", ""15:30"", ""16:00""]"
ae_007,2026-10-13,America/Mexico_City,"[""09:00"", ""11:00"", ""13:30"", ""14:00"", ""15:30"", ""16:00""]"
ae_007,2026-10-14,America/Mexico_City,"[""09:00"", ""10:30"", ""11:00"", ""13:00"", ""16:00""]"
ae_007,2026-10-15,America/Mexico_City,"[""09:00"", ""10:00"", ""10:30"", ""11:00"", ""12:30"", ""13:00"", ""13:30"", ""14:00"", ""15:00"", ""16:00""]"
ae_007,2026-10-16,America/Mexico_City,"[""09:00"", ""09:30"", ""10:00"", ""11:30"", ""13:00"", ""13:30"", ""14:30"", ""15:00"", ""16:00""]"
ae_007,2026-10-19,America/Mexico_City,"[""10:00"", ""10:30"", ""12:00"", ""12:30"", ""13:00"", ""15:30"", ""16:00""]"
ae_007,2026-10-20,America/Mexico_City,"[""09:00"", ""09:30"", ""10:30"", ""11:30"", ""12:30"", ""13:00"", ""13:30"", ""14:00"", ""15:30"", ""16:00""]"
ae_007,2026-10-21,America/Mexico_City,"[""09:00"", ""10:00"", ""10:30"", ""12:00"", ""13:30"", ""14:30"", ""16:00""]"
ae_007,2026-10-22,America/Mexico_City,"[""09:00"", ""10:00"", ""11:00"", ""12:00"", ""12:30"", ""15:00""]"
ae_007,2026-10-23,America/Mexico_City,"[""09:30"", ""10:00"", ""10:30"", ""11:30"", ""12:30"", ""13:00"", ""14:30"", ""15:00"", ""15:30"", ""16:30""]"
ae_007,2026-10-26,America/Mexico_City,"[""10:00"", ""11:30"", ""12:00"", ""12:30"", ""13:00"", ""13:30"", ""16:00"", ""16:30""]"
ae_007,2026-10-27,America/Mexico_City,"[""09:00"", ""09:30"", ""10:00"", ""10:30"", ""11:00"", ""13:00"", ""15:30"", ""16:00""]"
ae_007,2026-10-28,America/Mexico_City,"[""11:00"", ""12:00"", ""12:30"", ""13:30"", ""14:00"", ""15:30""]"
ae_007,2026-10-29,America/Mexico_City,"[""09:00"", ""10:30"", ""11:00"", ""11:30"", ""12:30"", ""13:30"", ""14:30"", ""15:00"", ""16:00""]"
ae_007,2026-10-30,America/Mexico_City,"[""09:00"", ""10:00"", ""10:30"", ""11:00"", ""11:30"", ""12:30"", ""13:30"", ""14:30"", ""15:30"", ""16:00""]"
ae_008,2026-10-01,America/Bogota,"[""09:00"", ""09:30"", ""10:30"", ""11:30"", ""12:00"", ""12:30"", ""13:30"", ""14:00"", ""14:30"", ""15:00"", ""16:00"", ""16:30""]"
ae_008,2026-10-02,America/Bogota,"[""10:30"", ""11:00"", ""11:30"", ""12:00"", ""13:00"", ""15:00"", ""15:30"", ""16:00"", ""16:30""]"
ae_008,2026-10-05,America/Bogota,"[""10:00"", ""11:00"", ""12:00"", ""13:00"", ""14:30"", ""15:30""]"
ae_008,2026-10-06,America/Bogota,"[""12:30"", ""14:00"", ""16:00""]"
ae_008,2026-10-07,America/Bogota,"[""09:30"", ""12:30"", ""13:00"", ""13:30"", ""14:00"", ""14:30"", ""15:00"", ""15:30"", ""16:00""]"
ae_008,2026-10-08,America/Bogota,"[""10:00"", ""10:30"", ""11:00"", ""12:30"", ""13:00"", ""13:30"", ""14:30"", ""15:00"", ""16:30""]"
ae_008,2026-10-09,America/Bogota,"[""09:00"", ""10:00"", ""10:30"", ""11:00"", ""11:30"", ""12:30"", ""13:00"", ""15:00"", ""15:30"", ""16:30""]"
ae_008,2026-10-12,America/Bogota,"[""09:00"", ""09:30"", ""10:00"", ""10:30"", ""11:00"", ""11:30"", ""12:00"", ""12:30"", ""13:00"", ""13:30"", ""14:00"", ""14:30"", ""16:00"", ""16:30""]"
ae_008,2026-10-13,America/Bogota,"[""09:00"", ""09:30"", ""10:00"", ""11:30"", ""12:00"", ""13:30"", ""15:00"", ""15:30"", ""16:00""]"
ae_008,2026-10-14,America/Bogota,"[""09:00"", ""09:30"", ""10:30"", ""12:00"", ""12:30"", ""13:00"", ""13:30"", ""15:00"", ""15:30"", ""16:00"", ""16:30""]"
ae_008,2026-10-15,America/Bogota,"[""09:30"", ""10:00"", ""11:00"", ""11:30"", ""12:00"", ""12:30"", ""13:00"", ""14:30"", ""15:00"", ""16:30""]"
ae_008,2026-10-16,America/Bogota,"[""09:00"", ""10:00"", ""11:00"", ""11:30"", ""12:00"", ""12:30"", ""13:30"", ""14:00"", ""16:30""]"
ae_008,2026-10-19,America/Bogota,"[""10:30"", ""12:30"", ""13:00"", ""14:00"", ""14:30"", ""15:30"", ""16:00"", ""16:30""]"
ae_008,2026-10-20,America/Bogota,"[""09:00"", ""10:30"", ""12:30"", ""14:00"", ""14:30"", ""15:30"", ""16:00"", ""16:30""]"
ae_008,2026-10-21,America/Bogota,"[""09:00"", ""09:30"", ""10:00"", ""10:30"", ""13:00"", ""13:30"", ""16:00"", ""16:30""]"
ae_008,2026-10-22,America/Bogota,"[""09:00"", ""09:30"", ""11:00"", ""11:30"", ""12:30"", ""14:30"", ""15:00""]"
ae_008,2026-10-23,America/Bogota,"[""09:00"", ""10:00"", ""10:30"", ""11:30"", ""12:00"", ""13:00"", ""15:00"", ""16:00"", ""16:30""]"
ae_008,2026-10-26,America/Bogota,"[""09:00"", ""09:30"", ""10:00"", ""10:30"", ""11:00"", ""11:30"", ""12:30"", ""13:00"", ""13:30"", ""14:30"", ""15:00"", ""16:00""]"
ae_008,2026-10-27,America/Bogota,"[""09:00"", ""09:30"", ""10:00"", ""10:30"", ""11:00"", ""11:30"", ""12:30"", ""13:00"", ""13:30"", ""14:30"", ""15:30"", ""16:00"", ""16:30""]"
ae_008,2026-10-28,America/Bogota,"[""10:30"", ""11:00"", ""12:00"", ""12:30"", ""14:00"", ""14:30"", ""15:30"", ""16:00"", ""16:30""]"
ae_008,2026-10-29,America/Bogota,"[""09:00"", ""10:00"", ""10:30"", ""11:30"", ""12:30"", ""13:00"", ""14:30"", ""15:30"", ""16:00"", ""16:30""]"
ae_008,2026-10-30,America/Bogota,"[""09:00"", ""10:30"", ""11:00"", ""11:30"", ""12:00"", ""12:30"", ""13:30"", ""14:00"", ""15:00"", ""15:30""]"
ae_009,2026-10-01,America/Sao_Paulo,"[""09:00"", ""10:30"", ""11:30"", ""12:00"", ""13:00"", ""15:30"", ""16:00"", ""16:30""]"
ae_009,2026-10-02,America/Sao_Paulo,"[""09:30"", ""10:00"", ""10:30"", ""11:00"", ""11:30"", ""12:00"", ""12:30"", ""13:00"", ""13:30"", ""15:00"", ""15:30"", ""16:00"", ""16:30""]"
ae_009,2026-10-05,America/Sao_Paulo,"[""11:00"", ""11:30"", ""12:30"", ""13:00"", ""13:30"", ""14:00"", ""15:30""]"
ae_009,2026-10-06,America/Sao_Paulo,"[""10:30"", ""11:30"", ""12:00"", ""12:30"", ""13:00"", ""14:00"", ""14:30"", ""16:30""]"
ae_009,2026-10-07,America/Sao_Paulo,"[""09:00"", ""11:00"", ""11:30"", ""12:00"", ""12:30"", ""13:30"", ""15:00"", ""16:00""]"
ae_009,2026-10-08,America/Sao_Paulo,"[""09:00"", ""09:30"", ""10:30"", ""11:00"", ""12:00"", ""13:00"", ""13:30"", ""14:00"", ""14:30"", ""15:00"", ""15:30"", ""16:00""]"
ae_009,2026-10-09,America/Sao_Paulo,"[""09:00"", ""09:30"", ""10:30"", ""11:00"", ""12:00"", ""13:00"", ""13:30"", ""14:00"", ""15:30"", ""16:30""]"
ae_009,2026-10-12,America/Sao_Paulo,"[""09:30"", ""10:00"", ""11:00"", ""11:30"", ""12:00"", ""12:30"", ""13:00"", ""13:30"", ""14:00"", ""14:30"", ""15:00"", ""15:30"", ""16:00""]"
ae_009,2026-10-13,America/Sao_Paulo,"[""09:30"", ""10:00"", ""10:30"", ""11:00"", ""11:30"", ""12:00"", ""12:30"", ""14:30"", ""15:00"", ""15:30""]"
ae_009,2026-10-14,America/Sao_Paulo,"[""09:00"", ""09:30"", ""10:30"", ""11:30"", ""12:30"", ""13:30"", ""14:30"", ""15:00"", ""16:00"", ""16:30""]"
ae_009,2026-10-15,America/Sao_Paulo,"[""09:00"", ""09:30"", ""11:00"", ""12:30"", ""13:30"", ""15:30"", ""16:00"", ""16:30""]"
ae_009,2026-10-16,America/Sao_Paulo,"[""09:00"", ""10:00"", ""11:00"", ""11:30"", ""13:30"", ""14:30"", ""15:00"", ""15:30"", ""16:30""]"
ae_009,2026-10-19,America/Sao_Paulo,"[""11:00"", ""12:00"", ""12:30"", ""13:00"", ""15:00"", ""15:30"", ""16:00""]"
ae_009,2026-10-20,America/Sao_Paulo,"[""09:30"", ""13:30"", ""15:00"", ""15:30"", ""16:00""]"
ae_009,2026-10-21,America/Sao_Paulo,"[""10:30"", ""11:00"", ""11:30"", ""12:00"", ""12:30"", ""13:00"", ""14:00"", ""14:30"", ""16:00""]"
ae_009,2026-10-22,America/Sao_Paulo,"[""09:30"", ""11:00"", ""12:00"", ""12:30"", ""13:30"", ""14:30"", ""15:00"", ""16:30""]"
ae_009,2026-10-23,America/Sao_Paulo,"[""10:00"", ""10:30"", ""11:00"", ""12:00"", ""12:30"", ""13:00"", ""15:30"", ""16:00"", ""16:30""]"
ae_009,2026-10-26,America/Sao_Paulo,"[""10:30"", ""11:00"", ""11:30"", ""12:30"", ""13:00"", ""14:30"", ""15:00"", ""16:00""]"
ae_009,2026-10-27,America/Sao_Paulo,"[""11:00"", ""11:30"", ""12:00"", ""12:30"", ""13:30"", ""14:30"", ""16:30""]"
ae_009,2026-10-28,America/Sao_Paulo,"[""10:00"", ""10:30"", ""11:00"", ""11:30"", ""12:00"", ""12:30"", ""15:30"", ""16:00""]"
ae_009,2026-10-29,America/Sao_Paulo,"[""10:00"", ""10:30"", ""11:00"", ""11:30"", ""12:00"", ""12:30"", ""13:00"", ""14:00"", ""15:00"", ""15:30""]"
ae_009,2026-10-30,America/Sao_Paulo,"[""09:00"", ""10:30"", ""11:30"", ""12:30"", ""13:30"", ""14:00"", ""14:30"", ""15:30"", ""16:00""]"
ae_010,2026-10-01,America/Santiago,"[""09:30"", ""10:00"", ""10:30"", ""11:00"", ""11:30"", ""12:00"", ""12:30"", ""13:30"", ""14:00"", ""14:30"", ""15:00"", ""16:00""]"
ae_010,2026-10-02,America/Santiago,"[""10:30"", ""11:30"", ""13:00"", ""13:30"", ""14:00"", ""15:30"", ""16:30""]"
ae_010,2026-10-05,America/Santiago,"[""10:00"", ""13:30"", ""14:30"", ""15:30"", ""16:00""]"
ae_010,2026-10-06,America/Santiago,"[""09:00"", ""12:00"", ""12:30"", ""13:00"", ""15:00""]"
ae_010,2026-10-07,America/Santiago,"[""10:00"", ""12:00"", ""13:00"", ""13:30"", ""14:00"", ""14:30"", ""15:00"", ""15:30"", ""16:00""]"
ae_010,2026-10-08,America/Santiago,"[""09:00"", ""09:30"", ""10:00"", ""11:30"", ""12:30"", ""13:00"", ""13:30"", ""15:00"", ""16:30""]"
ae_010,2026-10-09,America/Santiago,"[""10:00"", ""11:00"", ""11:30"", ""12:00"", ""12:30"", ""13:00"", ""14:30"", ""16:00"", ""16:30""]"
ae_010,2026-10-12,America/Santiago,"[""09:30"", ""12:00"", ""12:30"", ""13:00"", ""14:00"", ""14:30"", ""16:00"", ""16:30""]"
ae_010,2026-10-13,America/Santiago,"[""10:00"", ""10:30"", ""12:00"", ""12:30"", ""13:00"", ""13:30"", ""14:00"", ""15:00"", ""15:30"", ""16:30""]"
ae_010,2026-10-14,America/Santiago,"[""09:00"", ""10:30"", ""11:00"", ""11:30"", ""12:00"", ""12:30"", ""13:00"", ""14:30"", ""15:00"", ""15:30"", ""16:30""]"
ae_010,2026-10-15,America/Santiago,"[""09:00"", ""09:30"", ""11:00"", ""12:00"", ""13:00"", ""13:30"", ""16:00"", ""16:30""]"
ae_010,2026-10-16,America/Santiago,"[""09:00"", ""10:30"", ""11:00"", ""11:30"", ""12:00"", ""12:30"", ""13:30"", ""14:00"", ""14:30"", ""15:30""]"
ae_010,2026-10-19,America/Santiago,"[""09:00"", ""10:00"", ""11:30"", ""12:30"", ""13:00"", ""13:30"", ""15:30"", ""16:30""]"
ae_010,2026-10-20,America/Santiago,"[""09:00"", ""10:30"", ""11:30"", ""12:30"", ""13:00"", ""15:00"", ""16:30""]"
ae_010,2026-10-21,America/Santiago,"[""09:00"", ""09:30"", ""10:30"", ""12:30"", ""13:00"", ""14:30"", ""16:00"", ""16:30""]"
ae_010,2026-10-22,America/Santiago,"[""09:30"", ""11:00"", ""11:30"", ""12:30"", ""14:00"", ""16:00""]"
ae_010,2026-10-23,America/Santiago,"[""09:00"", ""10:00"", ""10:30"", ""12:00"", ""12:30"", ""13:30"", ""14:30"", ""15:00"", ""15:30"", ""16:00"", ""16:30""]"
ae_010,2026-10-26,America/Santiago,"[""09:00"", ""09:30"", ""10:00"", ""11:30"", ""13:30"", ""14:00"", ""15:00"", ""15:30""]"
ae_010,2026-10-27,America/Santiago,"[""09:30"", ""12:00"", ""12:30"", ""15:00"", ""16:30""]"
ae_010,2026-10-28,America/Santiago,"[""09:00"", ""09:30"", ""10:00"", ""11:30"", ""12:00"", ""12:30"", ""13:00"", ""14:30"", ""15:00"", ""15:30""]"
ae_010,2026-10-29,America/Santiago,"[""15:00"", ""16:00"", ""16:30""]"
ae_010,2026-10-30,America/Santiago,"[""09:00"", ""09:30"", ""10:30"", ""11:00"", ""11:30"", ""12:00"", ""12:30"", ""13:00"", ""13:30"", ""14:30"", ""15:00"", ""15:30"", ""16:00"", ""16:30""]"
ae_012,2026-10-01,America/Lima,"[""10:00"", ""10:30"", ""12:00"", ""13:00"", ""13:30""]"
ae_012,2026-10-02,America/Lima,"[""09:30"", ""10:00"", ""10:30"", ""11:00"", ""11:30"", ""12:00"", ""13:30"", ""14:30"", ""15:00"", ""15:30"", ""16:00""]"
ae_012,2026-10-05,America/Lima,"[""09:00"", ""10:00"", ""10:30"", ""12:30"", ""13:00"", ""14:30"", ""15:00"", ""16:30""]"
ae_012,2026-10-06,America/Lima,"[""09:30"", ""10:00"", ""11:30"", ""12:00"", ""12:30"", ""13:00"", ""14:30"", ""15:00"", ""15:30""]"
ae_012,2026-10-07,America/Lima,"[""10:00"", ""10:30"", ""12:00"", ""13:00"", ""13:30"", ""14:30"", ""15:00"", ""16:30""]"
ae_012,2026-10-08,America/Lima,"[""10:00"", ""11:00"", ""11:30"", ""12:00"", ""12:30"", ""13:00""]"
ae_012,2026-10-09,America/Lima,"[""09:30"", ""10:00"", ""10:30"", ""11:30"", ""12:00"", ""12:30"", ""13:30"", ""14:30"", ""15:30"", ""16:30""]"
ae_012,2026-10-12,America/Lima,"[""10:30"", ""11:00"", ""11:30"", ""12:30"", ""13:00"", ""13:30"", ""14:00"", ""15:30"", ""16:00""]"
ae_012,2026-10-13,America/Lima,"[""09:00"", ""10:30"", ""12:30"", ""13:00"", ""14:30"", ""15:30"", ""16:00""]"
ae_012,2026-10-14,America/Lima,"[""09:30"", ""10:00"", ""10:30"", ""11:00"", ""11:30"", ""13:30"", ""14:00"", ""16:00""]"
ae_012,2026-10-15,America/Lima,"[""10:30"", ""11:00"", ""11:30"", ""12:00"", ""14:30"", ""15:00"", ""15:30""]"
ae_012,2026-10-16,America/Lima,"[""09:00"", ""11:00"", ""11:30"", ""15:00"", ""16:30""]"
ae_012,2026-10-19,America/Lima,"[""09:00"", ""09:30"", ""10:00"", ""10:30"", ""11:00"", ""11:30"", ""12:00"", ""13:00"", ""13:30"", ""15:00"", ""15:30"", ""16:00"", ""16:30""]"
ae_012,2026-10-20,America/Lima,"[""09:00"", ""10:00"", ""10:30"", ""11:30"", ""13:30"", ""14:00"", ""14:30"", ""15:00"", ""15:30"", ""16:00""]"
ae_012,2026-10-21,America/Lima,"[""09:00"", ""09:30"", ""11:00"", ""11:30"", ""12:00"", ""12:30"", ""13:00"", ""14:00"", ""14:30"", ""15:30"", ""16:30""]"
ae_012,2026-10-22,America/Lima,"[""09:30"", ""11:00"", ""11:30"", ""12:00"", ""12:30"", ""14:00"", ""15:00"", ""15:30"", ""16:00"", ""16:30""]"
ae_012,2026-10-23,America/Lima,"[""09:00"", ""09:30"", ""10:00"", ""10:30"", ""11:00"", ""12:30"", ""13:00"", ""14:30"", ""15:00"", ""16:00"", ""16:30""]"
ae_012,2026-10-26,America/Lima,"[""09:00"", ""09:30"", ""10:30"", ""11:00"", ""11:30"", ""12:00"", ""13:00"", ""13:30"", ""14:00"", ""16:00"", ""16:30""]"
ae_012,2026-10-27,America/Lima,"[""09:00"", ""10:30"", ""12:30"", ""13:00"", ""14:30"", ""15:00"", ""15:30"", ""16:00"", ""16:30""]"
ae_012,2026-10-28,America/Lima,"[""10:00"", ""10:30"", ""11:00"", ""12:00"", ""12:30"", ""13:00"", ""13:30"", ""14:00"", ""14:30"", ""15:30"", ""16:00""]"
ae_012,2026-10-29,America/Lima,"[""09:30"", ""11:30"", ""12:30"", ""13:30"", ""14:00"", ""15:30""]"
ae_012,2026-10-30,America/Lima,"[""09:00"", ""09:30"", ""10:00"", ""11:00"", ""12:30"", ""13:30"", ""14:00"", ""14:30"", ""15:00"", ""16:00"", ""16:30""]"
ae_013,2026-10-01,America/Mexico_City,"[""11:00"", ""12:00"", ""13:30"", ""14:00"", ""14:30"", ""15:00"", ""15:30"", ""16:30""]"
ae_013,2026-10-02,America/Mexico_City,"[""10:00"", ""10:30"", ""11:00"", ""11:30"", ""12:30"", ""13:00"", ""13:30"", ""14:00"", ""15:00"", ""16:00""]"
ae_013,2026-10-05,America/Mexico_City,"[""10:30"", ""12:30"", ""13:00"", ""14:30"", ""15:00"", ""16:30""]"
ae_013,2026-10-06,America/Mexico_City,"[""09:00"", ""09:30"", ""11:00"", ""12:00"", ""13:30"", ""14:30"", ""15:00"", ""15:30"", ""16:00""]"
ae_013,2026-10-07,America/Mexico_City,"[""09:00"", ""10:30"", ""12:30"", ""13:30"", ""14:00"", ""15:00"", ""15:30""]"
ae_013,2026-10-08,America/Mexico_City,"[""10:00"", ""11:00"", ""11:30"", ""12:00"", ""12:30"", ""13:00"", ""14:00"", ""14:30"", ""16:00""]"
ae_013,2026-10-09,America/Mexico_City,"[""09:00"", ""09:30"", ""11:00"", ""11:30"", ""12:30"", ""15:00"", ""16:30""]"
ae_013,2026-10-12,America/Mexico_City,"[""10:30"", ""11:30"", ""12:30"", ""13:00"", ""14:00"", ""14:30"", ""16:00""]"
ae_013,2026-10-13,America/Mexico_City,"[""09:30"", ""11:30"", ""13:00"", ""14:30"", ""16:00"", ""16:30""]"
ae_013,2026-10-14,America/Mexico_City,"[""09:00"", ""09:30"", ""13:30"", ""14:30"", ""15:00"", ""16:00""]"
ae_013,2026-10-15,America/Mexico_City,"[""09:30"", ""13:30"", ""15:00"", ""16:00"", ""16:30""]"
ae_013,2026-10-16,America/Mexico_City,"[""09:00"", ""10:00"", ""10:30"", ""11:00"", ""12:30"", ""13:00"", ""13:30"", ""14:00"", ""14:30"", ""15:00"", ""15:30"", ""16:00""]"
ae_013,2026-10-19,America/Mexico_City,"[""09:00"", ""10:00"", ""11:00"", ""12:00"", ""12:30"", ""13:30"", ""14:00"", ""14:30"", ""15:00"", ""16:00"", ""16:30""]"
ae_013,2026-10-20,America/Mexico_City,"[""09:30"", ""10:00"", ""11:00"", ""12:00"", ""12:30"", ""13:00"", ""14:00"", ""15:30"", ""16:00"", ""16:30""]"
ae_013,2026-10-21,America/Mexico_City,"[""09:00"", ""09:30"", ""10:30"", ""11:30"", ""12:00"", ""12:30"", ""13:00"", ""14:00"", ""15:00"", ""15:30"", ""16:00"", ""16:30""]"
ae_013,2026-10-22,America/Mexico_City,"[""09:30"", ""10:00"", ""10:30"", ""11:00"", ""11:30"", ""13:30"", ""14:30"", ""15:30"", ""16:30""]"
ae_013,2026-10-23,America/Mexico_City,"[""09:00"", ""09:30"", ""10:00"", ""11:00"", ""11:30"", ""12:00"", ""14:00"", ""15:00"", ""15:30"", ""16:00"", ""16:30""]"
ae_013,2026-10-26,America/Mexico_City,"[""09:30"", ""10:00"", ""10:30"", ""11:30"", ""12:00"", ""12:30"", ""13:00"", ""14:00"", ""14:30"", ""15:00"", ""15:30"", ""16:00"", ""16:30""]"
ae_013,2026-10-27,America/Mexico_City,"[""10:30"", ""11:30"", ""12:00"", ""12:30"", ""13:00"", ""14:00"", ""15:00"", ""15:30""]"
ae_013,2026-10-28,America/Mexico_City,"[""09:00"", ""09:30"", ""10:30"", ""11:30"", ""12:30"", ""13:30"", ""15:30"", ""16:00""]"
ae_013,2026-10-29,America/Mexico_City,"[""09:00"", ""09:30"", ""10:00"", ""11:30"", ""12:00"", ""12:30"", ""13:00"", ""14:00"", ""14:30"", ""15:00"", ""16:00""]"
ae_013,2026-10-30,America/Mexico_City,"[""09:00"", ""09:30"", ""10:00"", ""10:30"", ""11:00"", ""12:30"", ""13:00"", ""13:30"", ""15:00"", ""16:30""]"
ae_014,2026-10-01,America/Bogota,"[""09:00"", ""09:30"", ""11:30"", ""12:00"", ""13:00"", ""14:00"", ""14:30"", ""15:30"", ""16:00"", ""16:30""]"
ae_014,2026-10-02,America/Bogota,"[""09:30"", ""10:00"", ""10:30"", ""11:00"", ""11:30"", ""12:00"", ""14:00"", ""14:30"", ""15:00""]"
ae_014,2026-10-05,America/Bogota,"[""09:30"", ""11:00"", ""11:30"", ""14:00"", ""14:30"", ""15:00"", ""16:00"", ""16:30""]"
ae_014,2026-10-06,America/Bogota,"[""09:00"", ""09:30"", ""10:30"", ""12:00"", ""13:30"", ""14:30"", ""15:00"", ""16:00""]"
ae_014,2026-10-07,America/Bogota,"[""09:30"", ""10:30"", ""12:00"", ""12:30"", ""14:30"", ""15:00"", ""16:30""]"
ae_014,2026-10-08,America/Bogota,"[""09:30"", ""10:30"", ""11:30"", ""12:30"", ""13:00"", ""15:30"", ""16:00""]"
ae_014,2026-10-09,America/Bogota,"[""09:00"", ""11:30"", ""12:30"", ""13:00"", ""13:30"", ""14:00"", ""16:30""]"
ae_014,2026-10-12,America/Bogota,"[""09:00"", ""10:00"", ""10:30"", ""11:00"", ""11:30"", ""12:00"", ""12:30"", ""13:00"", ""13:30"", ""14:00"", ""15:00"", ""15:30"", ""16:30""]"
ae_014,2026-10-13,America/Bogota,"[""09:00"", ""09:30"", ""11:30"", ""12:30"", ""13:00"", ""14:00"", ""15:30"", ""16:00""]"
ae_014,2026-10-14,America/Bogota,"[""09:00"", ""09:30"", ""10:00"", ""10:30"", ""12:00"", ""12:30"", ""14:30"", ""16:00""]"
ae_014,2026-10-15,America/Bogota,"[""09:00"", ""09:30"", ""10:30"", ""11:00"", ""11:30"", ""13:30"", ""14:00"", ""15:30"", ""16:00""]"
ae_014,2026-10-16,America/Bogota,"[""09:00"", ""09:30"", ""11:30"", ""12:30"", ""13:00"", ""15:00"", ""15:30""]"
ae_014,2026-10-19,America/Bogota,"[""09:30"", ""10:00"", ""10:30"", ""11:30"", ""12:00"", ""12:30"", ""13:00"", ""13:30"", ""14:30"", ""15:30"", ""16:00"", ""16:30""]"
ae_014,2026-10-20,America/Bogota,"[""09:30"", ""10:00"", ""12:00"", ""15:00"", ""16:30""]"
ae_014,2026-10-21,America/Bogota,"[""09:30"", ""10:30"", ""11:00"", ""11:30"", ""13:00"", ""13:30"", ""15:00"", ""15:30"", ""16:00"", ""16:30""]"
ae_014,2026-10-22,America/Bogota,"[""09:30"", ""11:00"", ""11:30"", ""12:00"", ""12:30"", ""13:00"", ""13:30"", ""14:00"", ""15:00"", ""15:30"", ""16:00""]"
ae_014,2026-10-23,America/Bogota,"[""09:00"", ""10:00"", ""10:30"", ""11:00"", ""13:30"", ""15:00""]"
ae_014,2026-10-26,America/Bogota,"[""09:30"", ""10:00"", ""11:30"", ""12:30"", ""13:00"", ""14:00"", ""15:30"", ""16:00"", ""16:30""]"
ae_014,2026-10-27,America/Bogota,"[""10:30"", ""11:30"", ""12:00"", ""13:00"", ""13:30"", ""14:00"", ""15:00"", ""16:00"", ""16:30""]"
ae_014,2026-10-28,America/Bogota,"[""09:30"", ""10:00"", ""10:30"", ""11:30"", ""12:00"", ""12:30"", ""13:00"", ""15:00"", ""15:30"", ""16:30""]"
ae_014,2026-10-29,America/Bogota,"[""10:00"", ""11:00"", ""13:30"", ""14:00"", ""14:30""]"
ae_014,2026-10-30,America/Bogota,"[""09:00"", ""09:30"", ""10:00"", ""11:00"", ""11:30"", ""12:00"", ""12:30"", ""13:00"", ""13:30"", ""14:00"", ""14:30"", ""15:00"", ""16:00"", ""16:30""]"
ae_015,2026-10-01,America/Sao_Paulo,"[""10:00"", ""10:30"", ""11:00"", ""12:00"", ""12:30"", ""13:30"", ""14:00"", ""14:30"", ""15:00"", ""16:30""]"
ae_015,2026-10-02,America/Sao_Paulo,"[""09:30"", ""10:00"", ""10:30"", ""12:00"", ""13:00"", ""14:00"", ""14:30"", ""15:00""]"
ae_015,2026-10-05,America/Sao_Paulo,"[""09:30"", ""10:00"", ""11:30"", ""13:00"", ""14:30"", ""15:00"", ""15:30"", ""16:30""]"
ae_015,2026-10-06,America/Sao_Paulo,"[""09:00"", ""09:30"", ""10:00"", ""10:30"", ""11:00"", ""12:00"", ""12:30"", ""13:00"", ""13:30"", ""14:00"", ""15:30""]"
ae_015,2026-10-07,America/Sao_Paulo,"[""09:00"", ""09:30"", ""10:00"", ""10:30"", ""11:00"", ""12:00"", ""14:00"", ""15:00"", ""16:00"", ""16:30""]"
ae_015,2026-10-08,America/Sao_Paulo,"[""09:00"", ""09:30"", ""10:00"", ""10:30"", ""11:00"", ""11:30"", ""12:30"", ""14:00"", ""14:30"", ""15:00"", ""15:30""]"
ae_015,2026-10-09,America/Sao_Paulo,"[""09:00"", ""10:00"", ""11:30"", ""12:30"", ""15:30"", ""16:00"", ""16:30""]"
ae_015,2026-10-12,America/Sao_Paulo,"[""09:00"", ""09:30"", ""10:00"", ""10:30"", ""11:00"", ""13:30"", ""14:00"", ""14:30"", ""15:00"", ""16:30""]"
ae_015,2026-10-13,America/Sao_Paulo,"[""09:00"", ""10:00"", ""10:30"", ""11:00"", ""11:30"", ""12:00"", ""13:00"", ""13:30"", ""14:30"", ""15:00"", ""15:30"", ""16:00""]"
ae_015,2026-10-14,America/Sao_Paulo,"[""09:00"", ""09:30"", ""10:00"", ""10:30"", ""11:00"", ""12:00"", ""12:30"", ""13:00"", ""14:00"", ""15:00"", ""15:30"", ""16:30""]"
ae_015,2026-10-15,America/Sao_Paulo,"[""09:30"", ""10:00"", ""10:30"", ""12:00"", ""13:00"", ""13:30"", ""14:00"", ""14:30"", ""16:00"", ""16:30""]"
ae_015,2026-10-16,America/Sao_Paulo,"[""09:00"", ""09:30"", ""10:00"", ""10:30"", ""13:30"", ""14:00"", ""15:00"", ""15:30"", ""16:30""]"
ae_015,2026-10-19,America/Sao_Paulo,"[""09:30"", ""10:00"", ""11:30"", ""13:00"", ""13:30"", ""14:00"", ""15:00"", ""15:30"", ""16:30""]"
ae_015,2026-10-20,America/Sao_Paulo,"[""09:00"", ""10:00"", ""10:30"", ""11:30"", ""12:00"", ""12:30"", ""13:00"", ""14:00"", ""14:30"", ""15:30"", ""16:00"", ""16:30""]"
ae_015,2026-10-21,America/Sao_Paulo,"[""09:30"", ""10:00"", ""11:00"", ""12:00"", ""13:00"", ""13:30"", ""15:00"", ""15:30"", ""16:30""]"
ae_015,2026-10-22,America/Sao_Paulo,"[""09:00"", ""09:30"", ""10:00"", ""10:30"", ""11:30"", ""13:00"", ""14:00"", ""15:00"", ""15:30"", ""16:00"", ""16:30""]"
ae_015,2026-10-23,America/Sao_Paulo,"[""09:00"", ""09:30"", ""10:00"", ""10:30"", ""11:00"", ""12:00"", ""12:30"", ""13:30"", ""14:00"", ""14:30"", ""15:00"", ""16:00"", ""16:30""]"
ae_015,2026-10-26,America/Sao_Paulo,"[""11:00"", ""13:00"", ""14:30"", ""15:00"", ""16:00""]"
ae_015,2026-10-27,America/Sao_Paulo,"[""11:00"", ""11:30"", ""13:30"", ""15:00"", ""15:30"", ""16:00"", ""16:30""]"
ae_015,2026-10-28,America/Sao_Paulo,"[""09:00"", ""09:30"", ""10:00"", ""10:30"", ""11:00"", ""12:30"", ""13:00"", ""14:00"", ""14:30"", ""15:00"", ""15:30"", ""16:00"", ""16:30""]"
ae_015,2026-10-29,America/Sao_Paulo,"[""10:30"", ""11:00"", ""12:30"", ""13:30"", ""14:30"", ""16:30""]"
ae_015,2026-10-30,America/Sao_Paulo,"[""09:00"", ""09:30"", ""10:00"", ""10:30"", ""12:30"", ""13:30"", ""14:00"", ""14:30"", ""16:00""]"
ae_016,2026-10-01,America/Santiago,"[""10:30"", ""11:00"", ""13:00"", ""13:30"", ""14:30"", ""15:30""]"
ae_016,2026-10-02,America/Santiago,"[""09:30"", ""11:00"", ""12:30"", ""13:30"", ""14:00"", ""14:30"", ""16:00""]"
ae_016,2026-10-05,America/Santiago,"[""09:00"", ""09:30"", ""10:00"", ""11:00"", ""12:00"", ""13:30"", ""14:00"", ""15:00"", ""15:30"", ""16:30""]"
ae_016,2026-10-06,America/Santiago,"[""10:30"", ""11:00"", ""12:30"", ""15:30"", ""16:00"", ""16:30""]"
ae_016,2026-10-07,America/Santiago,"[""10:30"", ""11:30"", ""12:00"", ""13:00"", ""14:00"", ""15:00"", ""15:30"", ""16:00"", ""16:30""]"
ae_016,2026-10-08,America/Santiago,"[""09:00"", ""10:00"", ""10:30"", ""11:00"", ""12:00"", ""13:30"", ""15:30"", ""16:00"", ""16:30""]"
ae_016,2026-10-09,America/Santiago,"[""09:00"", ""09:30"", ""10:30"", ""11:00"", ""11:30"", ""13:00"", ""13:30"", ""15:00"", ""15:30"", ""16:00""]"
ae_016,2026-10-12,America/Santiago,"[""09:30"", ""10:30"", ""11:00"", ""12:30"", ""13:00"", ""13:30"", ""14:30"", ""15:00"", ""16:00""]"
ae_016,2026-10-13,America/Santiago,"[""09:00"", ""10:30"", ""11:00"", ""11:30"", ""12:30"", ""13:30"", ""15:00"", ""15:30""]"
ae_016,2026-10-14,America/Santiago,"[""09:30"", ""10:00"", ""10:30"", ""11:00"", ""11:30"", ""12:00"", ""12:30"", ""13:00"", ""14:00"", ""15:00"", ""15:30""]"
ae_016,2026-10-15,America/Santiago,"[""09:30"", ""10:00"", ""10:30"", ""12:00"", ""13:00"", ""13:30"", ""15:00"", ""15:30""]"
ae_016,2026-10-16,America/Santiago,"[""09:00"", ""09:30"", ""10:00"", ""10:30"", ""11:00"", ""12:00"", ""13:00"", ""13:30"", ""14:00"", ""14:30"", ""15:00"", ""15:30"", ""16:00""]"
ae_016,2026-10-19,America/Santiago,"[""09:00"", ""09:30"", ""10:00"", ""10:30"", ""11:00"", ""12:30"", ""13:30"", ""15:00"", ""16:00""]"
ae_016,2026-10-20,America/Santiago,"[""09:00"", ""10:00"", ""10:30"", ""12:00"", ""12:30"", ""13:30"", ""14:30""]"
ae_016,2026-10-21,America/Santiago,"[""09:30"", ""10:30"", ""11:30"", ""12:00"", ""13:00"", ""13:30"", ""14:00"", ""15:00"", ""16:00"", ""16:30""]"
ae_016,2026-10-22,America/Santiago,"[""09:00"", ""11:30"", ""12:00"", ""13:00"", ""13:30"", ""14:00"", ""15:00"", ""15:30"", ""16:30""]"
ae_016,2026-10-23,America/Santiago,"[""09:00"", ""10:00"", ""10:30"", ""11:00"", ""11:30"", ""12:00"", ""12:30"", ""13:30"", ""14:00"", ""15:30"", ""16:00"", ""16:30""]"
ae_016,2026-10-26,America/Santiago,"[""09:00"", ""09:30"", ""10:30"", ""12:30"", ""13:00"", ""13:30"", ""15:00"", ""15:30"", ""16:00"", ""16:30""]"
ae_016,2026-10-27,America/Santiago,"[""09:00"", ""09:30"", ""10:00"", ""10:30"", ""11:30"", ""12:00"", ""15:00"", ""15:30"", ""16:30""]"
ae_016,2026-10-28,America/Santiago,"[""09:00"", ""10:00"", ""10:30"", ""12:00"", ""14:00"", ""15:00""]"
ae_016,2026-10-29,America/Santiago,"[""09:00"", ""10:00"", ""11:00"", ""13:30"", ""14:30"", ""15:00"", ""15:30""]"
ae_016,2026-10-30,America/Santiago,"[""09:00"", ""10:00"", ""10:30"", ""11:30"", ""12:00"", ""12:30"", ""13:00"", ""15:00""]"
ae_017,2026-10-01,America/Argentina/Buenos_Aires,[]
ae_017,2026-10-02,America/Argentina/Buenos_Aires,[]
ae_017,2026-10-05,America/Argentina/Buenos_Aires,[]
ae_017,2026-10-06,America/Argentina/Buenos_Aires,[]
ae_017,2026-10-07,America/Argentina/Buenos_Aires,[]
ae_017,2026-10-08,America/Argentina/Buenos_Aires,[]
ae_017,2026-10-09,America/Argentina/Buenos_Aires,[]
ae_017,2026-10-12,America/Argentina/Buenos_Aires,[]
ae_017,2026-10-13,America/Argentina/Buenos_Aires,[]
ae_017,2026-10-14,America/Argentina/Buenos_Aires,[]
ae_017,2026-10-15,America/Argentina/Buenos_Aires,[]
ae_017,2026-10-16,America/Argentina/Buenos_Aires,"[""09:00"", ""09:30"", ""10:00"", ""10:30"", ""11:30"", ""12:00"", ""14:00"", ""14:30"", ""15:00"", ""15:30"", ""16:30""]"
ae_017,2026-10-19,America/Argentina/Buenos_Aires,"[""09:00"", ""10:30"", ""11:30"", ""12:30"", ""13:30"", ""14:00"", ""14:30"", ""15:30""]"
ae_017,2026-10-20,America/Argentina/Buenos_Aires,"[""09:00"", ""10:00"", ""11:00"", ""12:00"", ""12:30"", ""13:00"", ""13:30"", ""16:00""]"
ae_017,2026-10-21,America/Argentina/Buenos_Aires,"[""09:00"", ""12:00"", ""13:00"", ""13:30"", ""14:00"", ""15:00"", ""16:00"", ""16:30""]"
ae_017,2026-10-22,America/Argentina/Buenos_Aires,"[""09:00"", ""09:30"", ""11:00"", ""12:00"", ""12:30"", ""13:30"", ""14:30"", ""15:00"", ""15:30"", ""16:00""]"
ae_017,2026-10-23,America/Argentina/Buenos_Aires,"[""09:00"", ""09:30"", ""11:00"", ""11:30"", ""13:00"", ""14:00"", ""15:00"", ""15:30"", ""16:00"", ""16:30""]"
ae_017,2026-10-26,America/Argentina/Buenos_Aires,"[""11:00"", ""13:00"", ""14:00"", ""15:30""]"
ae_017,2026-10-27,America/Argentina/Buenos_Aires,"[""10:00"", ""11:30"", ""12:00"", ""13:00"", ""13:30"", ""14:00"", ""15:00"", ""16:00"", ""16:30""]"
ae_017,2026-10-28,America/Argentina/Buenos_Aires,"[""09:00"", ""10:30"", ""11:00"", ""12:00"", ""12:30"", ""13:00"", ""14:30"", ""16:30""]"
ae_017,2026-10-29,America/Argentina/Buenos_Aires,"[""09:00"", ""09:30"", ""10:00"", ""11:30"", ""12:00"", ""12:30"", ""13:00"", ""13:30"", ""14:30"", ""15:00"", ""16:00""]"
ae_017,2026-10-30,America/Argentina/Buenos_Aires,"[""09:00"", ""09:30"", ""10:00"", ""11:30"", ""12:00"", ""12:30"", ""13:00"", ""13:30"", ""14:30"", ""15:00"", ""15:30"", ""16:30""]"
ae_018,2026-10-01,America/Lima,"[""09:30"", ""10:00"", ""11:00"", ""11:30"", ""15:00"", ""16:30""]"
ae_018,2026-10-02,America/Lima,"[""09:00"", ""09:30"", ""10:30"", ""11:30"", ""12:30"", ""13:00"", ""13:30"", ""14:00""]"
ae_018,2026-10-05,America/Lima,"[""11:00"", ""11:30"", ""12:30"", ""14:00"", ""14:30"", ""16:00""]"
ae_018,2026-10-06,America/Lima,"[""09:00"", ""09:30"", ""10:00"", ""10:30"", ""11:00"", ""12:30"", ""16:00"", ""16:30""]"
ae_018,2026-10-07,America/Lima,"[""09:00"", ""11:00"", ""13:00"", ""14:30"", ""15:00"", ""15:30"", ""16:00"", ""16:30""]"
ae_018,2026-10-08,America/Lima,"[""09:00"", ""10:00"", ""11:00"", ""12:30"", ""13:00"", ""13:30"", ""15:00"", ""15:30"", ""16:30""]"
ae_018,2026-10-09,America/Lima,"[""10:00"", ""11:00"", ""11:30"", ""12:30"", ""13:00"", ""14:00"", ""14:30"", ""16:30""]"
ae_018,2026-10-12,America/Lima,"[""09:00"", ""10:00"", ""10:30"", ""11:30"", ""12:00"", ""13:30"", ""15:00"", ""15:30"", ""16:00""]"
ae_018,2026-10-13,America/Lima,"[""09:00"", ""09:30"", ""10:00"", ""10:30"", ""12:00"", ""12:30"", ""13:00"", ""13:30"", ""14:00"", ""15:00"", ""15:30"", ""16:00""]"
ae_018,2026-10-14,America/Lima,"[""09:00"", ""09:30"", ""10:00"", ""11:30"", ""13:00"", ""14:00"", ""14:30"", ""15:30"", ""16:30""]"
ae_018,2026-10-15,America/Lima,"[""09:00"", ""10:00"", ""11:30"", ""12:00"", ""12:30"", ""13:00"", ""14:30"", ""15:00"", ""15:30"", ""16:00"", ""16:30""]"
ae_018,2026-10-16,America/Lima,"[""09:00"", ""10:30"", ""11:00"", ""12:00"", ""12:30"", ""13:00"", ""13:30"", ""14:00"", ""15:00"", ""15:30"", ""16:00""]"
ae_018,2026-10-19,America/Lima,"[""09:00"", ""09:30"", ""10:00"", ""10:30"", ""11:30"", ""12:00"", ""12:30"", ""13:30"", ""14:00"", ""15:30"", ""16:30""]"
ae_018,2026-10-20,America/Lima,"[""09:00"", ""11:00"", ""13:00"", ""13:30"", ""14:30"", ""15:00"", ""16:30""]"
ae_018,2026-10-21,America/Lima,"[""10:30"", ""11:00"", ""12:30"", ""13:30"", ""14:00"", ""14:30"", ""15:00"", ""16:30""]"
ae_018,2026-10-22,America/Lima,"[""09:00"", ""09:30"", ""10:30"", ""11:30"", ""12:00"", ""12:30"", ""13:00"", ""13:30"", ""14:30"", ""15:00"", ""16:00""]"
ae_018,2026-10-23,America/Lima,"[""10:00"", ""10:30"", ""11:00"", ""11:30"", ""12:30"", ""13:00"", ""13:30"", ""14:00"", ""14:30"", ""15:00"", ""15:30""]"
ae_018,2026-10-26,America/Lima,"[""09:00"", ""09:30"", ""10:00"", ""10:30"", ""11:00"", ""11:30"", ""12:00"", ""13:00"", ""14:00"", ""14:30"", ""15:00"", ""16:00""]"
ae_018,2026-10-27,America/Lima,"[""09:00"", ""10:00"", ""13:00"", ""14:00"", ""15:00"", ""15:30""]"
ae_018,2026-10-28,America/Lima,"[""09:30"", ""10:00"", ""10:30"", ""11:30"", ""12:00"", ""12:30"", ""13:00"", ""15:00"", ""16:30""]"
ae_018,2026-10-29,America/Lima,"[""09:00"", ""09:30"", ""10:30"", ""11:00"", ""13:00"", ""14:00""]"
ae_018,2026-10-30,America/Lima,"[""09:00"", ""09:30"", ""10:30"", ""11:30"", ""13:00"", ""13:30"", ""14:00"", ""15:00"", ""15:30""]"
ae_019,2026-10-01,America/Mexico_City,"[""09:00"", ""09:30"", ""10:00"", ""10:30"", ""11:00"", ""12:30"", ""13:00"", ""13:30"", ""14:30"", ""15:00"", ""15:30"", ""16:30""]"
ae_019,2026-10-02,America/Mexico_City,"[""09:00"", ""10:30"", ""11:00"", ""12:00"", ""12:30"", ""13:30"", ""14:00"", ""15:00"", ""16:30""]"
ae_019,2026-10-05,America/Mexico_City,"[""09:00"", ""10:00"", ""10:30"", ""11:30"", ""14:30""]"
ae_019,2026-10-06,America/Mexico_City,"[""09:30"", ""10:00"", ""12:00"", ""12:30"", ""13:00"", ""14:00"", ""14:30"", ""15:00"", ""16:30""]"
ae_019,2026-10-07,America/Mexico_City,"[""09:00"", ""09:30"", ""11:30"", ""12:00"", ""13:00"", ""13:30"", ""14:30"", ""15:00"", ""15:30"", ""16:00""]"
ae_019,2026-10-08,America/Mexico_City,"[""09:30"", ""10:00"", ""11:30"", ""12:30""]"
ae_019,2026-10-09,America/Mexico_City,"[""09:00"", ""10:00"", ""10:30"", ""11:00"", ""11:30"", ""12:00"", ""13:00"", ""13:30"", ""14:30"", ""16:30""]"
ae_019,2026-10-12,America/Mexico_City,"[""09:30"", ""10:00"", ""11:30"", ""12:00"", ""12:30"", ""13:00"", ""13:30"", ""14:00"", ""14:30"", ""16:00"", ""16:30""]"
ae_019,2026-10-13,America/Mexico_City,"[""09:00"", ""10:30"", ""11:00"", ""11:30"", ""15:00"", ""15:30""]"
ae_019,2026-10-14,America/Mexico_City,"[""09:30"", ""10:00"", ""12:00"", ""13:30"", ""14:00"", ""15:00"", ""16:30""]"
ae_019,2026-10-15,America/Mexico_City,"[""09:00"", ""09:30"", ""10:30"", ""12:00"", ""13:00"", ""14:00"", ""15:00"", ""15:30"", ""16:00""]"
ae_019,2026-10-16,America/Mexico_City,"[""09:30"", ""10:00"", ""10:30"", ""11:00"", ""12:30"", ""13:00"", ""14:00"", ""14:30""]"
ae_019,2026-10-19,America/Mexico_City,"[""09:00"", ""10:30"", ""11:30"", ""12:00"", ""12:30"", ""13:00"", ""13:30"", ""14:30"", ""15:00"", ""16:00"", ""16:30""]"
ae_019,2026-10-20,America/Mexico_City,"[""09:00"", ""10:00"", ""11:00"", ""11:30"", ""12:00"", ""12:30"", ""13:00"", ""14:00"", ""15:00"", ""15:30"", ""16:30""]"
ae_019,2026-10-21,America/Mexico_City,"[""09:30"", ""10:00"", ""11:00"", ""11:30"", ""12:30"", ""14:30"", ""16:00"", ""16:30""]"
ae_019,2026-10-22,America/Mexico_City,"[""09:30"", ""14:00"", ""14:30"", ""15:30""]"
ae_019,2026-10-23,America/Mexico_City,"[""09:00"", ""09:30"", ""10:30"", ""11:00"", ""12:00"", ""12:30"", ""13:30"", ""14:30"", ""15:00"", ""16:30""]"
ae_019,2026-10-26,America/Mexico_City,"[""10:00"", ""10:30"", ""11:00"", ""11:30"", ""13:00"", ""14:00"", ""14:30"", ""16:00""]"
ae_019,2026-10-27,America/Mexico_City,"[""09:00"", ""10:00"", ""10:30"", ""11:00"", ""11:30"", ""12:00"", ""12:30"", ""13:00"", ""13:30"", ""14:00"", ""15:00"", ""15:30"", ""16:00""]"
ae_019,2026-10-28,America/Mexico_City,"[""09:30"", ""10:00"", ""11:00"", ""11:30"", ""12:00"", ""13:30"", ""14:30"", ""15:30""]"
ae_019,2026-10-29,America/Mexico_City,"[""09:00"", ""09:30"", ""10:00"", ""10:30"", ""11:00"", ""11:30"", ""13:00"", ""13:30"", ""14:30"", ""16:30""]"
ae_019,2026-10-30,America/Mexico_City,"[""09:00"", ""11:00"", ""11:30"", ""12:00"", ""12:30"", ""13:00"", ""14:00"", ""15:00"", ""16:00""]"
ae_020,2026-10-01,America/Bogota,"[""09:30"", ""10:30"", ""12:00"", ""13:30"", ""14:30"", ""15:00"", ""16:00""]"
ae_020,2026-10-02,America/Bogota,"[""09:30"", ""10:30"", ""12:30"", ""13:30"", ""14:30"", ""15:00"", ""16:00""]"
ae_020,2026-10-05,America/Bogota,"[""09:30"", ""12:00"", ""12:30"", ""15:30"", ""16:00"", ""16:30""]"
ae_020,2026-10-06,America/Bogota,"[""12:30"", ""14:30"", ""15:00"", ""15:30"", ""16:00""]"
ae_020,2026-10-07,America/Bogota,"[""09:00"", ""09:30"", ""10:00"", ""11:00"", ""13:30"", ""14:30"", ""15:30"", ""16:00"", ""16:30""]"
ae_020,2026-10-08,America/Bogota,"[""09:00"", ""09:30"", ""10:00"", ""11:00"", ""11:30"", ""12:00"", ""12:30"", ""13:30"", ""14:30"", ""15:00"", ""15:30"", ""16:30""]"
ae_020,2026-10-09,America/Bogota,"[""10:00"", ""10:30"", ""11:00"", ""11:30"", ""12:00"", ""12:30"", ""13:00"", ""13:30"", ""14:00""]"
ae_020,2026-10-12,America/Bogota,"[""10:00"", ""10:30"", ""12:00"", ""13:00"", ""14:00"", ""14:30"", ""16:00""]"
ae_020,2026-10-13,America/Bogota,"[""10:00"", ""11:00"", ""11:30"", ""12:30"", ""13:30"", ""14:00"", ""14:30"", ""15:00"", ""15:30"", ""16:30""]"
ae_020,2026-10-14,America/Bogota,"[""09:00"", ""10:00"", ""10:30"", ""11:00"", ""11:30"", ""13:30"", ""14:30"", ""15:30"", ""16:00""]"
ae_020,2026-10-15,America/Bogota,"[""09:30"", ""11:00"", ""11:30"", ""12:00"", ""13:00"", ""13:30"", ""14:00"", ""14:30"", ""15:00"", ""15:30"", ""16:00"", ""16:30""]"
ae_020,2026-10-16,America/Bogota,"[""09:00"", ""09:30"", ""10:30"", ""11:30"", ""12:00"", ""13:00"", ""14:30"", ""16:00""]"
ae_020,2026-10-19,America/Bogota,"[""09:30"", ""10:00"", ""11:00"", ""11:30"", ""12:30"", ""13:00"", ""14:00"", ""14:30"", ""15:00""]"
ae_020,2026-10-20,America/Bogota,"[""09:00"", ""10:30"", ""11:30"", ""12:00"", ""12:30"", ""15:00""]"
ae_020,2026-10-21,America/Bogota,"[""10:00"", ""11:30"", ""12:30"", ""13:00"", ""14:00"", ""15:30""]"
ae_020,2026-10-22,America/Bogota,"[""09:00"", ""09:30"", ""10:00"", ""10:30"", ""11:00"", ""12:00"", ""12:30"", ""13:00"", ""13:30"", ""14:00"", ""14:30""]"
ae_020,2026-10-23,America/Bogota,"[""10:00"", ""12:00"", ""13:30"", ""14:30"", ""15:00"", ""15:30"", ""16:30""]"
ae_020,2026-10-26,America/Bogota,"[""10:00"", ""10:30"", ""11:30"", ""13:00"", ""13:30"", ""14:30"", ""15:00""]"
ae_020,2026-10-27,America/Bogota,"[""09:00"", ""10:00"", ""12:00"", ""12:30"", ""13:00"", ""13:30"", ""15:00"", ""16:00""]"
ae_020,2026-10-28,America/Bogota,"[""09:30"", ""10:00"", ""10:30"", ""13:00"", ""14:30"", ""16:00""]"
ae_020,2026-10-29,America/Bogota,"[""09:00"", ""10:30"", ""11:00"", ""12:00"", ""12:30"", ""13:00"", ""13:30"", ""14:30"", ""15:30"", ""16:30""]"
ae_020,2026-10-30,America/Bogota,"[""09:30"", ""10:30"", ""11:00"", ""11:30"", ""12:30"", ""13:30"", ""14:00"", ""15:00"", ""16:00"", ""16:30""]"
ae_021,2026-10-01,America/Sao_Paulo,"[""09:00"", ""10:30"", ""12:00"", ""14:00"", ""14:30"", ""15:30"", ""16:30""]"
ae_021,2026-10-02,America/Sao_Paulo,"[""09:00"", ""09:30"", ""12:00"", ""13:30"", ""14:00"", ""14:30"", ""15:00"", ""15:30"", ""16:00""]"
ae_021,2026-10-05,America/Sao_Paulo,"[""09:00"", ""09:30"", ""11:30"", ""12:30"", ""13:00"", ""13:30"", ""14:00"", ""16:00"", ""16:30""]"
ae_021,2026-10-06,America/Sao_Paulo,"[""09:30"", ""10:30"", ""11:00"", ""11:30"", ""12:00"", ""13:00"", ""14:00"", ""14:30"", ""15:00"", ""15:30"", ""16:00""]"
ae_021,2026-10-07,America/Sao_Paulo,"[""09:00"", ""10:30"", ""11:00"", ""11:30"", ""12:30"", ""13:00"", ""13:30"", ""14:00"", ""14:30"", ""15:00"", ""15:30"", ""16:00"", ""16:30""]"
ae_021,2026-10-08,America/Sao_Paulo,"[""10:30"", ""11:00"", ""11:30"", ""12:30"", ""13:00"", ""13:30"", ""14:00"", ""15:00"", ""15:30""]"
ae_021,2026-10-09,America/Sao_Paulo,"[""09:30"", ""10:30"", ""11:00"", ""11:30"", ""12:00"", ""14:30"", ""15:00"", ""15:30"", ""16:00""]"
ae_021,2026-10-12,America/Sao_Paulo,"[""09:30"", ""10:00"", ""10:30"", ""12:00"", ""13:00"", ""13:30"", ""15:00"", ""16:00"", ""16:30""]"
ae_021,2026-10-13,America/Sao_Paulo,"[""11:00"", ""11:30"", ""12:00"", ""12:30"", ""14:00"", ""14:30"", ""15:00"", ""15:30"", ""16:00"", ""16:30""]"
ae_021,2026-10-14,America/Sao_Paulo,"[""10:30"", ""11:00"", ""11:30"", ""12:00"", ""12:30"", ""14:00"", ""14:30"", ""15:00"", ""15:30"", ""16:00""]"
ae_021,2026-10-15,America/Sao_Paulo,"[""09:30"", ""11:00"", ""12:30"", ""13:30"", ""14:30"", ""15:00"", ""16:00"", ""16:30""]"
ae_021,2026-10-16,America/Sao_Paulo,"[""09:30"", ""10:00"", ""10:30"", ""11:00"", ""12:00"", ""13:30"", ""14:30"", ""16:00""]"
ae_021,2026-10-19,America/Sao_Paulo,"[""10:00"", ""11:30"", ""12:00"", ""14:00"", ""14:30"", ""16:00"", ""16:30""]"
ae_021,2026-10-20,America/Sao_Paulo,"[""09:00"", ""10:00"", ""10:30"", ""11:00"", ""11:30"", ""12:00"", ""12:30"", ""13:30"", ""14:30"", ""15:30"", ""16:00"", ""16:30""]"
ae_021,2026-10-21,America/Sao_Paulo,"[""09:30"", ""10:30"", ""11:30"", ""12:00"", ""13:00"", ""14:00"", ""14:30"", ""15:30"", ""16:00""]"
ae_021,2026-10-22,America/Sao_Paulo,"[""11:00"", ""12:00"", ""12:30"", ""13:30"", ""14:00"", ""14:30"", ""15:00"", ""15:30""]"
ae_021,2026-10-23,America/Sao_Paulo,"[""09:00"", ""10:30"", ""11:30"", ""12:00"", ""12:30"", ""13:00"", ""13:30"", ""15:30"", ""16:00"", ""16:30""]"
ae_021,2026-10-26,America/Sao_Paulo,"[""09:30"", ""10:30"", ""11:00"", ""12:00"", ""13:00"", ""14:00"", ""14:30""]"
ae_021,2026-10-27,America/Sao_Paulo,"[""09:00"", ""09:30"", ""12:30"", ""13:00"", ""13:30"", ""16:00""]"
ae_021,2026-10-28,America/Sao_Paulo,"[""09:00"", ""10:00"", ""11:00"", ""12:00"", ""13:00"", ""13:30"", ""14:00"", ""15:00""]"
ae_021,2026-10-29,America/Sao_Paulo,"[""09:00"", ""09:30"", ""10:00"", ""11:00"", ""11:30"", ""12:00"", ""12:30"", ""13:30"", ""14:00"", ""15:00"", ""15:30"", ""16:30""]"
ae_021,2026-10-30,America/Sao_Paulo,"[""09:30"", ""10:00"", ""13:00"", ""14:30""]"
ae_022,2026-10-01,America/Santiago,"[""09:00"", ""09:30"", ""10:00"", ""10:30"", ""12:00"", ""13:00"", ""14:30"", ""15:00"", ""16:30""]"
ae_022,2026-10-02,America/Santiago,"[""09:00"", ""09:30"", ""10:30"", ""15:30"", ""16:00""]"
ae_022,2026-10-05,America/Santiago,"[""09:00"", ""09:30"", ""10:00"", ""11:00"", ""12:00"", ""12:30"", ""13:00"", ""14:30"", ""15:00"", ""15:30"", ""16:00"", ""16:30""]"
ae_022,2026-10-06,America/Santiago,"[""09:30"", ""10:00"", ""10:30"", ""11:00"", ""11:30"", ""12:00"", ""13:00"", ""13:30"", ""15:30"", ""16:00"", ""16:30""]"
ae_022,2026-10-07,America/Santiago,"[""09:00"", ""09:30"", ""11:00"", ""13:00"", ""14:00"", ""15:00"", ""15:30"", ""16:00""]"
ae_022,2026-10-08,America/Santiago,"[""09:00"", ""09:30"", ""10:00"", ""10:30"", ""11:00"", ""11:30"", ""12:00"", ""12:30"", ""13:00"", ""14:00""]"
ae_022,2026-10-09,America/Santiago,"[""09:00"", ""10:00"", ""10:30"", ""12:30"", ""13:00"", ""14:00"", ""15:00"", ""16:30""]"
ae_022,2026-10-12,America/Santiago,"[""09:00"", ""09:30"", ""10:00"", ""10:30"", ""11:30"", ""12:30"", ""13:30"", ""14:00"", ""16:30""]"
ae_022,2026-10-13,America/Santiago,"[""10:00"", ""11:00"", ""12:00"", ""14:30"", ""15:30""]"
ae_022,2026-10-14,America/Santiago,"[""10:30"", ""11:30"", ""12:00"", ""12:30"", ""13:00"", ""13:30"", ""15:00"", ""15:30""]"
ae_022,2026-10-15,America/Santiago,"[""09:00"", ""10:00"", ""10:30"", ""11:00"", ""11:30"", ""12:00"", ""12:30"", ""13:00"", ""13:30"", ""14:00"", ""15:00"", ""15:30"", ""16:00"", ""16:30""]"
ae_022,2026-10-16,America/Santiago,"[""09:00"", ""09:30"", ""11:00"", ""15:00"", ""15:30"", ""16:00""]"
ae_022,2026-10-19,America/Santiago,"[""09:00"", ""09:30"", ""10:00"", ""10:30"", ""11:00"", ""12:30"", ""13:30""]"
ae_022,2026-10-20,America/Santiago,"[""09:00"", ""10:00"", ""10:30"", ""11:30"", ""12:30"", ""13:00"", ""14:30"", ""15:30"", ""16:30""]"
ae_022,2026-10-21,America/Santiago,"[""10:00"", ""10:30"", ""11:00"", ""12:00"", ""13:00"", ""14:00"", ""14:30"", ""15:30""]"
ae_022,2026-10-22,America/Santiago,"[""11:00"", ""11:30"", ""12:00"", ""12:30"", ""13:00"", ""13:30"", ""14:30"", ""15:00"", ""15:30"", ""16:00""]"
ae_022,2026-10-23,America/Santiago,"[""09:00"", ""10:00"", ""10:30"", ""13:00"", ""14:00"", ""15:00"", ""15:30"", ""16:30""]"
ae_022,2026-10-26,America/Santiago,"[""13:00"", ""14:30"", ""15:30"", ""16:00""]"
ae_022,2026-10-27,America/Santiago,"[""10:00"", ""11:30"", ""12:00"", ""12:30"", ""13:30"", ""15:00"", ""15:30"", ""16:00""]"
ae_022,2026-10-28,America/Santiago,"[""09:00"", ""09:30"", ""10:00"", ""11:00"", ""11:30"", ""12:00"", ""12:30"", ""13:00"", ""13:30"", ""14:00"", ""15:00"", ""16:00"", ""16:30""]"
ae_022,2026-10-29,America/Santiago,"[""09:00"", ""10:30"", ""12:30"", ""13:00"", ""13:30"", ""15:00"", ""15:30""]"
ae_022,2026-10-30,America/Santiago,"[""09:30"", ""10:00"", ""11:30"", ""12:00"", ""13:30"", ""14:00"", ""14:30"", ""15:00"", ""15:30""]"
ae_023,2026-10-01,America/Argentina/Buenos_Aires,"[""09:00"", ""09:30"", ""10:30"", ""11:00"", ""11:30"", ""12:00"", ""12:30"", ""13:00"", ""13:30"", ""15:30"", ""16:00"", ""16:30""]"
ae_023,2026-10-02,America/Argentina/Buenos_Aires,"[""09:00"", ""10:00"", ""11:00"", ""13:00"", ""13:30"", ""14:00"", ""16:30""]"
ae_023,2026-10-05,America/Argentina/Buenos_Aires,"[""09:00"", ""10:00"", ""10:30"", ""11:00"", ""11:30"", ""12:00"", ""13:00"", ""13:30"", ""14:00"", ""15:00"", ""15:30"", ""16:00"", ""16:30""]"
ae_023,2026-10-06,America/Argentina/Buenos_Aires,"[""09:30"", ""12:00"", ""12:30"", ""14:00"", ""14:30"", ""15:00"", ""15:30"", ""16:30""]"
ae_023,2026-10-07,America/Argentina/Buenos_Aires,"[""09:00"", ""10:00"", ""10:30"", ""11:30"", ""12:00"", ""14:00"", ""14:30"", ""15:30""]"
ae_023,2026-10-08,America/Argentina/Buenos_Aires,"[""09:00"", ""10:00"", ""11:00"", ""12:00"", ""14:30"", ""15:00"", ""16:00""]"
ae_023,2026-10-09,America/Argentina/Buenos_Aires,"[""09:30"", ""10:00"", ""10:30"", ""11:30"", ""12:00"", ""12:30"", ""13:00"", ""14:00"", ""14:30"", ""15:00"", ""15:30"", ""16:00""]"
ae_023,2026-10-12,America/Argentina/Buenos_Aires,"[""09:00"", ""10:00"", ""10:30"", ""11:30"", ""12:30"", ""13:00"", ""13:30"", ""14:00"", ""16:30""]"
ae_023,2026-10-13,America/Argentina/Buenos_Aires,"[""09:00"", ""09:30"", ""10:00"", ""13:30"", ""16:00""]"
ae_023,2026-10-14,America/Argentina/Buenos_Aires,"[""09:00"", ""09:30"", ""10:00"", ""10:30"", ""11:00"", ""12:30"", ""13:00"", ""13:30"", ""14:00"", ""14:30"", ""15:00"", ""16:00""]"
ae_023,2026-10-15,America/Argentina/Buenos_Aires,"[""09:00"", ""10:00"", ""11:00"", ""12:00"", ""13:00"", ""13:30"", ""14:00"", ""15:00"", ""16:00""]"
ae_023,2026-10-16,America/Argentina/Buenos_Aires,"[""10:00"", ""10:30"", ""12:00"", ""16:00"", ""16:30""]"
ae_023,2026-10-19,America/Argentina/Buenos_Aires,"[""09:00"", ""10:00"", ""13:00"", ""13:30"", ""14:00"", ""15:00"", ""15:30"", ""16:30""]"
ae_023,2026-10-20,America/Argentina/Buenos_Aires,"[""09:00"", ""09:30"", ""10:30"", ""11:30"", ""13:00"", ""14:30"", ""15:30""]"
ae_023,2026-10-21,America/Argentina/Buenos_Aires,"[""09:00"", ""09:30"", ""10:00"", ""11:00"", ""11:30"", ""12:30"", ""13:00"", ""14:00"", ""16:00"", ""16:30""]"
ae_023,2026-10-22,America/Argentina/Buenos_Aires,"[""09:00"", ""09:30"", ""10:00"", ""10:30"", ""11:30"", ""12:30"", ""13:30"", ""15:00"", ""15:30"", ""16:00""]"
ae_023,2026-10-23,America/Argentina/Buenos_Aires,"[""09:00"", ""11:30"", ""13:30"", ""14:00"", ""16:00"", ""16:30""]"
ae_023,2026-10-26,America/Argentina/Buenos_Aires,"[""10:00"", ""10:30"", ""11:30"", ""13:00"", ""15:00"", ""15:30""]"
ae_023,2026-10-27,America/Argentina/Buenos_Aires,"[""09:00"", ""09:30"", ""11:00"", ""11:30"", ""12:00"", ""13:00"", ""13:30"", ""14:30"", ""16:00""]"
ae_023,2026-10-28,America/Argentina/Buenos_Aires,"[""09:00"", ""09:30"", ""10:00"", ""10:30"", ""11:00"", ""11:30"", ""13:00"", ""14:00"", ""15:30"", ""16:00"", ""16:30""]"
ae_023,2026-10-29,America/Argentina/Buenos_Aires,"[""09:00"", ""11:00"", ""11:30"", ""13:00"", ""13:30"", ""14:00"", ""14:30"", ""15:00"", ""15:30"", ""16:00""]"
ae_023,2026-10-30,America/Argentina/Buenos_Aires,"[""09:00"", ""11:00"", ""11:30"", ""12:00"", ""12:30"", ""14:30"", ""15:30"", ""16:00"", ""16:30""]"
ae_024,2026-10-01,America/Lima,"[""09:00"", ""09:30"", ""11:00"", ""13:00"", ""15:30"", ""16:00"", ""16:30""]"
ae_024,2026-10-02,America/Lima,"[""09:00"", ""09:30"", ""10:30"", ""11:00"", ""11:30"", ""13:00"", ""13:30"", ""14:30"", ""15:00"", ""16:30""]"
ae_024,2026-10-05,America/Lima,"[""09:00"", ""09:30"", ""10:30"", ""12:00"", ""16:30""]"
ae_024,2026-10-06,America/Lima,"[""09:00"", ""10:00"", ""11:30"", ""12:00"", ""12:30"", ""14:00"", ""15:30"", ""16:00"", ""16:30""]"
ae_024,2026-10-07,America/Lima,"[""09:00"", ""09:30"", ""10:30"", ""11:30"", ""12:30"", ""14:30"", ""15:00"", ""15:30""]"
ae_024,2026-10-08,America/Lima,"[""09:00"", ""10:30"", ""11:30"", ""12:30"", ""13:00"", ""13:30"", ""14:00"", ""14:30"", ""15:00"", ""15:30"", ""16:30""]"
ae_024,2026-10-09,America/Lima,"[""09:00"", ""09:30"", ""10:30"", ""12:00"", ""12:30"", ""13:00"", ""13:30"", ""15:30"", ""16:30""]"
ae_024,2026-10-12,America/Lima,"[""09:00"", ""10:30"", ""11:00"", ""12:00"", ""13:00"", ""14:00"", ""15:00"", ""15:30"", ""16:30""]"
ae_024,2026-10-13,America/Lima,"[""09:00"", ""09:30"", ""10:00"", ""11:00"", ""12:30"", ""13:30"", ""14:00"", ""14:30""]"
ae_024,2026-10-14,America/Lima,"[""09:30"", ""10:00"", ""10:30"", ""11:00"", ""12:00"", ""12:30"", ""13:00"", ""15:00"", ""15:30"", ""16:00"", ""16:30""]"
ae_024,2026-10-15,America/Lima,"[""10:30"", ""11:00"", ""11:30"", ""12:30"", ""13:30"", ""14:30"", ""15:00"", ""15:30"", ""16:00"", ""16:30""]"
ae_024,2026-10-16,America/Lima,"[""09:00"", ""09:30"", ""10:00"", ""10:30"", ""11:00"", ""11:30"", ""12:30"", ""13:00"", ""14:30"", ""15:00"", ""15:30"", ""16:00""]"
ae_024,2026-10-19,America/Lima,"[""10:30"", ""11:00"", ""12:00"", ""13:00"", ""13:30"", ""14:00"", ""14:30"", ""16:30""]"
ae_024,2026-10-20,America/Lima,"[""09:00"", ""09:30"", ""10:30"", ""11:00"", ""11:30"", ""12:30"", ""13:00"", ""13:30"", ""14:30"", ""15:30"", ""16:00"", ""16:30""]"
ae_024,2026-10-21,America/Lima,"[""10:00"", ""10:30"", ""11:00"", ""12:00"", ""12:30"", ""13:00"", ""14:30"", ""15:00"", ""16:30""]"
ae_024,2026-10-22,America/Lima,"[""09:30"", ""10:00"", ""11:00"", ""11:30"", ""13:00"", ""14:00"", ""15:00"", ""16:30""]"
ae_024,2026-10-23,America/Lima,"[""09:00"", ""09:30"", ""10:00"", ""11:00"", ""11:30"", ""13:00"", ""14:00"", ""14:30""]"
ae_024,2026-10-26,America/Lima,"[""09:00"", ""09:30"", ""10:00"", ""10:30"", ""11:00"", ""12:00"", ""13:30"", ""14:00"", ""14:30"", ""16:00"", ""16:30""]"
ae_024,2026-10-27,America/Lima,"[""09:30"", ""10:30"", ""12:00"", ""12:30"", ""13:30"", ""14:30"", ""16:30""]"
ae_024,2026-10-28,America/Lima,"[""09:30"", ""10:30"", ""11:00"", ""11:30"", ""12:00"", ""12:30"", ""13:30"", ""14:00"", ""14:30"", ""15:00"", ""16:30""]"
ae_024,2026-10-29,America/Lima,"[""09:30"", ""10:30"", ""11:30"", ""12:30"", ""13:00"", ""13:30"", ""14:00"", ""15:30"", ""16:00""]"
ae_024,2026-10-30,America/Lima,"[""09:30"", ""10:00"", ""11:00"", ""11:30"", ""13:00"", ""13:30"", ""14:00"", ""14:30"", ""15:00"", ""15:30""]"
ae_025,2026-10-01,America/Mexico_City,"[""09:00"", ""09:30"", ""10:00"", ""11:00"", ""11:30"", ""13:00"", ""13:30"", ""14:00"", ""14:30"", ""16:00""]"
ae_025,2026-10-02,America/Mexico_City,"[""09:00"", ""09:30"", ""10:30"", ""11:00"", ""12:30"", ""13:00"", ""13:30"", ""14:00"", ""14:30"", ""15:00"", ""15:30"", ""16:00""]"
ae_025,2026-10-05,America/Mexico_City,"[""10:00"", ""10:30"", ""12:00"", ""12:30"", ""14:00"", ""14:30"", ""16:30""]"
ae_025,2026-10-06,America/Mexico_City,"[""09:00"", ""10:30"", ""12:00"", ""12:30"", ""14:00"", ""15:30"", ""16:00""]"
ae_025,2026-10-07,America/Mexico_City,"[""10:30"", ""12:30"", ""13:00"", ""13:30"", ""14:00"", ""15:30"", ""16:30""]"
ae_025,2026-10-08,America/Mexico_City,"[""09:00"", ""09:30"", ""10:00"", ""10:30"", ""11:00"", ""11:30"", ""12:30"", ""14:00"", ""15:30"", ""16:30""]"
ae_025,2026-10-09,America/Mexico_City,"[""09:00"", ""09:30"", ""10:30"", ""11:00"", ""11:30"", ""12:30"", ""14:00"", ""16:00"", ""16:30""]"
ae_025,2026-10-12,America/Mexico_City,"[""09:00"", ""10:00"", ""12:30"", ""13:30"", ""16:00""]"
ae_025,2026-10-13,America/Mexico_City,"[""09:30"", ""10:30"", ""11:30"", ""12:00"", ""14:30"", ""15:00"", ""16:00"", ""16:30""]"
ae_025,2026-10-14,America/Mexico_City,"[""09:00"", ""09:30"", ""10:00"", ""12:00"", ""13:00"", ""13:30"", ""14:00"", ""14:30""]"
ae_025,2026-10-15,America/Mexico_City,"[""09:00"", ""09:30"", ""10:00"", ""10:30"", ""12:00"", ""12:30"", ""13:00"", ""14:00"", ""14:30"", ""15:00"", ""15:30""]"
ae_025,2026-10-16,America/Mexico_City,"[""09:30"", ""10:00"", ""10:30"", ""11:30"", ""12:00"", ""14:00"", ""15:00"", ""16:00"", ""16:30""]"
ae_025,2026-10-19,America/Mexico_City,"[""09:00"", ""09:30"", ""10:00"", ""10:30"", ""12:00"", ""12:30"", ""13:00"", ""13:30"", ""14:30"", ""15:00"", ""16:30""]"
ae_025,2026-10-20,America/Mexico_City,"[""10:00"", ""10:30"", ""11:00"", ""12:00"", ""13:00"", ""13:30"", ""14:00"", ""15:30"", ""16:00""]"
ae_025,2026-10-21,America/Mexico_City,"[""09:30"", ""10:00"", ""10:30"", ""11:00"", ""11:30"", ""12:00"", ""12:30"", ""13:30"", ""14:00"", ""15:00""]"
ae_025,2026-10-22,America/Mexico_City,"[""09:00"", ""09:30"", ""11:00"", ""11:30"", ""12:30"", ""13:00"", ""14:00"", ""15:00"", ""16:00""]"
ae_025,2026-10-23,America/Mexico_City,"[""09:00"", ""09:30"", ""11:00"", ""11:30"", ""12:00"", ""13:30"", ""15:30""]"
ae_025,2026-10-26,America/Mexico_City,"[""09:00"", ""09:30"", ""10:00"", ""12:30"", ""14:00"", ""15:00"", ""15:30"", ""16:00""]"
ae_025,2026-10-27,America/Mexico_City,"[""09:00"", ""10:00"", ""10:30"", ""11:00"", ""11:30"", ""12:00"", ""12:30"", ""13:30"", ""15:00"", ""15:30""]"
ae_025,2026-10-28,America/Mexico_City,"[""11:00"", ""11:30"", ""12:00"", ""12:30"", ""13:30"", ""14:00"", ""15:30"", ""16:00"", ""16:30""]"
ae_025,2026-10-29,America/Mexico_City,"[""09:30"", ""10:00"", ""10:30"", ""11:00"", ""11:30"", ""12:30"", ""13:00"", ""13:30"", ""14:00"", ""14:30"", ""16:00"", ""16:30""]"
ae_025,2026-10-30,America/Mexico_City,"[""09:00"", ""10:00"", ""10:30"", ""11:30"", ""12:00"", ""12:30"", ""13:00"", ""13:30"", ""14:00"", ""14:30"", ""15:30"", ""16:00"", ""16:30""]"
ae_026,2026-10-01,America/Bogota,"[""09:30"", ""10:00"", ""10:30"", ""11:00"", ""11:30"", ""12:00"", ""12:30"", ""13:30"", ""14:30"", ""15:30"", ""16:00"", ""16:30""]"
ae_026,2026-10-02,America/Bogota,"[""09:00"", ""09:30"", ""10:30"", ""11:00"", ""11:30"", ""12:00"", ""13:30"", ""14:30"", ""16:30""]"
ae_026,2026-10-05,America/Bogota,"[""09:00"", ""09:30"", ""10:30"", ""12:30"", ""13:30"", ""14:00"", ""14:30"", ""15:30""]"
ae_026,2026-10-06,America/Bogota,"[""09:00"", ""09:30"", ""10:00"", ""10:30"", ""11:00"", ""11:30"", ""13:00"", ""13:30"", ""15:30"", ""16:00"", ""16:30""]"
ae_026,2026-10-07,America/Bogota,"[""09:00"", ""09:30"", ""10:00"", ""11:00"", ""11:30"", ""12:00"", ""12:30"", ""13:00"", ""13:30"", ""14:30"", ""15:00""]"
ae_026,2026-10-08,America/Bogota,"[""09:00"", ""10:30"", ""11:30"", ""13:30"", ""14:00"", ""15:00"", ""16:00""]"
ae_026,2026-10-09,America/Bogota,"[""09:30"", ""10:00"", ""10:30"", ""11:00"", ""11:30"", ""12:30"", ""13:00"", ""14:00"", ""15:00"", ""16:30""]"
ae_026,2026-10-12,America/Bogota,"[""09:00"", ""09:30"", ""11:00"", ""11:30"", ""12:00"", ""14:00"", ""15:00"", ""16:00""]"
ae_026,2026-10-13,America/Bogota,"[""09:30"", ""10:00"", ""11:30"", ""13:00"", ""15:00"", ""16:30""]"
ae_026,2026-10-14,America/Bogota,"[""09:00"", ""10:30"", ""11:00"", ""11:30"", ""12:00"", ""12:30"", ""13:00"", ""13:30"", ""14:30"", ""15:30""]"
ae_026,2026-10-15,America/Bogota,"[""09:00"", ""09:30"", ""10:00"", ""10:30"", ""11:00"", ""12:30"", ""13:30"", ""14:00"", ""14:30"", ""15:30"", ""16:00""]"
ae_026,2026-10-16,America/Bogota,"[""09:00"", ""10:00"", ""10:30"", ""11:00"", ""11:30"", ""13:00"", ""13:30"", ""15:00"", ""15:30"", ""16:00""]"
ae_026,2026-10-19,America/Bogota,"[""10:00"", ""10:30"", ""11:30"", ""12:30"", ""15:30"", ""16:00""]"
ae_026,2026-10-20,America/Bogota,"[""09:00"", ""10:00"", ""11:30"", ""12:00"", ""13:30"", ""14:00"", ""15:00"", ""15:30"", ""16:00""]"
ae_026,2026-10-21,America/Bogota,"[""09:30"", ""12:30"", ""13:30"", ""14:30"", ""15:30"", ""16:00"", ""16:30""]"
ae_026,2026-10-22,America/Bogota,"[""09:30"", ""10:30"", ""11:30"", ""12:30"", ""14:00"", ""15:00"", ""15:30"", ""16:30""]"
ae_026,2026-10-23,America/Bogota,"[""10:00"", ""10:30"", ""11:30"", ""12:00"", ""13:30"", ""14:00"", ""14:30"", ""15:30"", ""16:00"", ""16:30""]"
ae_026,2026-10-26,America/Bogota,"[""11:00"", ""13:00"", ""13:30"", ""14:30"", ""15:00"", ""15:30"", ""16:00""]"
ae_026,2026-10-27,America/Bogota,"[""09:00"", ""09:30"", ""11:30"", ""12:00"", ""14:30"", ""16:00"", ""16:30""]"
ae_026,2026-10-28,America/Bogota,"[""09:00"", ""09:30"", ""10:00"", ""11:30"", ""12:30"", ""13:00"", ""13:30"", ""14:00"", ""14:30"", ""16:00""]"
ae_026,2026-10-29,America/Bogota,"[""10:30"", ""11:00"", ""11:30"", ""12:00"", ""12:30"", ""13:00"", ""13:30"", ""14:30"", ""15:00"", ""15:30"", ""16:00"", ""16:30""]"
ae_026,2026-10-30,America/Bogota,"[""09:00"", ""10:30"", ""11:00"", ""11:30"", ""12:30"", ""14:00"", ""14:30"", ""15:00"", ""16:30""]"
ae_027,2026-10-01,America/Sao_Paulo,"[""09:30"", ""10:00"", ""10:30"", ""12:00"", ""12:30"", ""13:00"", ""14:30"", ""15:00""]"
ae_027,2026-10-02,America/Sao_Paulo,"[""09:30"", ""10:30"", ""12:30"", ""13:00"", ""13:30"", ""14:00"", ""14:30"", ""15:30"", ""16:00""]"
ae_027,2026-10-05,America/Sao_Paulo,"[""09:00"", ""09:30"", ""10:00"", ""11:00"", ""12:00"", ""12:30"", ""14:00"", ""15:30""]"
ae_027,2026-10-06,America/Sao_Paulo,"[""10:00"", ""10:30"", ""11:00"", ""13:00"", ""13:30"", ""14:00"", ""15:00""]"
ae_027,2026-10-07,America/Sao_Paulo,"[""09:30"", ""11:00"", ""11:30"", ""12:00"", ""12:30"", ""13:30"", ""14:30"", ""15:30"", ""16:30""]"
ae_027,2026-10-08,America/Sao_Paulo,"[""09:00"", ""09:30"", ""10:30"", ""11:00"", ""11:30"", ""13:30"", ""15:30"", ""16:00""]"
ae_027,2026-10-09,America/Sao_Paulo,"[""09:30"", ""10:00"", ""11:00"", ""11:30"", ""12:30"", ""13:00"", ""13:30"", ""14:00"", ""14:30"", ""15:30"", ""16:30""]"
ae_027,2026-10-12,America/Sao_Paulo,"[""09:00"", ""09:30"", ""11:00"", ""11:30"", ""12:30"", ""14:00"", ""15:00"", ""15:30""]"
ae_027,2026-10-13,America/Sao_Paulo,"[""09:00"", ""09:30"", ""11:00"", ""11:30"", ""12:00"", ""12:30"", ""13:30"", ""15:00"", ""15:30"", ""16:30""]"
ae_027,2026-10-14,America/Sao_Paulo,"[""09:00"", ""09:30"", ""10:00"", ""11:00"", ""11:30"", ""12:00"", ""13:00"", ""13:30"", ""15:00"", ""15:30"", ""16:00"", ""16:30""]"
ae_027,2026-10-15,America/Sao_Paulo,"[""09:00"", ""09:30"", ""10:00"", ""13:00"", ""13:30"", ""14:00"", ""15:00"", ""16:00"", ""16:30""]"
ae_027,2026-10-16,America/Sao_Paulo,"[""10:00"", ""12:00"", ""12:30"", ""13:00"", ""13:30"", ""14:00"", ""16:30""]"
ae_027,2026-10-19,America/Sao_Paulo,"[""09:00"", ""09:30"", ""10:30"", ""12:30"", ""13:00"", ""13:30"", ""15:00"", ""16:00"", ""16:30""]"
ae_027,2026-10-20,America/Sao_Paulo,"[""09:00"", ""11:30"", ""13:30"", ""14:00"", ""14:30"", ""15:00"", ""16:30""]"
ae_027,2026-10-21,America/Sao_Paulo,"[""09:30"", ""10:30"", ""11:00"", ""13:30"", ""14:00"", ""14:30"", ""15:00""]"
ae_027,2026-10-22,America/Sao_Paulo,"[""10:30"", ""11:00"", ""11:30"", ""12:00"", ""13:30"", ""14:30"", ""15:00"", ""15:30"", ""16:00""]"
ae_027,2026-10-23,America/Sao_Paulo,"[""10:00"", ""11:30"", ""12:30"", ""13:00"", ""13:30"", ""14:00"", ""15:00"", ""15:30"", ""16:00""]"
ae_027,2026-10-26,America/Sao_Paulo,"[""09:30"", ""10:30"", ""11:00"", ""11:30"", ""12:00"", ""12:30"", ""13:00"", ""14:30"", ""16:00"", ""16:30""]"
ae_027,2026-10-27,America/Sao_Paulo,"[""09:00"", ""10:00"", ""11:00"", ""11:30"", ""12:00"", ""13:00"", ""13:30"", ""14:00"", ""15:00"", ""15:30"", ""16:00""]"
ae_027,2026-10-28,America/Sao_Paulo,"[""09:00"", ""10:00"", ""10:30"", ""11:00"", ""11:30"", ""13:00"", ""14:00"", ""14:30"", ""15:30"", ""16:00""]"
ae_027,2026-10-29,America/Sao_Paulo,"[""09:00"", ""11:00"", ""11:30"", ""12:00"", ""13:00"", ""13:30"", ""15:00"", ""15:30""]"
ae_027,2026-10-30,America/Sao_Paulo,"[""09:30"", ""10:00"", ""11:00"", ""11:30"", ""12:00"", ""13:00"", ""15:00"", ""16:30""]"
ae_028,2026-10-01,America/Santiago,"[""09:00"", ""09:30"", ""10:00"", ""10:30"", ""11:30"", ""12:30"", ""14:00"", ""14:30"", ""15:30"", ""16:30""]"
ae_028,2026-10-02,America/Santiago,"[""09:30"", ""10:30"", ""11:00"", ""11:30"", ""12:00"", ""12:30"", ""13:00"", ""14:30"", ""15:00""]"
ae_028,2026-10-05,America/Santiago,"[""09:00"", ""09:30"", ""10:30"", ""11:00"", ""11:30"", ""12:30"", ""13:00"", ""13:30"", ""14:30"", ""15:00"", ""16:00""]"
ae_028,2026-10-06,America/Santiago,"[""09:00"", ""10:00"", ""10:30"", ""11:30"", ""13:30"", ""14:30"", ""15:00"", ""15:30"", ""16:30""]"
ae_028,2026-10-07,America/Santiago,"[""09:00"", ""10:00"", ""12:30"", ""13:00"", ""13:30"", ""14:00"", ""14:30"", ""15:00"", ""15:30"", ""16:00"", ""16:30""]"
ae_028,2026-10-08,America/Santiago,"[""09:00"", ""09:30"", ""12:30"", ""13:30"", ""14:00"", ""15:00"", ""15:30"", ""16:30""]"
ae_028,2026-10-09,America/Santiago,"[""09:00"", ""09:30"", ""12:30"", ""13:00"", ""13:30"", ""14:00"", ""14:30"", ""15:00"", ""15:30"", ""16:30""]"
ae_028,2026-10-12,America/Santiago,"[""09:00"", ""10:00"", ""10:30"", ""11:30"", ""13:00"", ""14:00"", ""15:00"", ""15:30"", ""16:00"", ""16:30""]"
ae_028,2026-10-13,America/Santiago,"[""09:00"", ""09:30"", ""10:00"", ""12:30"", ""13:00"", ""13:30"", ""14:30"", ""15:00"", ""16:30""]"
ae_028,2026-10-14,America/Santiago,"[""09:00"", ""11:30"", ""12:00"", ""12:30"", ""13:30"", ""14:00"", ""14:30"", ""15:00"", ""15:30"", ""16:00""]"
ae_028,2026-10-15,America/Santiago,"[""09:00"", ""10:00"", ""12:30"", ""16:00""]"
ae_028,2026-10-16,America/Santiago,"[""09:30"", ""11:30"", ""12:30"", ""13:30"", ""14:30"", ""15:00""]"
ae_028,2026-10-19,America/Santiago,"[""09:00"", ""10:00"", ""11:00"", ""11:30"", ""12:00"", ""14:00"", ""15:00"", ""16:30""]"
ae_028,2026-10-20,America/Santiago,"[""10:30"", ""11:30"", ""12:00"", ""12:30"", ""13:00"", ""13:30"", ""14:00"", ""14:30"", ""15:00"", ""16:30""]"
ae_028,2026-10-21,America/Santiago,"[""09:00"", ""10:30"", ""11:30"", ""12:00"", ""12:30"", ""14:00"", ""14:30"", ""15:30"", ""16:30""]"
ae_028,2026-10-22,America/Santiago,"[""09:00"", ""09:30"", ""10:00"", ""11:00"", ""11:30"", ""14:30"", ""15:00"", ""15:30"", ""16:00"", ""16:30""]"
ae_028,2026-10-23,America/Santiago,"[""09:00"", ""10:00"", ""13:00"", ""13:30"", ""14:00"", ""16:30""]"
ae_028,2026-10-26,America/Santiago,"[""09:00"", ""09:30"", ""10:00"", ""10:30"", ""11:30"", ""12:30"", ""13:00"", ""13:30"", ""14:30"", ""15:00""]"
ae_028,2026-10-27,America/Santiago,"[""09:00"", ""10:00"", ""11:00"", ""11:30"", ""12:00"", ""12:30"", ""13:00"", ""13:30"", ""14:30"", ""15:30"", ""16:30""]"
ae_028,2026-10-28,America/Santiago,"[""09:00"", ""10:30"", ""12:00"", ""14:00"", ""15:00"", ""15:30"", ""16:00""]"
ae_028,2026-10-29,America/Santiago,"[""09:00"", ""09:30"", ""10:00"", ""10:30"", ""11:00"", ""12:00"", ""12:30"", ""13:00"", ""13:30"", ""14:00"", ""14:30"", ""16:30""]"
ae_028,2026-10-30,America/Santiago,"[""09:30"", ""10:00"", ""10:30"", ""11:30"", ""12:00"", ""12:30"", ""15:00"", ""15:30""]"
ae_030,2026-10-01,America/Lima,"[""09:00"", ""09:30"", ""11:30"", ""12:00"", ""12:30"", ""13:00"", ""14:00"", ""15:00""]"
ae_030,2026-10-02,America/Lima,"[""09:30"", ""10:00"", ""10:30"", ""11:30"", ""12:00"", ""12:30"", ""13:00"", ""13:30"", ""14:00"", ""15:30"", ""16:30""]"
ae_030,2026-10-05,America/Lima,"[""09:00"", ""10:30"", ""11:00"", ""11:30"", ""12:00"", ""12:30"", ""13:00"", ""14:00"", ""14:30"", ""15:30"", ""16:00"", ""16:30""]"
ae_030,2026-10-06,America/Lima,"[""09:00"", ""11:00"", ""13:30"", ""15:00"", ""15:30"", ""16:30""]"
ae_030,2026-10-07,America/Lima,"[""09:30"", ""11:30"", ""12:00"", ""14:00"", ""15:00"", ""15:30"", ""16:00""]"
ae_030,2026-10-08,America/Lima,"[""10:00"", ""10:30"", ""11:00"", ""12:00"", ""13:30"", ""14:00"", ""15:00"", ""16:00"", ""16:30""]"
ae_030,2026-10-09,America/Lima,"[""09:00"", ""09:30"", ""10:00"", ""10:30"", ""12:30"", ""14:00"", ""14:30"", ""15:00"", ""15:30"", ""16:30""]"
ae_030,2026-10-12,America/Lima,"[""09:00"", ""09:30"", ""10:30"", ""11:00"", ""12:00"", ""13:00"", ""13:30"", ""16:00"", ""16:30""]"
ae_030,2026-10-13,America/Lima,"[""09:00"", ""09:30"", ""10:00"", ""11:30"", ""12:00"", ""12:30"", ""13:00"", ""13:30"", ""14:00"", ""14:30"", ""15:30"", ""16:00""]"
ae_030,2026-10-14,America/Lima,"[""09:30"", ""10:30"", ""11:00"", ""11:30"", ""12:00"", ""12:30"", ""13:30"", ""15:00"", ""15:30"", ""16:00""]"
ae_030,2026-10-15,America/Lima,"[""10:30"", ""12:30"", ""13:00"", ""13:30"", ""14:00"", ""15:30"", ""16:30""]"
ae_030,2026-10-16,America/Lima,"[""09:00"", ""09:30"", ""11:00"", ""12:00"", ""12:30"", ""13:00"", ""16:00""]"
ae_030,2026-10-19,America/Lima,"[""09:00"", ""11:00"", ""11:30"", ""13:00"", ""14:30"", ""15:00"", ""15:30"", ""16:00"", ""16:30""]"
ae_030,2026-10-20,America/Lima,"[""11:30"", ""12:30"", ""13:30"", ""14:30"", ""15:00"", ""15:30""]"
ae_030,2026-10-21,America/Lima,"[""09:30"", ""10:00"", ""12:00"", ""12:30"", ""13:00"", ""13:30"", ""14:00"", ""15:30"", ""16:00""]"
ae_030,2026-10-22,America/Lima,"[""09:00"", ""09:30"", ""10:00"", ""11:30"", ""12:00"", ""12:30"", ""13:30"", ""14:30"", ""15:00"", ""15:30"", ""16:00""]"
ae_030,2026-10-23,America/Lima,"[""09:30"", ""11:00"", ""11:30"", ""13:00"", ""15:30"", ""16:30""]"
ae_030,2026-10-26,America/Lima,"[""10:30"", ""11:00"", ""12:00"", ""14:30"", ""15:00"", ""15:30"", ""16:30""]"
ae_030,2026-10-27,America/Lima,"[""09:30"", ""10:00"", ""10:30"", ""11:00"", ""11:30"", ""12:00"", ""13:00"", ""13:30"", ""14:30"", ""15:00""]"
ae_030,2026-10-28,America/Lima,"[""09:00"", ""09:30"", ""12:00"", ""13:00"", ""15:30"", ""16:00"", ""16:30""]"
ae_030,2026-10-29,America/Lima,"[""09:00"", ""10:00"", ""10:30"", ""11:30"", ""12:00"", ""12:30"", ""14:30"", ""15:00"", ""16:00""]"
ae_030,2026-10-30,America/Lima,"[""09:30"", ""10:30"", ""12:30"", ""13:00"", ""14:00"", ""14:30"", ""15:30"", ""16:00""]"
ae_031,2026-10-01,America/Mexico_City,"[""10:00"", ""10:30"", ""11:00"", ""11:30"", ""12:00"", ""12:30"", ""13:30"", ""15:00"", ""16:00"", ""16:30""]"
ae_031,2026-10-02,America/Mexico_City,"[""09:00"", ""09:30"", ""10:00"", ""10:30"", ""11:00"", ""12:00"", ""13:00"", ""14:00"", ""15:00"", ""15:30"", ""16:00"", ""16:30""]"
ae_031,2026-10-05,America/Mexico_City,"[""09:00"", ""12:00"", ""16:00"", ""16:30""]"
ae_031,2026-10-06,America/Mexico_City,"[""09:00"", ""09:30"", ""11:00"", ""11:30"", ""13:00"", ""14:30"", ""15:30"", ""16:00"", ""16:30""]"
ae_031,2026-10-07,America/Mexico_City,"[""09:00"", ""09:30"", ""10:00"", ""11:30"", ""12:00"", ""13:30"", ""14:00"", ""15:30"", ""16:00""]"
ae_031,2026-10-08,America/Mexico_City,"[""09:00"", ""09:30"", ""10:00"", ""10:30"", ""11:00"", ""11:30"", ""12:30"", ""13:00"", ""14:00"", ""15:30"", ""16:00""]"
ae_031,2026-10-09,America/Mexico_City,"[""10:00"", ""10:30"", ""13:00"", ""13:30"", ""14:00"", ""14:30"", ""16:00"", ""16:30""]"
ae_031,2026-10-12,America/Mexico_City,"[""09:30"", ""11:00"", ""11:30"", ""12:00"", ""13:00"", ""14:00"", ""16:30""]"
ae_031,2026-10-13,America/Mexico_City,"[""09:30"", ""10:00"", ""10:30"", ""11:00"", ""12:00"", ""12:30"", ""13:00"", ""13:30"", ""14:00"", ""14:30"", ""15:30"", ""16:00""]"
ae_031,2026-10-14,America/Mexico_City,"[""09:30"", ""11:30"", ""12:30"", ""13:30"", ""14:00"", ""14:30"", ""15:30"", ""16:00""]"
ae_031,2026-10-15,America/Mexico_City,"[""09:00"", ""10:00"", ""10:30"", ""11:00"", ""11:30"", ""12:00"", ""12:30"", ""13:00"", ""13:30"", ""14:30"", ""15:30"", ""16:30""]"
ae_031,2026-10-16,America/Mexico_City,"[""09:00"", ""10:00"", ""12:30"", ""13:00"", ""14:30""]"
ae_031,2026-10-19,America/Mexico_City,"[""10:00"", ""11:00"", ""11:30"", ""12:00"", ""12:30"", ""13:00"", ""13:30"", ""14:00"", ""15:00"", ""16:30""]"
ae_031,2026-10-20,America/Mexico_City,"[""09:30"", ""10:00"", ""10:30"", ""11:00"", ""11:30"", ""12:30"", ""13:30"", ""14:00"", ""14:30"", ""15:30"", ""16:30""]"
ae_031,2026-10-21,America/Mexico_City,"[""10:00"", ""10:30"", ""11:00"", ""11:30"", ""12:30"", ""13:00"", ""14:00"", ""14:30"", ""16:00""]"
ae_031,2026-10-22,America/Mexico_City,"[""10:30"", ""11:30"", ""12:30"", ""14:30"", ""15:00"", ""15:30""]"
ae_031,2026-10-23,America/Mexico_City,"[""09:00"", ""09:30"", ""10:30"", ""11:00"", ""12:00"", ""12:30"", ""13:00"", ""15:00"", ""16:30""]"
ae_031,2026-10-26,America/Mexico_City,"[""09:30"", ""10:00"", ""10:30"", ""11:30"", ""13:00"", ""16:00""]"
ae_031,2026-10-27,America/Mexico_City,"[""09:00"", ""10:30"", ""11:00"", ""12:30"", ""13:00"", ""13:30"", ""14:30"", ""15:00"", ""15:30"", ""16:00"", ""16:30""]"
ae_031,2026-10-28,America/Mexico_City,"[""09:30"", ""10:00"", ""10:30"", ""11:00"", ""11:30"", ""13:00"", ""13:30"", ""14:00"", ""14:30"", ""16:00"", ""16:30""]"
ae_031,2026-10-29,America/Mexico_City,"[""09:00"", ""10:00"", ""10:30"", ""11:30"", ""12:00"", ""12:30"", ""13:00"", ""13:30"", ""14:00"", ""14:30"", ""16:00"", ""16:30""]"
ae_031,2026-10-30,America/Mexico_City,"[""09:30"", ""10:00"", ""10:30"", ""11:30"", ""12:00"", ""12:30"", ""14:30"", ""15:00""]"
ae_032,2026-10-01,America/Bogota,"[""09:30"", ""10:00"", ""11:00"", ""11:30"", ""12:00"", ""12:30"", ""13:00"", ""14:30"", ""15:00"", ""15:30"", ""16:00"", ""16:30""]"
ae_032,2026-10-02,America/Bogota,"[""09:00"", ""10:00"", ""10:30"", ""11:00"", ""12:30"", ""15:00"", ""16:00"", ""16:30""]"
ae_032,2026-10-05,America/Bogota,"[""09:00"", ""10:00"", ""11:30"", ""12:00"", ""12:30"", ""13:30"", ""15:00""]"
ae_032,2026-10-06,America/Bogota,"[""10:30"", ""11:30"", ""12:00"", ""12:30"", ""14:00"", ""14:30"", ""15:00""]"
ae_032,2026-10-07,America/Bogota,"[""09:00"", ""09:30"", ""10:00"", ""11:00"", ""12:00"", ""13:00""]"
ae_032,2026-10-08,America/Bogota,"[""09:00"", ""10:00"", ""10:30"", ""11:30"", ""13:00"", ""13:30"", ""14:00"", ""14:30"", ""15:00""]"
ae_032,2026-10-09,America/Bogota,"[""10:00"", ""10:30"", ""11:00"", ""14:30"", ""15:00"", ""16:00"", ""16:30""]"
ae_032,2026-10-12,America/Bogota,"[""09:30"", ""10:30"", ""11:00"", ""11:30"", ""12:30"", ""13:30""]"
ae_032,2026-10-13,America/Bogota,"[""09:00"", ""09:30"", ""10:00"", ""10:30"", ""11:30"", ""13:00"", ""13:30"", ""14:30"", ""16:00""]"
ae_032,2026-10-14,America/Bogota,"[""09:30"", ""12:00"", ""13:00"", ""13:30"", ""14:30"", ""15:00""]"
ae_032,2026-10-15,America/Bogota,"[""09:30"", ""10:30"", ""12:30"", ""13:30"", ""14:00"", ""15:00"", ""16:00""]"
ae_032,2026-10-16,America/Bogota,"[""09:00"", ""09:30"", ""10:00"", ""10:30"", ""11:00"", ""13:00"", ""14:30"", ""15:00"", ""16:30""]"
ae_032,2026-10-19,America/Bogota,"[""09:00"", ""09:30"", ""10:00"", ""11:30"", ""12:30"", ""16:00"", ""16:30""]"
ae_032,2026-10-20,America/Bogota,"[""10:00"", ""11:30"", ""13:30"", ""14:30"", ""15:00"", ""16:00""]"
ae_032,2026-10-21,America/Bogota,"[""09:30"", ""10:00"", ""10:30"", ""11:30"", ""12:30"", ""13:00"", ""13:30"", ""14:00"", ""14:30"", ""15:30"", ""16:00"", ""16:30""]"
ae_032,2026-10-22,America/Bogota,"[""09:00"", ""09:30"", ""11:00"", ""11:30"", ""14:30"", ""15:30"", ""16:00"", ""16:30""]"
ae_032,2026-10-23,America/Bogota,"[""09:00"", ""10:00"", ""11:30"", ""12:00"", ""13:00"", ""13:30"", ""14:00"", ""14:30"", ""15:00"", ""16:00"", ""16:30""]"
ae_032,2026-10-26,America/Bogota,"[""09:30"", ""10:30"", ""11:00"", ""11:30"", ""12:30"", ""13:00"", ""14:00"", ""15:00""]"
ae_032,2026-10-27,America/Bogota,"[""09:30"", ""10:00"", ""11:30"", ""12:00"", ""13:30"", ""14:30"", ""15:00"", ""16:00""]"
ae_032,2026-10-28,America/Bogota,"[""09:00"", ""09:30"", ""11:30"", ""12:00"", ""14:00"", ""14:30""]"
ae_032,2026-10-29,America/Bogota,"[""09:30"", ""10:00"", ""10:30"", ""11:00"", ""11:30"", ""12:00"", ""12:30"", ""13:00"", ""14:00"", ""15:00"", ""15:30"", ""16:30""]"
ae_032,2026-10-30,America/Bogota,"[""09:00"", ""09:30"", ""12:00"", ""12:30"", ""13:30"", ""14:00"", ""15:00"", ""15:30""]"
ae_033,2026-10-01,America/Sao_Paulo,[]
ae_033,2026-10-02,America/Sao_Paulo,[]
ae_033,2026-10-05,America/Sao_Paulo,[]
ae_033,2026-10-06,America/Sao_Paulo,[]
ae_033,2026-10-07,America/Sao_Paulo,[]
ae_033,2026-10-08,America/Sao_Paulo,[]
ae_033,2026-10-09,America/Sao_Paulo,[]
ae_033,2026-10-12,America/Sao_Paulo,[]
ae_033,2026-10-13,America/Sao_Paulo,[]
ae_033,2026-10-14,America/Sao_Paulo,[]
ae_033,2026-10-15,America/Sao_Paulo,[]
ae_033,2026-10-16,America/Sao_Paulo,[]
ae_033,2026-10-19,America/Sao_Paulo,[]
ae_033,2026-10-20,America/Sao_Paulo,[]
ae_033,2026-10-21,America/Sao_Paulo,[]
ae_033,2026-10-22,America/Sao_Paulo,[]
ae_033,2026-10-23,America/Sao_Paulo,"[""09:00"", ""10:00"", ""11:00"", ""12:00"", ""12:30"", ""13:00"", ""15:00"", ""16:00"", ""16:30""]"
ae_033,2026-10-26,America/Sao_Paulo,"[""09:00"", ""10:00"", ""11:00"", ""11:30"", ""13:00"", ""14:00"", ""14:30"", ""15:00"", ""15:30"", ""16:00"", ""16:30""]"
ae_033,2026-10-27,America/Sao_Paulo,"[""10:00"", ""12:00"", ""12:30"", ""14:00"", ""14:30"", ""16:00"", ""16:30""]"
ae_033,2026-10-28,America/Sao_Paulo,"[""10:30"", ""11:00"", ""11:30"", ""12:30"", ""14:00"", ""14:30"", ""15:00"", ""15:30"", ""16:30""]"
ae_033,2026-10-29,America/Sao_Paulo,"[""09:30"", ""10:00"", ""11:00"", ""11:30"", ""12:00"", ""13:00"", ""14:30"", ""15:00"", ""15:30"", ""16:00"", ""16:30""]"
ae_033,2026-10-30,America/Sao_Paulo,"[""09:30"", ""10:00"", ""11:00"", ""11:30"", ""12:00"", ""12:30"", ""13:30"", ""14:30"", ""15:00"", ""15:30"", ""16:00""]"
ae_034,2026-10-01,America/Santiago,"[""09:30"", ""10:00"", ""11:00"", ""11:30"", ""12:00"", ""13:00"", ""14:30"", ""15:30"", ""16:00"", ""16:30""]"
ae_034,2026-10-02,America/Santiago,"[""09:00"", ""09:30"", ""10:30"", ""11:00"", ""11:30"", ""12:00"", ""13:30"", ""14:00"", ""14:30"", ""15:00"", ""15:30""]"
ae_034,2026-10-05,America/Santiago,"[""09:00"", ""10:00"", ""11:00"", ""12:00"", ""13:00"", ""13:30"", ""14:00"", ""14:30"", ""15:30"", ""16:00"", ""16:30""]"
ae_034,2026-10-06,America/Santiago,"[""09:00"", ""10:00"", ""11:00"", ""12:00"", ""14:00"", ""15:00"", ""15:30""]"
ae_034,2026-10-07,America/Santiago,"[""10:00"", ""11:00"", ""11:30"", ""14:30"", ""15:30"", ""16:00""]"
ae_034,2026-10-08,America/Santiago,"[""09:00"", ""09:30"", ""10:00"", ""11:00"", ""11:30"", ""12:00"", ""13:30"", ""14:00""]"
ae_034,2026-10-09,America/Santiago,"[""09:30"", ""10:00"", ""10:30"", ""12:30"", ""13:00"", ""14:00"", ""14:30"", ""15:00"", ""15:30"", ""16:00""]"
ae_034,2026-10-12,America/Santiago,"[""10:00"", ""10:30"", ""11:00"", ""12:00"", ""13:00"", ""14:00"", ""14:30"", ""15:30"", ""16:00""]"
ae_034,2026-10-13,America/Santiago,"[""09:00"", ""10:00"", ""10:30"", ""12:00"", ""12:30"", ""13:30"", ""14:00"", ""16:00"", ""16:30""]"
ae_034,2026-10-14,America/Santiago,"[""09:00"", ""09:30"", ""10:30"", ""12:00"", ""13:00"", ""14:00"", ""14:30"", ""16:00""]"
ae_034,2026-10-15,America/Santiago,"[""09:00"", ""09:30"", ""10:00"", ""10:30"", ""11:00"", ""11:30"", ""12:00"", ""12:30"", ""13:00"", ""14:00"", ""14:30"", ""15:30"", ""16:30""]"
ae_034,2026-10-16,America/Santiago,"[""09:00"", ""10:30"", ""11:30"", ""12:00"", ""12:30""]"
ae_034,2026-10-19,America/Santiago,"[""09:00"", ""09:30"", ""10:00"", ""11:30"", ""12:30"", ""13:00"", ""13:30"", ""14:30"", ""15:00"", ""16:00"", ""16:30""]"
ae_034,2026-10-20,America/Santiago,"[""09:00"", ""09:30"", ""10:30"", ""11:00"", ""11:30"", ""12:00"", ""12:30"", ""13:30"", ""14:00"", ""15:30"", ""16:00"", ""16:30""]"
ae_034,2026-10-21,America/Santiago,"[""09:30"", ""10:00"", ""10:30"", ""13:00"", ""14:00"", ""14:30"", ""15:00"", ""15:30"", ""16:00""]"
ae_034,2026-10-22,America/Santiago,"[""09:00"", ""10:00"", ""11:00"", ""11:30"", ""12:00"", ""12:30"", ""15:00"", ""15:30"", ""16:00"", ""16:30""]"
ae_034,2026-10-23,America/Santiago,"[""10:30"", ""12:30"", ""15:00""]"
ae_034,2026-10-26,America/Santiago,"[""10:00"", ""10:30"", ""12:00"", ""12:30"", ""13:30"", ""14:00"", ""14:30"", ""15:00"", ""15:30"", ""16:00"", ""16:30""]"
ae_034,2026-10-27,America/Santiago,"[""10:00"", ""10:30"", ""11:00"", ""11:30"", ""14:30"", ""15:30"", ""16:00""]"
ae_034,2026-10-28,America/Santiago,"[""11:30"", ""12:00"", ""13:00"", ""13:30"", ""14:30"", ""16:00""]"
ae_034,2026-10-29,America/Santiago,"[""09:00"", ""09:30"", ""10:00"", ""11:00"", ""12:30"", ""13:00"", ""13:30"", ""15:30"", ""16:30""]"
ae_034,2026-10-30,America/Santiago,"[""10:00"", ""10:30"", ""11:30"", ""12:30"", ""13:00"", ""14:30"", ""15:00"", ""15:30"", ""16:30""]"
ae_035,2026-10-01,America/Argentina/Buenos_Aires,"[""09:30"", ""10:30"", ""11:00"", ""11:30"", ""12:00"", ""12:30"", ""13:00"", ""14:00"", ""15:00"", ""15:30"", ""16:00"", ""16:30""]"
ae_035,2026-10-02,America/Argentina/Buenos_Aires,"[""09:00"", ""09:30"", ""11:00"", ""12:00"", ""12:30"", ""13:00"", ""13:30"", ""14:00"", ""14:30"", ""15:00"", ""16:00""]"
ae_035,2026-10-05,America/Argentina/Buenos_Aires,"[""09:30"", ""10:00"", ""10:30"", ""11:00"", ""12:00"", ""13:00"", ""13:30"", ""14:30"", ""15:00"", ""15:30"", ""16:30""]"
ae_035,2026-10-06,America/Argentina/Buenos_Aires,"[""09:00"", ""09:30"", ""10:00"", ""10:30"", ""11:30"", ""12:00"", ""13:00"", ""13:30"", ""14:30"", ""15:00"", ""15:30"", ""16:00""]"
ae_035,2026-10-07,America/Argentina/Buenos_Aires,"[""09:00"", ""12:00"", ""13:30"", ""14:00"", ""15:30"", ""16:00"", ""16:30""]"
ae_035,2026-10-08,America/Argentina/Buenos_Aires,"[""10:00"", ""10:30"", ""12:30"", ""13:00"", ""13:30"", ""14:00"", ""14:30"", ""16:00"", ""16:30""]"
ae_035,2026-10-09,America/Argentina/Buenos_Aires,"[""09:30"", ""10:30"", ""11:00"", ""11:30"", ""12:30"", ""13:30"", ""14:00"", ""15:00"", ""15:30"", ""16:00""]"
ae_035,2026-10-12,America/Argentina/Buenos_Aires,"[""09:00"", ""09:30"", ""10:00"", ""11:00"", ""12:00"", ""12:30"", ""13:30"", ""14:00"", ""15:00"", ""15:30""]"
ae_035,2026-10-13,America/Argentina/Buenos_Aires,"[""10:00"", ""10:30"", ""11:00"", ""12:30"", ""14:30"", ""15:00"", ""15:30"", ""16:00"", ""16:30""]"
ae_035,2026-10-14,America/Argentina/Buenos_Aires,"[""09:30"", ""10:30"", ""11:30"", ""12:30"", ""14:00"", ""15:00"", ""16:30""]"
ae_035,2026-10-15,America/Argentina/Buenos_Aires,"[""10:30"", ""12:00"", ""12:30"", ""13:00"", ""15:00"", ""16:00""]"
ae_035,2026-10-16,America/Argentina/Buenos_Aires,"[""09:00"", ""09:30"", ""10:00"", ""10:30"", ""11:30"", ""12:00"", ""13:00"", ""13:30"", ""14:00"", ""14:30"", ""15:00"", ""16:00""]"
ae_035,2026-10-19,America/Argentina/Buenos_Aires,"[""09:00"", ""11:00"", ""12:00"", ""12:30"", ""13:00"", ""14:30"", ""15:30"", ""16:00"", ""16:30""]"
ae_035,2026-10-20,America/Argentina/Buenos_Aires,"[""10:30"", ""11:00"", ""11:30"", ""12:00"", ""12:30"", ""13:00"", ""13:30"", ""14:30"", ""15:00"", ""16:30""]"
ae_035,2026-10-21,America/Argentina/Buenos_Aires,"[""09:30"", ""10:30"", ""11:30"", ""12:00"", ""12:30"", ""15:00"", ""15:30"", ""16:30""]"
ae_035,2026-10-22,America/Argentina/Buenos_Aires,"[""09:00"", ""09:30"", ""10:00"", ""10:30"", ""11:30"", ""12:00"", ""12:30"", ""13:30"", ""14:00"", ""14:30"", ""15:00"", ""16:00"", ""16:30""]"
ae_035,2026-10-23,America/Argentina/Buenos_Aires,"[""09:00"", ""10:30"", ""11:00"", ""12:00"", ""12:30"", ""13:00"", ""14:30"", ""15:30"", ""16:00"", ""16:30""]"
ae_035,2026-10-26,America/Argentina/Buenos_Aires,"[""09:00"", ""09:30"", ""10:00"", ""12:00"", ""13:00"", ""13:30"", ""14:30"", ""15:00"", ""16:00"", ""16:30""]"
ae_035,2026-10-27,America/Argentina/Buenos_Aires,"[""10:30"", ""11:30"", ""13:30"", ""14:00"", ""16:00"", ""16:30""]"
ae_035,2026-10-28,America/Argentina/Buenos_Aires,"[""09:00"", ""09:30"", ""11:00"", ""11:30"", ""13:00"", ""13:30"", ""14:30"", ""16:00""]"
ae_035,2026-10-29,America/Argentina/Buenos_Aires,"[""09:00"", ""10:00"", ""10:30"", ""11:00"", ""11:30"", ""14:00"", ""14:30"", ""15:30"", ""16:30""]"
ae_035,2026-10-30,America/Argentina/Buenos_Aires,"[""09:30"", ""10:00"", ""10:30"", ""12:00"", ""13:30"", ""14:30"", ""15:00"", ""15:30"", ""16:00"", ""16:30""]"
ae_036,2026-10-01,America/Lima,"[""09:00"", ""09:30"", ""10:00"", ""10:30"", ""11:30"", ""13:00"", ""13:30"", ""14:30"", ""15:30"", ""16:30""]"
ae_036,2026-10-02,America/Lima,"[""09:00"", ""09:30"", ""11:00"", ""11:30"", ""12:00"", ""12:30"", ""13:30"", ""14:00"", ""14:30"", ""15:00"", ""15:30""]"
ae_036,2026-10-05,America/Lima,"[""09:00"", ""10:30"", ""11:00"", ""11:30"", ""12:00"", ""12:30"", ""15:00"", ""16:30""]"
ae_036,2026-10-06,America/Lima,"[""09:00"", ""12:00"", ""13:30"", ""14:30"", ""15:30"", ""16:00"", ""16:30""]"
ae_036,2026-10-07,America/Lima,"[""09:30"", ""10:00"", ""10:30"", ""11:00"", ""13:00"", ""14:00"", ""14:30"", ""15:00""]"
ae_036,2026-10-08,America/Lima,"[""10:00"", ""10:30"", ""11:30"", ""12:00"", ""12:30"", ""14:30"", ""16:00"", ""16:30""]"
ae_036,2026-10-09,America/Lima,"[""09:30"", ""10:30"", ""11:30"", ""12:30"", ""14:00"", ""14:30"", ""16:00""]"
ae_036,2026-10-12,America/Lima,"[""09:00"", ""10:00"", ""11:00"", ""12:00"", ""12:30"", ""13:30"", ""14:00"", ""14:30"", ""15:00"", ""16:00"", ""16:30""]"
ae_036,2026-10-13,America/Lima,"[""09:00"", ""11:00"", ""12:00"", ""12:30"", ""13:00"", ""14:30"", ""15:00"", ""15:30"", ""16:00"", ""16:30""]"
ae_036,2026-10-14,America/Lima,"[""09:30"", ""10:30"", ""11:00"", ""12:30"", ""13:00"", ""14:00"", ""14:30"", ""16:00""]"
ae_036,2026-10-15,America/Lima,"[""10:00"", ""11:00"", ""13:00"", ""13:30"", ""14:30"", ""15:00"", ""16:00""]"
ae_036,2026-10-16,America/Lima,"[""09:30"", ""10:00"", ""11:00"", ""11:30"", ""14:00"", ""15:00"", ""15:30"", ""16:00"", ""16:30""]"
ae_036,2026-10-19,America/Lima,"[""09:00"", ""10:30"", ""12:30"", ""13:30"", ""14:00"", ""14:30""]"
ae_036,2026-10-20,America/Lima,"[""09:00"", ""11:30"", ""13:00"", ""14:00"", ""14:30"", ""15:00"", ""15:30"", ""16:00"", ""16:30""]"
ae_036,2026-10-21,America/Lima,"[""09:00"", ""09:30"", ""10:30"", ""11:00"", ""12:00"", ""12:30"", ""13:00"", ""13:30"", ""14:00"", ""14:30"", ""15:30"", ""16:00"", ""16:30""]"
ae_036,2026-10-22,America/Lima,"[""09:30"", ""10:00"", ""10:30"", ""13:30"", ""14:00"", ""15:00"", ""15:30"", ""16:00"", ""16:30""]"
ae_036,2026-10-23,America/Lima,"[""09:00"", ""09:30"", ""10:00"", ""11:00"", ""12:00"", ""12:30"", ""14:00"", ""15:00"", ""15:30"", ""16:00"", ""16:30""]"
ae_036,2026-10-26,America/Lima,"[""09:30"", ""10:00"", ""11:00"", ""12:30"", ""13:00"", ""13:30"", ""14:30"", ""16:00"", ""16:30""]"
ae_036,2026-10-27,America/Lima,"[""10:00"", ""10:30"", ""11:30"", ""12:00"", ""12:30"", ""13:00"", ""13:30"", ""14:30"", ""15:00"", ""16:00""]"
ae_036,2026-10-28,America/Lima,"[""09:00"", ""10:00"", ""11:00"", ""14:30"", ""16:00"", ""16:30""]"
ae_036,2026-10-29,America/Lima,"[""09:30"", ""10:00"", ""10:30"", ""11:00"", ""12:00"", ""12:30"", ""13:00"", ""13:30"", ""14:00"", ""15:30"", ""16:30""]"
ae_036,2026-10-30,America/Lima,"[""09:00"", ""09:30"", ""10:00"", ""10:30"", ""11:00"", ""11:30"", ""12:00"", ""13:00"", ""14:00"", ""14:30"", ""15:00"", ""15:30""]"
ae_037,2026-10-01,America/Mexico_City,"[""09:00"", ""09:30"", ""10:00"", ""10:30"", ""11:00"", ""11:30"", ""13:00"", ""15:00"", ""16:00"", ""16:30""]"
ae_037,2026-10-02,America/Mexico_City,"[""09:30"", ""10:30"", ""12:30"", ""13:30"", ""15:30""]"
ae_037,2026-10-05,America/Mexico_City,"[""09:00"", ""10:00"", ""11:00"", ""11:30"", ""12:00"", ""13:30"", ""14:30"", ""15:00""]"
ae_037,2026-10-06,America/Mexico_City,"[""09:30"", ""10:00"", ""11:30"", ""12:30"", ""13:30"", ""16:00""]"
ae_037,2026-10-07,America/Mexico_City,"[""09:00"", ""09:30"", ""10:00"", ""11:00"", ""12:30"", ""13:30"", ""15:00"", ""15:30"", ""16:00""]"
ae_037,2026-10-08,America/Mexico_City,"[""09:00"", ""09:30"", ""11:00"", ""11:30"", ""12:00"", ""12:30"", ""14:00"", ""14:30"", ""15:00"", ""16:00"", ""16:30""]"
ae_037,2026-10-09,America/Mexico_City,"[""09:30"", ""10:30"", ""11:00"", ""11:30"", ""12:30"", ""13:00"", ""13:30"", ""14:30"", ""15:00"", ""15:30"", ""16:00"", ""16:30""]"
ae_037,2026-10-12,America/Mexico_City,"[""09:30"", ""10:00"", ""11:00"", ""11:30"", ""12:00"", ""12:30"", ""13:30"", ""16:00""]"
ae_037,2026-10-13,America/Mexico_City,"[""09:30"", ""10:00"", ""10:30"", ""12:30"", ""13:00"", ""13:30"", ""14:00"", ""14:30"", ""15:00"", ""16:00"", ""16:30""]"
ae_037,2026-10-14,America/Mexico_City,"[""09:30"", ""10:00"", ""10:30"", ""11:00"", ""12:00"", ""12:30"", ""13:00"", ""13:30"", ""15:00"", ""15:30"", ""16:00"", ""16:30""]"
ae_037,2026-10-15,America/Mexico_City,"[""09:30"", ""10:00"", ""11:30"", ""13:00"", ""14:30"", ""15:30""]"
ae_037,2026-10-16,America/Mexico_City,"[""11:00"", ""11:30"", ""12:00"", ""13:00"", ""13:30"", ""14:00"", ""15:30"", ""16:00"", ""16:30""]"
ae_037,2026-10-19,America/Mexico_City,"[""09:00"", ""10:30"", ""11:00"", ""11:30"", ""12:00"", ""12:30"", ""13:30"", ""14:00"", ""14:30"", ""15:30"", ""16:00""]"
ae_037,2026-10-20,America/Mexico_City,"[""09:30"", ""11:30"", ""12:00"", ""13:00"", ""14:30"", ""16:00""]"
ae_037,2026-10-21,America/Mexico_City,"[""09:00"", ""09:30"", ""10:30"", ""11:00"", ""12:00"", ""12:30"", ""14:30"", ""15:30"", ""16:30""]"
ae_037,2026-10-22,America/Mexico_City,"[""09:30"", ""10:00"", ""11:00"", ""12:00"", ""13:00"", ""14:00"", ""14:30"", ""16:00""]"
ae_037,2026-10-23,America/Mexico_City,"[""09:00"", ""09:30"", ""11:00"", ""11:30"", ""12:30"", ""13:00"", ""13:30"", ""15:00"", ""16:30""]"
ae_037,2026-10-26,America/Mexico_City,"[""09:00"", ""10:30"", ""11:00"", ""12:00"", ""12:30"", ""13:00"", ""13:30"", ""15:00"", ""15:30""]"
ae_037,2026-10-27,America/Mexico_City,"[""09:00"", ""09:30"", ""12:00"", ""13:00"", ""13:30"", ""14:00"", ""14:30"", ""15:30"", ""16:00""]"
ae_037,2026-10-28,America/Mexico_City,"[""09:00"", ""10:00"", ""11:30"", ""12:30"", ""14:30"", ""15:00"", ""15:30""]"
ae_037,2026-10-29,America/Mexico_City,"[""09:30"", ""10:30"", ""13:00"", ""13:30"", ""14:00"", ""14:30"", ""15:30""]"
ae_037,2026-10-30,America/Mexico_City,"[""09:30"", ""10:00"", ""11:00"", ""11:30"", ""12:00"", ""12:30"", ""14:00"", ""16:00""]"
ae_038,2026-10-01,America/Bogota,"[""09:00"", ""09:30"", ""10:00"", ""10:30"", ""11:00"", ""12:30"", ""13:30"", ""15:30""]"
ae_038,2026-10-02,America/Bogota,"[""09:00"", ""10:00"", ""10:30"", ""11:00"", ""11:30"", ""12:00"", ""13:30"", ""14:00"", ""14:30"", ""16:30""]"
ae_038,2026-10-05,America/Bogota,"[""09:30"", ""11:00"", ""12:00"", ""12:30"", ""13:30"", ""14:00"", ""15:30""]"
ae_038,2026-10-06,America/Bogota,"[""09:00"", ""11:30"", ""12:00"", ""12:30"", ""13:00"", ""13:30"", ""14:00"", ""15:30"", ""16:00"", ""16:30""]"
ae_038,2026-10-07,America/Bogota,"[""09:00"", ""09:30"", ""10:00"", ""10:30"", ""12:00"", ""12:30"", ""13:30"", ""14:00"", ""14:30"", ""16:00"", ""16:30""]"
ae_038,2026-10-08,America/Bogota,"[""10:00"", ""11:00"", ""13:30"", ""14:00"", ""14:30"", ""15:00"", ""16:00"", ""16:30""]"
ae_038,2026-10-09,America/Bogota,"[""09:00"", ""09:30"", ""10:00"", ""10:30"", ""11:00"", ""11:30"", ""12:30"", ""14:30"", ""15:30"", ""16:00"", ""16:30""]"
ae_038,2026-10-12,America/Bogota,"[""09:30"", ""10:30"", ""11:00"", ""12:00"", ""12:30"", ""13:30"", ""14:30"", ""15:00"", ""15:30""]"
ae_038,2026-10-13,America/Bogota,"[""10:00"", ""11:00"", ""12:00"", ""12:30"", ""13:00"", ""13:30"", ""14:00"", ""16:30""]"
ae_038,2026-10-14,America/Bogota,"[""09:00"", ""10:30"", ""11:00"", ""11:30"", ""12:00"", ""13:00"", ""14:00"", ""14:30"", ""16:00"", ""16:30""]"
ae_038,2026-10-15,America/Bogota,"[""09:00"", ""10:00"", ""11:00"", ""11:30"", ""13:00"", ""14:30"", ""16:00""]"
ae_038,2026-10-16,America/Bogota,"[""09:30"", ""10:00"", ""10:30"", ""11:00"", ""11:30"", ""12:00"", ""12:30"", ""13:30"", ""14:30"", ""15:00"", ""15:30"", ""16:30""]"
ae_038,2026-10-19,America/Bogota,"[""09:00"", ""09:30"", ""10:00"", ""11:00"", ""12:00"", ""12:30"", ""13:30"", ""14:30"", ""15:00"", ""16:00"", ""16:30""]"
ae_038,2026-10-20,America/Bogota,"[""09:00"", ""09:30"", ""10:00"", ""10:30"", ""11:00"", ""11:30"", ""12:30"", ""13:30"", ""14:00"", ""14:30"", ""15:30"", ""16:30""]"
ae_038,2026-10-21,America/Bogota,"[""11:30"", ""12:30"", ""13:00"", ""14:00"", ""14:30""]"
ae_038,2026-10-22,America/Bogota,"[""09:00"", ""09:30"", ""10:00"", ""10:30"", ""12:00"", ""12:30"", ""13:00"", ""16:00""]"
ae_038,2026-10-23,America/Bogota,"[""09:00"", ""09:30"", ""13:30"", ""15:00"", ""15:30"", ""16:00"", ""16:30""]"
ae_038,2026-10-26,America/Bogota,"[""09:30"", ""10:00"", ""11:30"", ""12:00"", ""13:30"", ""16:00"", ""16:30""]"
ae_038,2026-10-27,America/Bogota,"[""10:00"", ""10:30"", ""11:30"", ""12:00"", ""12:30"", ""13:00"", ""13:30"", ""14:30"", ""15:00"", ""16:00""]"
ae_038,2026-10-28,America/Bogota,"[""09:30"", ""10:00"", ""10:30"", ""11:30"", ""12:00"", ""12:30"", ""14:00"", ""15:30"", ""16:00"", ""16:30""]"
ae_038,2026-10-29,America/Bogota,"[""09:30"", ""10:00"", ""11:30"", ""12:30"", ""14:00"", ""14:30"", ""15:30"", ""16:00""]"
ae_038,2026-10-30,America/Bogota,"[""09:00"", ""09:30"", ""10:00"", ""10:30"", ""11:00"", ""11:30"", ""13:00"", ""13:30"", ""14:30"", ""15:00"", ""16:00"", ""16:30""]"
ae_039,2026-10-01,America/Sao_Paulo,"[""09:30"", ""10:30"", ""11:30"", ""12:00"", ""12:30"", ""13:00"", ""14:00"", ""14:30"", ""15:00""]"
ae_039,2026-10-02,America/Sao_Paulo,"[""09:00"", ""10:30"", ""11:00"", ""11:30"", ""12:00"", ""13:00"", ""13:30"", ""14:30"", ""15:00"", ""15:30"", ""16:30""]"
ae_039,2026-10-05,America/Sao_Paulo,"[""09:00"", ""09:30"", ""10:00"", ""12:00"", ""14:30"", ""15:30"", ""16:00""]"
ae_039,2026-10-06,America/Sao_Paulo,"[""09:00"", ""09:30"", ""11:00"", ""12:30"", ""13:30"", ""14:00"", ""15:30"", ""16:00""]"
ae_039,2026-10-07,America/Sao_Paulo,"[""10:00"", ""10:30"", ""11:30"", ""12:00"", ""12:30"", ""13:00"", ""13:30"", ""14:30"", ""15:00"", ""16:00"", ""16:30""]"
ae_039,2026-10-08,America/Sao_Paulo,"[""09:00"", ""09:30"", ""13:00"", ""13:30"", ""14:00"", ""15:00"", ""15:30"", ""16:00"", ""16:30""]"
ae_039,2026-10-09,America/Sao_Paulo,"[""09:00"", ""09:30"", ""10:30"", ""11:00"", ""12:30"", ""13:00"", ""14:00"", ""14:30"", ""15:00"", ""15:30"", ""16:00""]"
ae_039,2026-10-12,America/Sao_Paulo,"[""09:00"", ""09:30"", ""10:30"", ""11:30"", ""12:30"", ""13:00"", ""13:30"", ""14:00"", ""14:30"", ""15:00"", ""16:00"", ""16:30""]"
ae_039,2026-10-13,America/Sao_Paulo,"[""09:30"", ""10:00"", ""11:00"", ""11:30"", ""13:00"", ""15:30"", ""16:00"", ""16:30""]"
ae_039,2026-10-14,America/Sao_Paulo,"[""09:00"", ""10:00"", ""11:00"", ""12:30"", ""14:30"", ""15:00"", ""15:30"", ""16:00"", ""16:30""]"
ae_039,2026-10-15,America/Sao_Paulo,"[""09:30"", ""10:00"", ""11:00"", ""12:00"", ""13:30"", ""14:00"", ""14:30"", ""15:00"", ""16:00"", ""16:30""]"
ae_039,2026-10-16,America/Sao_Paulo,"[""10:30"", ""11:00"", ""11:30"", ""12:00"", ""12:30"", ""13:00"", ""13:30"", ""14:00"", ""15:00"", ""16:30""]"
ae_039,2026-10-19,America/Sao_Paulo,"[""09:00"", ""11:30"", ""14:30"", ""16:30""]"
ae_039,2026-10-20,America/Sao_Paulo,"[""09:30"", ""10:30"", ""11:30"", ""12:30"", ""13:00"", ""13:30"", ""15:00"", ""16:30""]"
ae_039,2026-10-21,America/Sao_Paulo,"[""09:00"", ""10:00"", ""10:30"", ""11:00"", ""12:00"", ""12:30"", ""13:00"", ""13:30"", ""14:30"", ""15:00"", ""15:30"", ""16:00"", ""16:30""]"
ae_039,2026-10-22,America/Sao_Paulo,"[""09:00"", ""10:30"", ""11:00"", ""12:00"", ""12:30"", ""13:30"", ""14:00"", ""15:30"", ""16:30""]"
ae_039,2026-10-23,America/Sao_Paulo,"[""09:00"", ""09:30"", ""13:30"", ""14:00"", ""14:30"", ""15:30"", ""16:00""]"
ae_039,2026-10-26,America/Sao_Paulo,"[""11:30"", ""13:30"", ""14:30"", ""16:00"", ""16:30""]"
ae_039,2026-10-27,America/Sao_Paulo,"[""09:00"", ""09:30"", ""11:30"", ""12:30"", ""15:00"", ""16:00"", ""16:30""]"
ae_039,2026-10-28,America/Sao_Paulo,"[""09:00"", ""12:00"", ""12:30"", ""15:00"", ""15:30""]"
ae_039,2026-10-29,America/Sao_Paulo,"[""09:00"", ""09:30"", ""10:00"", ""10:30"", ""11:00"", ""12:30"", ""13:00"", ""13:30"", ""15:00"", ""16:00"", ""16:30""]"
ae_039,2026-10-30,America/Sao_Paulo,"[""09:00"", ""10:30"", ""11:00"", ""11:30"", ""12:30""]"
ae_040,2026-10-01,America/Santiago,"[""09:00"", ""09:30"", ""10:00"", ""10:30"", ""12:30"", ""13:00"", ""13:30"", ""14:00"", ""15:00"", ""15:30"", ""16:00""]"
ae_040,2026-10-02,America/Santiago,"[""09:00"", ""09:30"", ""11:30"", ""12:00"", ""13:00"", ""13:30"", ""15:30""]"
ae_040,2026-10-05,America/Santiago,"[""10:00"", ""11:00"", ""12:00"", ""12:30"", ""13:00"", ""13:30"", ""14:00"", ""14:30"", ""16:30""]"
ae_040,2026-10-06,America/Santiago,"[""11:00"", ""11:30"", ""13:30"", ""14:30"", ""15:30""]"
ae_040,2026-10-07,America/Santiago,"[""09:00"", ""10:00"", ""11:00"", ""11:30"", ""12:30"", ""13:00"", ""14:00"", ""14:30"", ""15:30"", ""16:00""]"
ae_040,2026-10-08,America/Santiago,"[""09:30"", ""10:00"", ""10:30"", ""11:00"", ""12:30"", ""13:00"", ""13:30"", ""14:30"", ""15:30"", ""16:30""]"
ae_040,2026-10-09,America/Santiago,"[""10:00"", ""10:30"", ""11:00"", ""11:30"", ""12:30"", ""13:30"", ""14:00"", ""14:30"", ""15:30""]"
ae_040,2026-10-12,America/Santiago,"[""09:00"", ""10:00"", ""11:30"", ""12:00"", ""12:30"", ""14:00"", ""14:30"", ""15:30"", ""16:00""]"
ae_040,2026-10-13,America/Santiago,"[""09:00"", ""09:30"", ""11:00"", ""11:30"", ""13:30"", ""14:00"", ""14:30"", ""15:00"", ""15:30""]"
ae_040,2026-10-14,America/Santiago,"[""09:00"", ""12:00"", ""14:00"", ""15:00""]"
ae_040,2026-10-15,America/Santiago,"[""09:00"", ""10:00"", ""10:30"", ""13:00"", ""13:30"", ""14:30"", ""15:30"", ""16:30""]"
ae_040,2026-10-16,America/Santiago,"[""09:00"", ""09:30"", ""10:30"", ""11:00"", ""11:30"", ""12:00"", ""12:30"", ""15:00"", ""15:30"", ""16:30""]"
ae_040,2026-10-19,America/Santiago,"[""09:00"", ""10:00"", ""10:30"", ""11:00"", ""11:30"", ""12:30"", ""13:00"", ""13:30"", ""16:00""]"
ae_040,2026-10-20,America/Santiago,"[""09:00"", ""09:30"", ""10:30"", ""12:30"", ""13:00"", ""13:30"", ""14:00"", ""14:30"", ""15:00""]"
ae_040,2026-10-21,America/Santiago,"[""09:30"", ""10:00"", ""12:00"", ""12:30"", ""13:30"", ""14:00"", ""15:00"", ""15:30"", ""16:00""]"
ae_040,2026-10-22,America/Santiago,"[""09:00"", ""09:30"", ""10:30"", ""11:00"", ""12:00"", ""14:30"", ""16:00"", ""16:30""]"
ae_040,2026-10-23,America/Santiago,"[""09:00"", ""09:30"", ""11:00"", ""11:30"", ""12:00"", ""13:00"", ""13:30"", ""15:00"", ""16:30""]"
ae_040,2026-10-26,America/Santiago,"[""09:00"", ""10:30"", ""11:30"", ""12:00"", ""12:30"", ""13:00"", ""14:00"", ""15:30"", ""16:30""]"
ae_040,2026-10-27,America/Santiago,"[""09:00"", ""10:00"", ""10:30"", ""11:00"", ""11:30"", ""12:00"", ""13:30"", ""14:00"", ""14:30"", ""15:30"", ""16:30""]"
ae_040,2026-10-28,America/Santiago,"[""09:30"", ""10:30"", ""11:00"", ""12:00"", ""13:00"", ""14:00"", ""15:00"", ""16:00"", ""16:30""]"
ae_040,2026-10-29,America/Santiago,"[""09:00"", ""10:00"", ""10:30"", ""11:00"", ""12:00"", ""13:00"", ""14:00"", ""15:00"", ""15:30"", ""16:30""]"
ae_040,2026-10-30,America/Santiago,"[""11:00"", ""11:30"", ""12:30"", ""13:00"", ""13:30"", ""14:00"", ""14:30"", ""15:00"", ""15:30"", ""16:00"", ""16:30""]"
