fact_id,account_id,type,text,source_name,source_url,observed_at,is_verified,confidence
fct_000001_1,acc_000001,tech_stack,Tovi runs Contpaqi as its ERP.,Company website,https://companywebsite.example/fct_000001_1,2025-08-18T16:00:00Z,True,0.83
fct_000002_1,acc_000002,product,Group Mamar launched a 24-hour delivery service.,LinkedIn (public profile),https://linkedinpublicprofile.example/fct_000002_1,2024-04-29T16:00:00Z,True,0.8
fct_000002_2,acc_000002,tech_stack,Group Mamar runs Totvs as its ERP.,Local press,https://localpress.example/fct_000002_2,2024-05-02T16:00:00Z,True,0.78
fct_000002_3,acc_000002,news,Group Mamar was named one of the fastest-growing companies in Chile.,Press release,https://pressrelease.example/fct_000002_3,2026-02-11T16:00:00Z,True,0.78
fct_000003_1,acc_000003,news,Group Sacen was named one of the fastest-growing companies in Mexico.,Company website,https://companywebsite.example/fct_000003_1,2026-01-11T16:00:00Z,True,0.82
fct_000003_2,acc_000003,hiring,Group Sacen posted 5 openings in finance and operations.,LinkedIn (public profile),https://linkedinpublicprofile.example/fct_000003_2,2024-06-09T16:00:00Z,True,0.71
fct_000004_1,acc_000004,news,Builders Niix was named one of the fastest-growing companies in Mexico.,Press release,https://pressrelease.example/fct_000004_1,2026-01-26T16:00:00Z,True,0.88
fct_000004_2,acc_000004,hiring,Builders Niix posted 11 openings in finance and operations.,Press release,https://pressrelease.example/fct_000004_2,2025-11-11T16:00:00Z,True,0.93
fct_000006_1,acc_000006,hiring,Cumin posted 10 openings in finance and operations.,LinkedIn (public profile),https://linkedinpublicprofile.example/fct_000006_1,2026-01-03T16:00:00Z,True,0.96
fct_000008_1,acc_000008,news,Group Bavi was named one of the fastest-growing companies in Mexico.,Local press,https://localpress.example/fct_000008_1,2025-03-09T16:00:00Z,True,0.99
fct_000008_2,acc_000008,hiring,Group Bavi posted 18 openings in finance and operations.,Company website,https://companywebsite.example/fct_000008_2,2025-03-13T16:00:00Z,True,0.97
fct_000009_1,acc_000009,expansion,"Association of Orul announced its expansion to Cordoba, Argentina.",Press release,https://pressrelease.example/fct_000009_1,2025-11-14T16:00:00Z,True,0.78
fct_000013_1,acc_000013,product,Yralo Health launched an online ordering platform.,Local press,https://localpress.example/fct_000013_1,2026-04-06T16:00:00Z,True,0.86
fct_000013_2,acc_000013,expansion,"Yralo Health announced its expansion to Barranquilla, Colombia.",Local press,https://localpress.example/fct_000013_2,2026-08-16T16:00:00Z,True,0.92
fct_000013_3,acc_000013,product,Yralo Health launched a 24-hour delivery service.,Press release,https://pressrelease.example/fct_000013_3,2024-10-06T16:00:00Z,True,0.97
fct_000014_1,acc_000014,hiring,Group Nimo posted 24 openings in finance and operations.,LinkedIn (public profile),https://linkedinpublicprofile.example/fct_000014_1,2024-10-25T16:00:00Z,True,0.94
fct_000015_1,acc_000015,product,Farms Nextor launched a loyalty program.,LinkedIn (public profile),https://linkedinpublicprofile.example/fct_000015_1,2025-11-15T16:00:00Z,True,0.81
fct_000019_1,acc_000019,tech_stack,Group Foren runs Totvs as its ERP.,Local press,https://localpress.example/fct_000019_1,2025-11-19T16:00:00Z,True,0.75
fct_000019_2,acc_000019,pain_hypothesis,Hypothesis (inferred): reconciling travel and supplier expenses across several currencies likely means manual work.,Internal inference,https://internalinference.example/fct_000019_2,2026-08-24T16:00:00Z,False,0.55
fct_000020_1,acc_000020,pain_hypothesis,Hypothesis (inferred): reconciling travel and supplier expenses across several currencies likely means manual work.,Internal inference,https://internalinference.example/fct_000020_1,2025-11-25T16:00:00Z,False,0.6
fct_000020_2,acc_000020,product,Group Panem launched a 24-hour delivery service.,Local press,https://localpress.example/fct_000020_2,2026-04-30T16:00:00Z,True,0.8
fct_000020_3,acc_000020,hiring,Group Panem posted 14 openings in finance and operations.,Local press,https://localpress.example/fct_000020_3,2025-07-09T16:00:00Z,True,0.99
fct_000021_1,acc_000021,hiring,Armar posted 25 openings in finance and operations.,Company website,https://companywebsite.example/fct_000021_1,2025-11-18T16:00:00Z,True,0.71
fct_000021_2,acc_000021,news,Armar was named one of the fastest-growing companies in Argentina.,LinkedIn (public profile),https://linkedinpublicprofile.example/fct_000021_2,2024-04-29T16:00:00Z,True,0.92
fct_000022_1,acc_000022,product,Harvest Ribel launched a new premium product line.,LinkedIn (public profile),https://linkedinpublicprofile.example/fct_000022_1,2025-12-04T16:00:00Z,True,0.7
fct_000022_2,acc_000022,news,Harvest Ribel was named one of the fastest-growing companies in Colombia.,Press release,https://pressrelease.example/fct_000022_2,2025-11-07T16:00:00Z,True,0.95
fct_000023_1,acc_000023,tech_stack,Group Galdor runs Odoo as its ERP.,LinkedIn (public profile),https://linkedinpublicprofile.example/fct_000023_1,2026-09-07T16:00:00Z,True,0.89
fct_000023_2,acc_000023,expansion,"Group Galdor announced its expansion to Tijuana, Mexico.",Press release,https://pressrelease.example/fct_000023_2,2026-07-27T16:00:00Z,True,0.87
fct_000026_1,acc_000026,product,Group Sacen launched an online ordering platform.,Local press,https://localpress.example/fct_000026_1,2025-11-06T16:00:00Z,True,0.9
fct_000026_2,acc_000026,hiring,Minne Clinic posted 10 openings in finance and operations.,Company website,https://companywebsite.example/fct_000026_2,2026-03-23T16:00:00Z,True,0.86
fct_000026_3,acc_000026,hiring,Minne Clinic posted 7 openings in finance and operations.,Local press,https://localpress.example/fct_000026_3,2024-12-05T16:00:00Z,True,0.87
fct_000026_4,acc_000026,pain_hypothesis,Hypothesis (inferred): reconciling travel and supplier expenses across several currencies likely means manual work.,Internal inference,https://internalinference.example/fct_000026_4,2026-06-02T16:00:00Z,False,0.42
fct_000027_1,acc_000027,news,Group Riren was named one of the fastest-growing companies in Colombia.,LinkedIn (public profile),https://linkedinpublicprofile.example/fct_000027_1,2025-06-22T16:00:00Z,True,0.93
fct_000027_2,acc_000027,expansion,"Group Riren announced its expansion to Concepcion, Chile.",Local press,https://localpress.example/fct_000027_2,2026-01-06T16:00:00Z,True,0.81
fct_000027_3,acc_000027,expansion,"Group Riren announced its expansion to Mexico City, Mexico.",Local press,https://localpress.example/fct_000027_3,2026-02-15T16:00:00Z,True,0.87
fct_000029_1,acc_000029,hiring,Agro Lunex posted 6 openings in finance and operations.,Company website,https://companywebsite.example/fct_000029_1,2024-11-20T16:00:00Z,True,0.87
fct_000029_2,acc_000029,tech_stack,Agro Lunex runs Odoo as its ERP.,Local press,https://localpress.example/fct_000029_2,2026-09-26T16:00:00Z,True,0.89
fct_000030_1,acc_000030,hiring,Trading Mogal posted 12 openings in finance and operations.,Press release,https://pressrelease.example/fct_000030_1,2026-08-09T16:00:00Z,True,0.73
fct_000030_2,acc_000030,news,Trading Mogal was named one of the fastest-growing companies in Mexico.,Company website,https://companywebsite.example/fct_000030_2,2025-12-21T16:00:00Z,True,0.96
fct_000031_1,acc_000031,hiring,Group Solmin posted 3 openings in finance and operations.,Press release,https://pressrelease.example/fct_000031_1,2026-06-27T16:00:00Z,True,0.76
fct_000031_2,acc_000031,news,Group Solmin was named one of the fastest-growing companies in Mexico.,Local press,https://localpress.example/fct_000031_2,2025-02-05T16:00:00Z,True,0.78
fct_000031_3,acc_000031,headcount,Group Solmin has approximately 618 employees.,LinkedIn (public profile),https://linkedinpublicprofile.example/fct_000031_3,2026-06-02T16:00:00Z,True,0.75
fct_000031_4,acc_000031,hiring,Group Solmin posted 5 openings in finance and operations.,Local press,https://localpress.example/fct_000031_4,2025-07-08T16:00:00Z,True,0.93
fct_000032_1,acc_000032,expansion,"Academy Rentor announced its expansion to Monterrey, Mexico.",Local press,https://localpress.example/fct_000032_1,2026-04-10T16:00:00Z,True,0.87
fct_000032_2,acc_000032,headcount,Academy Rentor has approximately 224 employees.,Local press,https://localpress.example/fct_000032_2,2026-06-21T16:00:00Z,True,0.99
fct_000032_3,acc_000032,pain_hypothesis,Hypothesis (inferred): reconciling travel and supplier expenses across several currencies likely means manual work.,Internal inference,https://internalinference.example/fct_000032_3,2026-08-12T16:00:00Z,False,0.43
fct_000035_1,acc_000035,expansion,"Nexdo Cargo announced its expansion to Monterrey, Mexico.",Local press,https://localpress.example/fct_000035_1,2026-07-31T16:00:00Z,True,0.77
fct_000035_2,acc_000035,news,Nexdo Cargo was named one of the fastest-growing companies in Brazil.,Press release,https://pressrelease.example/fct_000035_2,2026-01-10T16:00:00Z,True,0.86
fct_000037_1,acc_000037,hiring,Group Galba posted 7 openings in finance and operations.,Local press,https://localpress.example/fct_000037_1,2025-12-01T16:00:00Z,True,0.92
fct_000037_2,acc_000037,pain_hypothesis,Hypothesis (inferred): reconciling travel and supplier expenses across several currencies likely means manual work.,Internal inference,https://internalinference.example/fct_000037_2,2025-11-06T16:00:00Z,False,0.58
fct_000037_3,acc_000037,pain_hypothesis,Hypothesis (inferred): reconciling travel and supplier expenses across several currencies likely means manual work.,Internal inference,https://internalinference.example/fct_000037_3,2025-11-24T16:00:00Z,False,0.47
fct_000038_1,acc_000038,headcount,Lomin Mercantile has approximately 110 employees.,LinkedIn (public profile),https://linkedinpublicprofile.example/fct_000038_1,2025-11-20T16:00:00Z,True,0.82
fct_000040_1,acc_000040,expansion,"Plastics Yraren announced its expansion to Buenos Aires, Argentina.",LinkedIn (public profile),https://linkedinpublicprofile.example/fct_000040_1,2026-01-16T16:00:00Z,True,0.92
fct_000040_2,acc_000040,pain_hypothesis,Hypothesis (inferred): reconciling travel and supplier expenses across several currencies likely means manual work.,Internal inference,https://internalinference.example/fct_000040_2,2026-05-18T16:00:00Z,False,0.51
fct_000040_3,acc_000040,news,Plastics Yraren was named one of the fastest-growing companies in Colombia.,Press release,https://pressrelease.example/fct_000040_3,2026-02-05T16:00:00Z,True,0.9
fct_000041_1,acc_000041,hiring,Roro posted 20 openings in finance and operations.,Local press,https://localpress.example/fct_000041_1,2026-06-02T16:00:00Z,True,0.89
fct_000041_2,acc_000041,news,Roro was named one of the fastest-growing companies in Colombia.,LinkedIn (public profile),https://linkedinpublicprofile.example/fct_000041_2,2026-06-14T16:00:00Z,True,0.72
fct_000042_1,acc_000042,tech_stack,Doni runs Defontana as its ERP.,Local press,https://localpress.example/fct_000042_1,2025-11-19T16:00:00Z,True,0.87
fct_000044_1,acc_000044,expansion,"Group Orcen announced its expansion to Curitiba, Brazil.",Company website,https://companywebsite.example/fct_000044_1,2026-02-06T16:00:00Z,True,0.95
fct_000044_2,acc_000044,product,Group Orcen launched a 24-hour delivery service.,Company website,https://companywebsite.example/fct_000044_2,2026-02-16T16:00:00Z,True,0.91
fct_000044_3,acc_000044,expansion,"Group Orcen announced its expansion to Tijuana, Mexico.",Press release,https://pressrelease.example/fct_000044_3,2026-07-20T16:00:00Z,True,0.86
fct_000044_4,acc_000044,pain_hypothesis,Hypothesis (inferred): reconciling travel and supplier expenses across several currencies likely means manual work.,Internal inference,https://internalinference.example/fct_000044_4,2026-03-31T16:00:00Z,False,0.59
fct_000045_1,acc_000045,pain_hypothesis,Hypothesis (inferred): reconciling travel and supplier expenses across several currencies likely means manual work.,Internal inference,https://internalinference.example/fct_000045_1,2026-04-04T16:00:00Z,False,0.54
fct_000045_2,acc_000045,product,Group Traten launched a mobile app for customers.,Company website,https://companywebsite.example/fct_000045_2,2024-08-25T16:00:00Z,True,0.73
fct_000045_3,acc_000045,expansion,"Group Traten announced its expansion to Trujillo, Peru.",Company website,https://companywebsite.example/fct_000045_3,2026-01-28T16:00:00Z,True,0.9
fct_000045_4,acc_000045,expansion,"Group Traten announced its expansion to Monterrey, Mexico.",Company website,https://companywebsite.example/fct_000045_4,2025-04-28T16:00:00Z,True,0.96
fct_000046_1,acc_000046,hiring,Neper posted 15 openings in finance and operations.,Local press,https://localpress.example/fct_000046_1,2024-04-15T16:00:00Z,True,0.93
fct_000046_2,acc_000046,hiring,Neper posted 10 openings in finance and operations.,LinkedIn (public profile),https://linkedinpublicprofile.example/fct_000046_2,2026-09-01T16:00:00Z,True,0.92
fct_000046_3,acc_000046,tech_stack,Neper runs SAP Business One as its ERP.,Local press,https://localpress.example/fct_000046_3,2026-04-14T16:00:00Z,True,0.76
fct_000046_4,acc_000046,tech_stack,Neper runs Bsale as its ERP.,Local press,https://localpress.example/fct_000046_4,2026-06-06T16:00:00Z,True,0.97
fct_000047_1,acc_000047,news,Plastics Tramar was named one of the fastest-growing companies in Mexico.,Press release,https://pressrelease.example/fct_000047_1,2026-02-21T16:00:00Z,True,0.82
fct_000047_2,acc_000047,hiring,Plastics Tramar posted 22 openings in finance and operations.,Press release,https://pressrelease.example/fct_000047_2,2024-08-11T16:00:00Z,True,0.95
fct_000047_3,acc_000047,news,Plastics Tramar was named one of the fastest-growing companies in Mexico.,LinkedIn (public profile),https://linkedinpublicprofile.example/fct_000047_3,2026-02-12T16:00:00Z,True,0.8
fct_000048_1,acc_000048,news,Luper was named one of the fastest-growing companies in Chile.,Local press,https://localpress.example/fct_000048_1,2026-08-28T16:00:00Z,True,0.72
fct_000048_2,acc_000048,pain_hypothesis,Hypothesis (inferred): reconciling travel and supplier expenses across several currencies likely means manual work.,Internal inference,https://internalinference.example/fct_000048_2,2026-07-05T16:00:00Z,False,0.59
fct_000049_1,acc_000049,hiring,Services Lisyra posted 17 openings in finance and operations.,Local press,https://localpress.example/fct_000049_1,2026-04-17T16:00:00Z,True,0.95
fct_000049_2,acc_000049,news,Services Lisyra was named one of the fastest-growing companies in Argentina.,Press release,https://pressrelease.example/fct_000049_2,2026-04-05T16:00:00Z,True,0.81
fct_000050_1,acc_000050,tech_stack,Group Bazu runs Totvs as its ERP.,LinkedIn (public profile),https://linkedinpublicprofile.example/fct_000050_1,2026-05-09T16:00:00Z,True,0.81
fct_000050_2,acc_000050,news,Group Bazu was named one of the fastest-growing companies in Brazil.,Local press,https://localpress.example/fct_000050_2,2026-03-20T16:00:00Z,True,0.86
fct_000051_1,acc_000051,product,Belpi Systems launched a 24-hour delivery service.,Press release,https://pressrelease.example/fct_000051_1,2026-03-10T16:00:00Z,True,0.89
fct_000051_2,acc_000051,pain_hypothesis,Hypothesis (inferred): reconciling travel and supplier expenses across several currencies likely means manual work.,Internal inference,https://internalinference.example/fct_000051_2,2026-06-30T16:00:00Z,False,0.59
fct_000051_3,acc_000051,tech_stack,Belpi Systems runs Odoo as its ERP.,Local press,https://localpress.example/fct_000051_3,2024-07-19T16:00:00Z,True,0.78
fct_000053_1,acc_000053,expansion,"Torlis Education announced its expansion to Sao Paulo, Brazil.",Local press,https://localpress.example/fct_000053_1,2026-05-08T16:00:00Z,True,0.72
fct_000054_1,acc_000054,tech_stack,Manufacturing Nifo runs Totvs as its ERP.,LinkedIn (public profile),https://linkedinpublicprofile.example/fct_000054_1,2026-01-21T16:00:00Z,True,0.71
fct_000055_1,acc_000055,news,Belmar Builders was named one of the fastest-growing companies in Chile.,Local press,https://localpress.example/fct_000055_1,2026-04-10T16:00:00Z,True,0.82
fct_000055_2,acc_000055,news,Belmar Builders was named one of the fastest-growing companies in Chile.,Press release,https://pressrelease.example/fct_000055_2,2026-01-20T16:00:00Z,True,0.94
fct_000055_3,acc_000055,news,Belmar Builders was named one of the fastest-growing companies in Chile.,Local press,https://localpress.example/fct_000055_3,2026-02-23T16:00:00Z,True,0.72
fct_000055_4,acc_000055,news,Belmar Builders was named one of the fastest-growing companies in Chile.,LinkedIn (public profile),https://linkedinpublicprofile.example/fct_000055_4,2024-05-18T16:00:00Z,True,0.95
fct_000055_5,acc_000055,news,Belmar Builders was named one of the fastest-growing companies in Chile.,Local press,https://localpress.example/fct_000055_5,2026-01-29T16:00:00Z,True,0.96
fct_000056_1,acc_000056,hiring,Group Cenmin posted 20 openings in finance and operations.,LinkedIn (public profile),https://linkedinpublicprofile.example/fct_000056_1,2026-09-18T16:00:00Z,True,0.71
fct_000057_1,acc_000057,pain_hypothesis,Hypothesis (inferred): reconciling travel and supplier expenses across several currencies likely means manual work.,Internal inference,https://internalinference.example/fct_000057_1,2025-12-22T16:00:00Z,False,0.49
fct_000058_1,acc_000058,news,Marva Industries was named one of the fastest-growing companies in Brazil.,Press release,https://pressrelease.example/fct_000058_1,2024-04-22T16:00:00Z,True,0.71
fct_000058_2,acc_000058,hiring,Marva Industries posted 4 openings in finance and operations.,Press release,https://pressrelease.example/fct_000058_2,2025-11-09T16:00:00Z,True,0.79
fct_000058_3,acc_000058,product,Marva Industries launched a loyalty program.,Local press,https://localpress.example/fct_000058_3,2026-06-11T16:00:00Z,True,0.95
fct_000060_1,acc_000060,tech_stack,Arar Digital runs Bsale as its ERP.,Local press,https://localpress.example/fct_000060_1,2026-04-11T16:00:00Z,True,0.79
fct_000060_2,acc_000060,tech_stack,Arar Digital runs Defontana as its ERP.,Company website,https://companywebsite.example/fct_000060_2,2026-07-25T16:00:00Z,True,0.83
fct_000060_3,acc_000060,hiring,Arar Digital posted 10 openings in finance and operations.,Press release,https://pressrelease.example/fct_000060_3,2026-06-14T16:00:00Z,True,0.99
fct_000062_1,acc_000062,expansion,"Foqui announced its expansion to Medellin, Colombia.",Local press,https://localpress.example/fct_000062_1,2026-09-16T16:00:00Z,True,0.94
fct_000063_1,acc_000063,news,Gourmet Cenka was named one of the fastest-growing companies in Colombia.,Company website,https://companywebsite.example/fct_000063_1,2026-01-11T16:00:00Z,True,0.87
fct_000064_1,acc_000064,news,Pertor was named one of the fastest-growing companies in Chile.,Company website,https://companywebsite.example/fct_000064_1,2025-07-01T16:00:00Z,True,0.72
fct_000064_2,acc_000064,news,Pertor was named one of the fastest-growing companies in Chile.,Company website,https://companywebsite.example/fct_000064_2,2026-03-01T16:00:00Z,True,0.81
fct_000064_3,acc_000064,pain_hypothesis,Hypothesis (inferred): reconciling travel and supplier expenses across several currencies likely means manual work.,Internal inference,https://internalinference.example/fct_000064_3,2026-09-26T16:00:00Z,False,0.51
fct_000064_4,acc_000064,expansion,"Pertor announced its expansion to Bucaramanga, Colombia.",Company website,https://companywebsite.example/fct_000064_4,2026-03-09T16:00:00Z,True,0.89
fct_000066_1,acc_000066,expansion,"Builders Maem announced its expansion to Rio de Janeiro, Brazil.",Press release,https://pressrelease.example/fct_000066_1,2025-02-09T16:00:00Z,True,0.87
fct_000066_2,acc_000066,news,Builders Maem was named one of the fastest-growing companies in Mexico.,Company website,https://companywebsite.example/fct_000066_2,2026-08-12T16:00:00Z,True,0.71
fct_000068_1,acc_000068,tech_stack,Kamo runs Oracle NetSuite as its ERP.,Local press,https://localpress.example/fct_000068_1,2025-08-14T16:00:00Z,True,0.74
fct_000068_2,acc_000068,hiring,Kamo posted 17 openings in finance and operations.,Company website,https://companywebsite.example/fct_000068_2,2026-04-19T16:00:00Z,True,0.9
fct_000070_1,acc_000070,tech_stack,Torta runs Contpaqi as its ERP.,LinkedIn (public profile),https://linkedinpublicprofile.example/fct_000070_1,2025-02-09T16:00:00Z,True,0.75
fct_000070_2,acc_000070,tech_stack,Torta runs Totvs as its ERP.,Press release,https://pressrelease.example/fct_000070_2,2026-03-13T16:00:00Z,True,0.83
fct_000070_3,acc_000070,expansion,"Torta announced its expansion to Cordoba, Argentina.",Local press,https://localpress.example/fct_000070_3,2026-05-13T16:00:00Z,True,0.76
fct_000070_4,acc_000070,news,Torta was named one of the fastest-growing companies in Colombia.,Local press,https://localpress.example/fct_000070_4,2025-11-05T16:00:00Z,True,0.97
fct_000071_1,acc_000071,hiring,Pika posted 22 openings in finance and operations.,Company website,https://companywebsite.example/fct_000071_1,2026-09-26T16:00:00Z,True,0.86
fct_000071_2,acc_000071,tech_stack,Pika runs Bsale as its ERP.,Press release,https://pressrelease.example/fct_000071_2,2026-06-22T16:00:00Z,True,0.99
fct_000071_3,acc_000071,product,Pika launched a mobile app for customers.,Press release,https://pressrelease.example/fct_000071_3,2025-11-13T16:00:00Z,True,0.84
fct_000071_4,acc_000071,news,Pika was named one of the fastest-growing companies in Colombia.,LinkedIn (public profile),https://linkedinpublicprofile.example/fct_000071_4,2026-06-05T16:00:00Z,True,0.92
fct_000072_1,acc_000072,expansion,"Galem Education announced its expansion to Rosario, Argentina.",Local press,https://localpress.example/fct_000072_1,2026-02-10T16:00:00Z,True,0.84
fct_000072_2,acc_000072,news,Galem Education was named one of the fastest-growing companies in Chile.,Company website,https://companywebsite.example/fct_000072_2,2024-06-02T16:00:00Z,True,0.89
fct_000072_3,acc_000072,product,Galem Education launched an online ordering platform.,Company website,https://companywebsite.example/fct_000072_3,2026-02-27T16:00:00Z,True,0.82
fct_000074_1,acc_000074,news,Farms Cenyra was named one of the fastest-growing companies in Mexico.,Press release,https://pressrelease.example/fct_000074_1,2026-05-01T16:00:00Z,True,0.79
fct_000074_2,acc_000074,hiring,Farms Cenyra posted 6 openings in finance and operations.,Press release,https://pressrelease.example/fct_000074_2,2026-01-08T16:00:00Z,True,0.88
fct_000074_3,acc_000074,tech_stack,Farms Cenyra runs Totvs as its ERP.,Press release,https://pressrelease.example/fct_000074_3,2026-05-04T16:00:00Z,True,0.71
fct_000075_1,acc_000075,hiring,Gourmet Ferver posted 8 openings in finance and operations.,Company website,https://companywebsite.example/fct_000075_1,2025-12-23T16:00:00Z,True,0.73
fct_000077_1,acc_000077,expansion,"Group Belem announced its expansion to Guadalajara, Mexico.",Local press,https://localpress.example/fct_000077_1,2025-11-27T16:00:00Z,True,0.77
fct_000079_1,acc_000079,tech_stack,Arvi runs SAP Business One as its ERP.,Local press,https://localpress.example/fct_000079_1,2026-02-23T16:00:00Z,True,0.92
fct_000080_1,acc_000080,expansion,"Digital Pansol announced its expansion to Medellin, Colombia.",Local press,https://localpress.example/fct_000080_1,2026-02-16T16:00:00Z,True,0.82
fct_000081_1,acc_000081,hiring,Group Momin posted 25 openings in finance and operations.,Press release,https://pressrelease.example/fct_000081_1,2025-05-19T16:00:00Z,True,0.81
fct_000081_2,acc_000081,news,Group Momin was named one of the fastest-growing companies in Brazil.,LinkedIn (public profile),https://linkedinpublicprofile.example/fct_000081_2,2026-09-26T16:00:00Z,True,0.92
fct_000081_3,acc_000081,funding,Group Momin closed a USD 12 million funding round.,Press release,https://pressrelease.example/fct_000081_3,2026-08-19T16:00:00Z,True,0.82
fct_000081_4,acc_000081,expansion,"Group Momin announced its expansion to Tijuana, Mexico.",Company website,https://companywebsite.example/fct_000081_4,2026-02-09T16:00:00Z,True,0.85
fct_000081_5,acc_000081,news,Group Momin was named one of the fastest-growing companies in Brazil.,LinkedIn (public profile),https://linkedinpublicprofile.example/fct_000081_5,2026-02-04T16:00:00Z,True,0.79
fct_000083_1,acc_000083,expansion,"Martra announced its expansion to Leon, Mexico.",Press release,https://pressrelease.example/fct_000083_1,2026-07-28T16:00:00Z,True,0.84
fct_000084_1,acc_000084,hiring,Group Merfer posted 13 openings in finance and operations.,Company website,https://companywebsite.example/fct_000084_1,2026-03-30T16:00:00Z,True,0.95
fct_000084_2,acc_000084,expansion,"Group Merfer announced its expansion to Buenos Aires, Argentina.",LinkedIn (public profile),https://linkedinpublicprofile.example/fct_000084_2,2025-11-26T16:00:00Z,True,0.8
fct_000084_3,acc_000084,expansion,"Group Merfer announced its expansion to Leon, Mexico.",Company website,https://companywebsite.example/fct_000084_3,2026-08-22T16:00:00Z,True,0.89
fct_000086_1,acc_000086,product,Cuzu launched a 24-hour delivery service.,LinkedIn (public profile),https://linkedinpublicprofile.example/fct_000086_1,2026-06-21T16:00:00Z,True,0.94
fct_000086_2,acc_000086,news,Cuzu was named one of the fastest-growing companies in Chile.,LinkedIn (public profile),https://linkedinpublicprofile.example/fct_000086_2,2026-04-13T16:00:00Z,True,0.91
fct_000086_3,acc_000086,pain_hypothesis,Hypothesis (inferred): reconciling travel and supplier expenses across several currencies likely means manual work.,Internal inference,https://internalinference.example/fct_000086_3,2026-04-22T16:00:00Z,False,0.44
fct_000087_1,acc_000087,hiring,Retail Ulni posted 8 openings in finance and operations.,Press release,https://pressrelease.example/fct_000087_1,2025-01-23T16:00:00Z,True,0.76
fct_000087_2,acc_000087,tech_stack,Retail Ulni runs Contpaqi as its ERP.,LinkedIn (public profile),https://linkedinpublicprofile.example/fct_000087_2,2026-02-17T16:00:00Z,True,0.71
fct_000087_3,acc_000087,hiring,Retail Ulni posted 19 openings in finance and operations.,Press release,https://pressrelease.example/fct_000087_3,2026-09-19T16:00:00Z,True,0.96
fct_000088_1,acc_000088,hiring,Group Doka posted 8 openings in finance and operations.,Press release,https://pressrelease.example/fct_000088_1,2026-09-26T16:00:00Z,True,0.71
fct_000088_2,acc_000088,product,Group Doka launched a sustainable product line.,Local press,https://localpress.example/fct_000088_2,2025-08-14T16:00:00Z,True,0.78
fct_000088_3,acc_000088,news,Group Doka was named one of the fastest-growing companies in Argentina.,Press release,https://pressrelease.example/fct_000088_3,2026-01-16T16:00:00Z,True,0.95
fct_000090_1,acc_000090,hiring,Group Joten posted 22 openings in finance and operations.,Press release,https://pressrelease.example/fct_000090_1,2026-09-26T16:00:00Z,True,0.85
fct_000092_1,acc_000092,tech_stack,Risa Retail runs Defontana as its ERP.,Press release,https://pressrelease.example/fct_000092_1,2025-12-14T16:00:00Z,True,0.99
fct_000093_1,acc_000093,product,Pangal launched a 24-hour delivery service.,Company website,https://companywebsite.example/fct_000093_1,2026-05-18T16:00:00Z,True,0.73
fct_000093_2,acc_000093,expansion,"Pangal announced its expansion to Medellin, Colombia.",Company website,https://companywebsite.example/fct_000093_2,2026-09-15T16:00:00Z,True,0.71
fct_000093_3,acc_000093,news,Pangal was named one of the fastest-growing companies in Mexico.,Company website,https://companywebsite.example/fct_000093_3,2026-09-11T16:00:00Z,True,0.8
fct_000094_1,acc_000094,expansion,"Group Arix announced its expansion to Cali, Colombia.",Local press,https://localpress.example/fct_000094_1,2026-02-22T16:00:00Z,True,0.82
fct_000094_2,acc_000094,product,Group Arix launched a loyalty program.,Press release,https://pressrelease.example/fct_000094_2,2026-08-27T16:00:00Z,True,0.9
fct_000095_1,acc_000095,hiring,Vilo Digital posted 8 openings in finance and operations.,Company website,https://companywebsite.example/fct_000095_1,2026-04-12T16:00:00Z,True,0.77
fct_000096_1,acc_000096,expansion,"Vimin Clinic announced its expansion to Belo Horizonte, Brazil.",Press release,https://pressrelease.example/fct_000096_1,2026-09-14T16:00:00Z,True,0.99
fct_000097_1,acc_000097,product,Group Bazu launched an online ordering platform.,Company website,https://companywebsite.example/fct_000097_1,2026-06-05T16:00:00Z,True,0.97
fct_000098_1,acc_000098,news,Bacen was named one of the fastest-growing companies in Mexico.,LinkedIn (public profile),https://linkedinpublicprofile.example/fct_000098_1,2024-05-16T16:00:00Z,True,0.9
fct_000098_2,acc_000098,expansion,"Bacen announced its expansion to Cordoba, Argentina.",Press release,https://pressrelease.example/fct_000098_2,2026-03-17T16:00:00Z,True,0.9
fct_000099_1,acc_000099,pain_hypothesis,Hypothesis (inferred): reconciling travel and supplier expenses across several currencies likely means manual work.,Internal inference,https://internalinference.example/fct_000099_1,2026-03-11T16:00:00Z,False,0.57
fct_000099_2,acc_000099,tech_stack,Emfer runs Siigo as its ERP.,LinkedIn (public profile),https://linkedinpublicprofile.example/fct_000099_2,2026-02-14T16:00:00Z,True,0.73
fct_000100_1,acc_000100,hiring,Merper Advisors posted 19 openings in finance and operations.,LinkedIn (public profile),https://linkedinpublicprofile.example/fct_000100_1,2025-11-25T16:00:00Z,True,0.99
fct_000101_1,acc_000101,news,Torva was named one of the fastest-growing companies in Chile.,LinkedIn (public profile),https://linkedinpublicprofile.example/fct_000101_1,2026-03-25T16:00:00Z,True,0.99
fct_000103_1,acc_000103,news,Freight Marta was named one of the fastest-growing companies in Mexico.,Company website,https://companywebsite.example/fct_000103_1,2025-07-13T16:00:00Z,True,0.85
fct_000103_2,acc_000103,pain_hypothesis,Hypothesis (inferred): reconciling travel and supplier expenses across several currencies likely means manual work.,Internal inference,https://internalinference.example/fct_000103_2,2026-06-21T16:00:00Z,False,0.41
fct_000103_3,acc_000103,pain_hypothesis,Hypothesis (inferred): reconciling travel and supplier expenses across several currencies likely means manual work.,Internal inference,https://internalinference.example/fct_000103_3,2026-06-08T16:00:00Z,False,0.41
fct_000105_1,acc_000105,news,Foundation of Gicu was named one of the fastest-growing companies in Colombia.,Company website,https://companywebsite.example/fct_000105_1,2026-07-19T16:00:00Z,True,0.81
fct_000105_2,acc_000105,tech_stack,Foundation of Gicu runs Contpaqi as its ERP.,Company website,https://companywebsite.example/fct_000105_2,2026-07-19T16:00:00Z,True,0.95
fct_000105_3,acc_000105,expansion,"Foundation of Gicu announced its expansion to Valparaiso, Chile.",Local press,https://localpress.example/fct_000105_3,2026-06-20T16:00:00Z,True,0.75
fct_000105_4,acc_000105,expansion,"Foundation of Gicu announced its expansion to Belo Horizonte, Brazil.",Company website,https://companywebsite.example/fct_000105_4,2025-02-23T16:00:00Z,True,0.91
fct_000105_5,acc_000105,hiring,Foundation of Gicu posted 10 openings in finance and operations.,Company website,https://companywebsite.example/fct_000105_5,2025-12-20T16:00:00Z,True,0.98
fct_000106_1,acc_000106,expansion,"Manufacturing Peryra announced its expansion to Rosario, Argentina.",Press release,https://pressrelease.example/fct_000106_1,2026-06-17T16:00:00Z,True,0.8
fct_000106_2,acc_000106,hiring,Manufacturing Peryra posted 12 openings in finance and operations.,Company website,https://companywebsite.example/fct_000106_2,2024-11-07T16:00:00Z,True,0.9
fct_000106_3,acc_000106,tech_stack,Manufacturing Peryra runs Totvs as its ERP.,Company website,https://companywebsite.example/fct_000106_3,2025-06-04T16:00:00Z,True,0.93
fct_000106_4,acc_000106,tech_stack,Manufacturing Peryra runs SAP Business One as its ERP.,LinkedIn (public profile),https://linkedinpublicprofile.example/fct_000106_4,2026-05-18T16:00:00Z,True,0.84
fct_000107_1,acc_000107,news,Nelo Cargo was named one of the fastest-growing companies in Chile.,LinkedIn (public profile),https://linkedinpublicprofile.example/fct_000107_1,2026-07-29T16:00:00Z,True,0.96
fct_000107_2,acc_000107,hiring,Nelo Cargo posted 23 openings in finance and operations.,Press release,https://pressrelease.example/fct_000107_2,2026-04-25T16:00:00Z,True,0.73
fct_000107_3,acc_000107,product,Nelo Cargo launched a sustainable product line.,Local press,https://localpress.example/fct_000107_3,2026-01-17T16:00:00Z,True,0.85
fct_000108_1,acc_000108,pain_hypothesis,Hypothesis (inferred): reconciling travel and supplier expenses across several currencies likely means manual work.,Internal inference,https://internalinference.example/fct_000108_1,2025-12-25T16:00:00Z,False,0.55
fct_000109_1,acc_000109,pain_hypothesis,Hypothesis (inferred): reconciling travel and supplier expenses across several currencies likely means manual work.,Internal inference,https://internalinference.example/fct_000109_1,2026-09-02T16:00:00Z,False,0.54
fct_000109_2,acc_000109,product,Mercantile Arlo launched a mobile app for customers.,Local press,https://localpress.example/fct_000109_2,2025-08-14T16:00:00Z,True,0.72
fct_000109_3,acc_000109,product,Mercantile Arlo launched an online ordering platform.,LinkedIn (public profile),https://linkedinpublicprofile.example/fct_000109_3,2025-01-05T16:00:00Z,True,0.85
fct_000112_1,acc_000112,news,Arlis Clinic was named one of the fastest-growing companies in Chile.,Press release,https://pressrelease.example/fct_000112_1,2026-04-16T16:00:00Z,True,0.8
fct_000112_2,acc_000112,tech_stack,Arlis Clinic runs Bsale as its ERP.,Company website,https://companywebsite.example/fct_000112_2,2026-03-13T16:00:00Z,True,0.93
fct_000113_1,acc_000113,news,Group Pido was named one of the fastest-growing companies in Brazil.,Local press,https://localpress.example/fct_000113_1,2025-11-24T16:00:00Z,True,0.81
fct_000113_2,acc_000113,pain_hypothesis,Hypothesis (inferred): reconciling travel and supplier expenses across several currencies likely means manual work.,Internal inference,https://internalinference.example/fct_000113_2,2026-02-15T16:00:00Z,False,0.54
fct_000113_3,acc_000113,pain_hypothesis,Hypothesis (inferred): reconciling travel and supplier expenses across several currencies likely means manual work.,Internal inference,https://internalinference.example/fct_000113_3,2026-02-01T16:00:00Z,False,0.49
fct_000114_1,acc_000114,product,Group Moqui launched a 24-hour delivery service.,LinkedIn (public profile),https://linkedinpublicprofile.example/fct_000114_1,2025-06-04T16:00:00Z,True,0.76
fct_000114_2,acc_000114,tech_stack,Group Moqui runs Defontana as its ERP.,Local press,https://localpress.example/fct_000114_2,2026-01-03T16:00:00Z,True,0.75
fct_000114_3,acc_000114,expansion,"Group Moqui announced its expansion to Santiago, Chile.",Local press,https://localpress.example/fct_000114_3,2025-12-13T16:00:00Z,True,0.91
fct_000114_4,acc_000114,news,Group Moqui was named one of the fastest-growing companies in Colombia.,Press release,https://pressrelease.example/fct_000114_4,2025-12-07T16:00:00Z,True,0.86
fct_000115_1,acc_000115,hiring,Studio Tava posted 3 openings in finance and operations.,LinkedIn (public profile),https://linkedinpublicprofile.example/fct_000115_1,2025-12-30T16:00:00Z,True,0.75
fct_000115_2,acc_000115,news,Studio Tava was named one of the fastest-growing companies in Colombia.,Local press,https://localpress.example/fct_000115_2,2026-06-07T16:00:00Z,True,0.91
fct_000115_3,acc_000115,expansion,"Studio Tava announced its expansion to Rosario, Argentina.",Company website,https://companywebsite.example/fct_000115_3,2026-03-24T16:00:00Z,True,0.88
fct_000117_1,acc_000117,expansion,"Farms Perdor announced its expansion to Valparaiso, Chile.",LinkedIn (public profile),https://linkedinpublicprofile.example/fct_000117_1,2024-10-01T16:00:00Z,True,0.91
fct_000117_2,acc_000117,tech_stack,Tovi runs Totvs as its ERP.,Local press,https://localpress.example/fct_000117_2,2026-07-10T16:00:00Z,True,0.81
fct_000117_3,acc_000117,news,Farms Perdor was named one of the fastest-growing companies in Brazil.,Company website,https://companywebsite.example/fct_000117_3,2026-06-25T16:00:00Z,True,0.8
fct_000118_1,acc_000118,expansion,"Group Belor announced its expansion to Guadalajara, Mexico.",LinkedIn (public profile),https://linkedinpublicprofile.example/fct_000118_1,2025-11-09T16:00:00Z,True,0.83
fct_000118_2,acc_000118,expansion,"Group Belor announced its expansion to Buenos Aires, Argentina.",LinkedIn (public profile),https://linkedinpublicprofile.example/fct_000118_2,2026-09-18T16:00:00Z,True,0.73
fct_000121_1,acc_000121,expansion,"Perlis announced its expansion to Rio de Janeiro, Brazil.",Company website,https://companywebsite.example/fct_000121_1,2026-05-08T16:00:00Z,True,0.83
fct_000122_1,acc_000122,product,Sagal Farms launched a 24-hour delivery service.,Local press,https://localpress.example/fct_000122_1,2025-11-17T16:00:00Z,True,0.83
fct_000122_2,acc_000122,news,Sagal Farms was named one of the fastest-growing companies in Mexico.,Company website,https://companywebsite.example/fct_000122_2,2025-05-08T16:00:00Z,True,0.73
fct_000123_1,acc_000123,hiring,Group Pido posted 20 openings in finance and operations.,Company website,https://companywebsite.example/fct_000123_1,2026-05-31T16:00:00Z,True,0.7
fct_000123_2,acc_000123,product,Group Ulca launched an online ordering platform.,Company website,https://companywebsite.example/fct_000123_2,2025-01-04T16:00:00Z,True,0.7
fct_000124_1,acc_000124,hiring,Galtor posted 11 openings in finance and operations.,Company website,https://companywebsite.example/fct_000124_1,2026-09-09T16:00:00Z,True,0.99
fct_000124_2,acc_000124,expansion,"Galtor announced its expansion to Rosario, Argentina.",Company website,https://companywebsite.example/fct_000124_2,2025-11-26T16:00:00Z,True,0.92
fct_000124_3,acc_000124,pain_hypothesis,Hypothesis (inferred): reconciling travel and supplier expenses across several currencies likely means manual work.,Internal inference,https://internalinference.example/fct_000124_3,2026-05-03T16:00:00Z,False,0.59
fct_000126_1,acc_000126,product,Luzu launched an online ordering platform.,Company website,https://companywebsite.example/fct_000126_1,2026-03-31T16:00:00Z,True,0.96
fct_000126_2,acc_000126,expansion,"Luzu announced its expansion to Barranquilla, Colombia.",Local press,https://localpress.example/fct_000126_2,2026-04-25T16:00:00Z,True,0.85
fct_000126_3,acc_000126,news,Luzu was named one of the fastest-growing companies in Peru.,Press release,https://pressrelease.example/fct_000126_3,2026-05-23T16:00:00Z,True,0.99
fct_000127_1,acc_000127,news,Baver was named one of the fastest-growing companies in Mexico.,Company website,https://companywebsite.example/fct_000127_1,2025-01-16T16:00:00Z,True,0.94
fct_000127_2,acc_000127,hiring,Baver posted 13 openings in finance and operations.,Local press,https://localpress.example/fct_000127_2,2026-01-07T16:00:00Z,True,0.99
fct_000127_3,acc_000127,news,Baver was named one of the fastest-growing companies in Mexico.,Press release,https://pressrelease.example/fct_000127_3,2026-05-03T16:00:00Z,True,0.79
fct_000129_1,acc_000129,tech_stack,Toqui Studio runs Siigo as its ERP.,LinkedIn (public profile),https://linkedinpublicprofile.example/fct_000129_1,2026-07-21T16:00:00Z,True,0.76
fct_000131_1,acc_000131,product,Panvi Manufacturing launched a 24-hour delivery service.,Press release,https://pressrelease.example/fct_000131_1,2024-09-14T16:00:00Z,True,0.97
fct_000132_1,acc_000132,tech_stack,Group Dormar runs SAP Business One as its ERP.,Company website,https://companywebsite.example/fct_000132_1,2026-04-16T16:00:00Z,True,0.91
fct_000132_2,acc_000132,news,Group Dormar was named one of the fastest-growing companies in Colombia.,LinkedIn (public profile),https://linkedinpublicprofile.example/fct_000132_2,2026-07-28T16:00:00Z,True,0.94
fct_000133_1,acc_000133,hiring,Tato posted 12 openings in finance and operations.,Press release,https://pressrelease.example/fct_000133_1,2025-11-14T16:00:00Z,True,0.8
fct_000133_2,acc_000133,hiring,Moca posted 21 openings in finance and operations.,LinkedIn (public profile),https://linkedinpublicprofile.example/fct_000133_2,2026-07-06T16:00:00Z,True,0.86
fct_000135_1,acc_000135,tech_stack,Vior Manufacturing runs Odoo as its ERP.,Press release,https://pressrelease.example/fct_000135_1,2025-12-19T16:00:00Z,True,0.84
fct_000136_1,acc_000136,hiring,Health Gitra posted 21 openings in finance and operations.,Local press,https://localpress.example/fct_000136_1,2025-07-21T16:00:00Z,True,0.76
fct_000137_1,acc_000137,hiring,Beverages Sagi posted 10 openings in finance and operations.,Company website,https://companywebsite.example/fct_000137_1,2026-08-09T16:00:00Z,True,0.97
fct_000137_2,acc_000137,hiring,Beverages Sagi posted 11 openings in finance and operations.,LinkedIn (public profile),https://linkedinpublicprofile.example/fct_000137_2,2026-01-26T16:00:00Z,True,0.94
fct_000137_3,acc_000137,news,Beverages Sagi was named one of the fastest-growing companies in Mexico.,Local press,https://localpress.example/fct_000137_3,2026-05-19T16:00:00Z,True,0.89
fct_000138_1,acc_000138,expansion,"Tenem Petrochemicals announced its expansion to Barranquilla, Colombia.",Company website,https://companywebsite.example/fct_000138_1,2026-03-19T16:00:00Z,True,0.86
fct_000138_2,acc_000138,news,Tech Renzu was named one of the fastest-growing companies in Mexico.,Press release,https://pressrelease.example/fct_000138_2,2026-06-25T16:00:00Z,True,0.95
fct_000140_1,acc_000140,news,Vasol was named one of the fastest-growing companies in Argentina.,LinkedIn (public profile),https://linkedinpublicprofile.example/fct_000140_1,2026-09-17T16:00:00Z,True,0.88
fct_000140_2,acc_000140,news,Vasol was named one of the fastest-growing companies in Argentina.,Press release,https://pressrelease.example/fct_000140_2,2025-08-22T16:00:00Z,True,0.81
fct_000140_3,acc_000140,product,Vasol launched a mobile app for customers.,Press release,https://pressrelease.example/fct_000140_3,2025-04-19T16:00:00Z,True,0.9
fct_000141_1,acc_000141,headcount,Giba has approximately 20 employees.,Press release,https://pressrelease.example/fct_000141_1,2026-07-12T16:00:00Z,True,0.78
fct_000141_2,acc_000141,expansion,"Giba announced its expansion to Lima, Peru.",LinkedIn (public profile),https://linkedinpublicprofile.example/fct_000141_2,2026-06-27T16:00:00Z,True,0.91
fct_000144_1,acc_000144,hiring,Group Zucen posted 8 openings in finance and operations.,Company website,https://companywebsite.example/fct_000144_1,2025-05-24T16:00:00Z,True,0.9
fct_000144_2,acc_000144,hiring,Group Zucen posted 18 openings in finance and operations.,Press release,https://pressrelease.example/fct_000144_2,2026-01-04T16:00:00Z,True,0.74
fct_000146_1,acc_000146,tech_stack,Vilo Digital runs Siigo as its ERP.,LinkedIn (public profile),https://linkedinpublicprofile.example/fct_000146_1,2025-03-20T16:00:00Z,True,0.84
fct_000146_2,acc_000146,expansion,"Vilo Digital announced its expansion to Rio de Janeiro, Brazil.",Local press,https://localpress.example/fct_000146_2,2026-07-30T16:00:00Z,True,0.85
fct_000146_3,acc_000146,news,Vilo Digital was named one of the fastest-growing companies in Colombia.,LinkedIn (public profile),https://linkedinpublicprofile.example/fct_000146_3,2026-05-08T16:00:00Z,True,0.79
fct_000147_1,acc_000147,pain_hypothesis,Hypothesis (inferred): reconciling travel and supplier expenses across several currencies likely means manual work.,Internal inference,https://internalinference.example/fct_000147_1,2026-06-30T16:00:00Z,False,0.58
fct_000147_2,acc_000147,hiring,Kacen Mining posted 22 openings in finance and operations.,Press release,https://pressrelease.example/fct_000147_2,2024-08-31T16:00:00Z,True,0.86
fct_000148_1,acc_000148,headcount,Bafer has approximately 858 employees.,LinkedIn (public profile),https://linkedinpublicprofile.example/fct_000148_1,2026-02-23T16:00:00Z,True,0.79
fct_000148_2,acc_000148,tech_stack,Bafer runs Siigo as its ERP.,Company website,https://companywebsite.example/fct_000148_2,2026-09-25T16:00:00Z,True,0.78
fct_000148_3,acc_000148,news,Bafer was named one of the fastest-growing companies in Argentina.,Press release,https://pressrelease.example/fct_000148_3,2026-04-15T16:00:00Z,True,0.86
fct_000149_1,acc_000149,expansion,"Bellis announced its expansion to Puebla, Mexico.",Press release,https://pressrelease.example/fct_000149_1,2026-08-30T16:00:00Z,True,0.87
fct_000149_2,acc_000149,expansion,"Bellis announced its expansion to Bucaramanga, Colombia.",LinkedIn (public profile),https://linkedinpublicprofile.example/fct_000149_2,2024-11-12T16:00:00Z,True,0.92
fct_000149_3,acc_000149,expansion,"Bellis announced its expansion to Mexico City, Mexico.",Company website,https://companywebsite.example/fct_000149_3,2026-02-18T16:00:00Z,True,0.91
fct_000150_1,acc_000150,product,Institute Negi launched a new premium product line.,LinkedIn (public profile),https://linkedinpublicprofile.example/fct_000150_1,2025-11-12T16:00:00Z,True,0.96
fct_000150_2,acc_000150,tech_stack,Institute Negi runs Odoo as its ERP.,Press release,https://pressrelease.example/fct_000150_2,2024-07-21T16:00:00Z,True,0.8
fct_000151_1,acc_000151,hiring,Health Gici posted 20 openings in finance and operations.,Local press,https://localpress.example/fct_000151_1,2025-05-25T16:00:00Z,True,0.81
fct_000152_1,acc_000152,news,Pivi was named one of the fastest-growing companies in Colombia.,LinkedIn (public profile),https://linkedinpublicprofile.example/fct_000152_1,2026-01-01T16:00:00Z,True,0.76
fct_000153_1,acc_000153,product,Group Joqui launched a sustainable product line.,Press release,https://pressrelease.example/fct_000153_1,2026-07-27T16:00:00Z,True,0.92
fct_000153_2,acc_000153,product,Group Joqui launched a loyalty program.,Company website,https://companywebsite.example/fct_000153_2,2026-07-02T16:00:00Z,True,0.8
fct_000154_1,acc_000154,product,Foods Empan launched a new premium product line.,Company website,https://companywebsite.example/fct_000154_1,2026-01-18T16:00:00Z,True,0.85
fct_000154_2,acc_000154,news,Foods Empan was named one of the fastest-growing companies in Peru.,LinkedIn (public profile),https://linkedinpublicprofile.example/fct_000154_2,2025-07-07T16:00:00Z,True,0.77
fct_000155_1,acc_000155,expansion,"Group Citra announced its expansion to Concepcion, Chile.",Press release,https://pressrelease.example/fct_000155_1,2025-08-14T16:00:00Z,True,0.7
fct_000155_2,acc_000155,hiring,Group Citra posted 25 openings in finance and operations.,Company website,https://companywebsite.example/fct_000155_2,2025-12-13T16:00:00Z,True,0.95
fct_000156_1,acc_000156,hiring,Arnex posted 23 openings in finance and operations.,LinkedIn (public profile),https://linkedinpublicprofile.example/fct_000156_1,2026-06-11T16:00:00Z,True,0.92
fct_000156_2,acc_000156,product,Arnex launched a 24-hour delivery service.,Local press,https://localpress.example/fct_000156_2,2026-07-27T16:00:00Z,True,0.79
fct_000156_3,acc_000156,news,Arnex was named one of the fastest-growing companies in Argentina.,LinkedIn (public profile),https://linkedinpublicprofile.example/fct_000156_3,2024-05-16T16:00:00Z,True,0.8
fct_000156_4,acc_000156,hiring,Arnex posted 10 openings in finance and operations.,Press release,https://pressrelease.example/fct_000156_4,2025-11-09T16:00:00Z,True,0.72
fct_000157_1,acc_000157,product,Vata Hotels launched a mobile app for customers.,LinkedIn (public profile),https://linkedinpublicprofile.example/fct_000157_1,2025-02-23T16:00:00Z,True,0.73
fct_000157_2,acc_000157,expansion,"Vata Hotels announced its expansion to Queretaro, Mexico.",Press release,https://pressrelease.example/fct_000157_2,2026-07-04T16:00:00Z,True,0.78
fct_000157_3,acc_000157,headcount,Vata Hotels has approximately 6928 employees.,Press release,https://pressrelease.example/fct_000157_3,2026-04-18T16:00:00Z,True,0.93
fct_000157_4,acc_000157,news,Vata Hotels was named one of the fastest-growing companies in Brazil.,LinkedIn (public profile),https://linkedinpublicprofile.example/fct_000157_4,2026-03-08T16:00:00Z,True,0.84
fct_000157_5,acc_000157,tech_stack,Vata Hotels runs Siigo as its ERP.,Company website,https://companywebsite.example/fct_000157_5,2026-06-14T16:00:00Z,True,0.92
fct_000158_1,acc_000158,hiring,Institute Yrapan posted 11 openings in finance and operations.,Company website,https://companywebsite.example/fct_000158_1,2026-04-15T16:00:00Z,True,0.81
fct_000158_2,acc_000158,pain_hypothesis,Hypothesis (inferred): reconciling travel and supplier expenses across several currencies likely means manual work.,Internal inference,https://internalinference.example/fct_000158_2,2026-09-25T16:00:00Z,False,0.56
fct_000159_1,acc_000159,product,Group Mador launched a sustainable product line.,LinkedIn (public profile),https://linkedinpublicprofile.example/fct_000159_1,2026-09-18T16:00:00Z,True,0.78
fct_000159_2,acc_000159,expansion,"Group Mador announced its expansion to Lima, Peru.",Local press,https://localpress.example/fct_000159_2,2026-03-16T16:00:00Z,True,0.99
fct_000160_1,acc_000160,tech_stack,Gourmet Zumin runs Totvs as its ERP.,Local press,https://localpress.example/fct_000160_1,2025-12-06T16:00:00Z,True,0.76
fct_000161_1,acc_000161,headcount,Manufacturing Arpi has approximately 1744 employees.,Local press,https://localpress.example/fct_000161_1,2025-12-25T16:00:00Z,True,0.91
fct_000162_1,acc_000162,expansion,"Yralo Health announced its expansion to Buenos Aires, Argentina.",LinkedIn (public profile),https://linkedinpublicprofile.example/fct_000162_1,2026-03-20T16:00:00Z,True,0.87
fct_000162_2,acc_000162,news,Health Mincen was named one of the fastest-growing companies in Peru.,Local press,https://localpress.example/fct_000162_2,2026-09-01T16:00:00Z,True,0.71
fct_000162_3,acc_000162,news,Health Mincen was named one of the fastest-growing companies in Peru.,Local press,https://localpress.example/fct_000162_3,2026-08-13T16:00:00Z,True,0.94
fct_000163_1,acc_000163,news,Margi Agro was named one of the fastest-growing companies in Mexico.,Press release,https://pressrelease.example/fct_000163_1,2024-05-05T16:00:00Z,True,0.92
fct_000164_1,acc_000164,expansion,"Tourism Perul announced its expansion to Leon, Mexico.",Press release,https://pressrelease.example/fct_000164_1,2026-04-28T16:00:00Z,True,0.96
fct_000164_2,acc_000164,expansion,"Tourism Perul announced its expansion to Arequipa, Peru.",Company website,https://companywebsite.example/fct_000164_2,2026-01-21T16:00:00Z,True,0.82
fct_000165_1,acc_000165,hiring,Medical Vacen posted 24 openings in finance and operations.,LinkedIn (public profile),https://linkedinpublicprofile.example/fct_000165_1,2026-06-07T16:00:00Z,True,0.86
fct_000166_1,acc_000166,pain_hypothesis,Hypothesis (inferred): reconciling travel and supplier expenses across several currencies likely means manual work.,Internal inference,https://internalinference.example/fct_000166_1,2026-01-21T16:00:00Z,False,0.43
fct_000166_2,acc_000166,product,Perbel launched an online ordering platform.,LinkedIn (public profile),https://linkedinpublicprofile.example/fct_000166_2,2026-05-30T16:00:00Z,True,0.7
fct_000166_3,acc_000166,product,Perbel launched a 24-hour delivery service.,Press release,https://pressrelease.example/fct_000166_3,2026-02-06T16:00:00Z,True,0.73
fct_000167_1,acc_000167,expansion,"Rensol Retail announced its expansion to Cordoba, Argentina.",Local press,https://localpress.example/fct_000167_1,2025-11-24T16:00:00Z,True,0.78
fct_000167_2,acc_000167,hiring,Rensol Retail posted 21 openings in finance and operations.,Press release,https://pressrelease.example/fct_000167_2,2026-05-28T16:00:00Z,True,0.82
fct_000167_3,acc_000167,pain_hypothesis,Hypothesis (inferred): reconciling travel and supplier expenses across several currencies likely means manual work.,Internal inference,https://internalinference.example/fct_000167_3,2026-01-22T16:00:00Z,False,0.43
fct_000168_1,acc_000168,news,Group Yragal was named one of the fastest-growing companies in Mexico.,Company website,https://companywebsite.example/fct_000168_1,2025-05-13T16:00:00Z,True,0.88
fct_000168_2,acc_000168,news,Group Yragal was named one of the fastest-growing companies in Mexico.,Company website,https://companywebsite.example/fct_000168_2,2026-08-13T16:00:00Z,True,0.89
fct_000168_3,acc_000168,expansion,"Group Yragal announced its expansion to Concepcion, Chile.",LinkedIn (public profile),https://linkedinpublicprofile.example/fct_000168_3,2024-09-15T16:00:00Z,True,0.79
fct_000168_4,acc_000168,tech_stack,Group Yragal runs Siigo as its ERP.,LinkedIn (public profile),https://linkedinpublicprofile.example/fct_000168_4,2026-01-17T16:00:00Z,True,0.87
fct_000169_1,acc_000169,hiring,Farms Nextor posted 4 openings in finance and operations.,Local press,https://localpress.example/fct_000169_1,2026-05-15T16:00:00Z,True,0.85
fct_000170_1,acc_000170,product,Industries Ordo launched a new premium product line.,LinkedIn (public profile),https://linkedinpublicprofile.example/fct_000170_1,2026-03-26T16:00:00Z,True,0.93
fct_000170_2,acc_000170,pain_hypothesis,Hypothesis (inferred): reconciling travel and supplier expenses across several currencies likely means manual work.,Internal inference,https://internalinference.example/fct_000170_2,2025-11-07T16:00:00Z,False,0.5
fct_000172_1,acc_000172,tech_stack,Group Mosa runs Contpaqi as its ERP.,Press release,https://pressrelease.example/fct_000172_1,2026-07-01T16:00:00Z,True,0.76
fct_000172_2,acc_000172,product,Group Mosa launched a mobile app for customers.,Company website,https://companywebsite.example/fct_000172_2,2026-03-12T16:00:00Z,True,0.95
fct_000173_1,acc_000173,product,Freight Mama launched a 24-hour delivery service.,Company website,https://companywebsite.example/fct_000173_1,2026-05-07T16:00:00Z,True,0.85
fct_000173_2,acc_000173,pain_hypothesis,Hypothesis (inferred): reconciling travel and supplier expenses across several currencies likely means manual work.,Internal inference,https://internalinference.example/fct_000173_2,2026-02-10T16:00:00Z,False,0.47
fct_000174_1,acc_000174,news,Solpan Systems was named one of the fastest-growing companies in Peru.,Local press,https://localpress.example/fct_000174_1,2026-02-22T16:00:00Z,True,0.83
fct_000174_2,acc_000174,news,Solpan Systems was named one of the fastest-growing companies in Peru.,Local press,https://localpress.example/fct_000174_2,2026-01-26T16:00:00Z,True,0.95
fct_000174_3,acc_000174,product,Solpan Systems launched an online ordering platform.,Company website,https://companywebsite.example/fct_000174_3,2026-04-25T16:00:00Z,True,0.7
fct_000177_1,acc_000177,tech_stack,Group Ixem runs Bsale as its ERP.,LinkedIn (public profile),https://linkedinpublicprofile.example/fct_000177_1,2025-11-07T16:00:00Z,True,0.82
fct_000177_2,acc_000177,news,Group Ixem was named one of the fastest-growing companies in Chile.,Press release,https://pressrelease.example/fct_000177_2,2024-05-15T16:00:00Z,True,0.78
fct_000178_1,acc_000178,news,Torlis Education was named one of the fastest-growing companies in Colombia.,Local press,https://localpress.example/fct_000178_1,2025-12-26T16:00:00Z,True,0.91
fct_000178_2,acc_000178,news,Nexci was named one of the fastest-growing companies in Colombia.,Company website,https://companywebsite.example/fct_000178_2,2026-06-23T16:00:00Z,True,0.94
fct_000179_1,acc_000179,news,Pilu was named one of the fastest-growing companies in Brazil.,Company website,https://companywebsite.example/fct_000179_1,2025-12-07T16:00:00Z,True,0.9
fct_000179_2,acc_000179,news,Pilu was named one of the fastest-growing companies in Brazil.,Press release,https://pressrelease.example/fct_000179_2,2025-01-03T16:00:00Z,True,0.74
fct_000180_1,acc_000180,headcount,Traar Builders has approximately 306 employees.,Press release,https://pressrelease.example/fct_000180_1,2026-04-23T16:00:00Z,True,0.91
fct_000181_1,acc_000181,hiring,Systems Dorvi posted 12 openings in finance and operations.,Local press,https://localpress.example/fct_000181_1,2026-04-27T16:00:00Z,True,0.76
fct_000181_2,acc_000181,product,Systems Dorvi launched a 24-hour delivery service.,Press release,https://pressrelease.example/fct_000181_2,2026-01-11T16:00:00Z,True,0.8
fct_000183_1,acc_000183,hiring,Foods Cifer posted 8 openings in finance and operations.,Local press,https://localpress.example/fct_000183_1,2025-12-23T16:00:00Z,True,0.93
fct_000183_2,acc_000183,news,Foods Cifer was named one of the fastest-growing companies in Mexico.,LinkedIn (public profile),https://linkedinpublicprofile.example/fct_000183_2,2025-11-19T16:00:00Z,True,0.84
fct_000184_1,acc_000184,tech_stack,Alci runs Odoo as its ERP.,LinkedIn (public profile),https://linkedinpublicprofile.example/fct_000184_1,2026-05-08T16:00:00Z,True,0.94
fct_000184_2,acc_000184,product,Alci launched a 24-hour delivery service.,LinkedIn (public profile),https://linkedinpublicprofile.example/fct_000184_2,2026-04-29T16:00:00Z,True,0.96
fct_000184_3,acc_000184,hiring,Alci posted 8 openings in finance and operations.,Company website,https://companywebsite.example/fct_000184_3,2026-03-24T16:00:00Z,True,0.8
fct_000184_4,acc_000184,product,Alci launched a new premium product line.,LinkedIn (public profile),https://linkedinpublicprofile.example/fct_000184_4,2024-10-11T16:00:00Z,True,0.79
fct_000184_5,acc_000184,news,Alci was named one of the fastest-growing companies in Colombia.,Company website,https://companywebsite.example/fct_000184_5,2025-11-19T16:00:00Z,True,0.9
fct_000185_1,acc_000185,expansion,"Nexlu announced its expansion to Tijuana, Mexico.",Company website,https://companywebsite.example/fct_000185_1,2026-05-25T16:00:00Z,True,0.82
fct_000185_2,acc_000185,tech_stack,Nexlu runs SAP Business One as its ERP.,Press release,https://pressrelease.example/fct_000185_2,2026-05-06T16:00:00Z,True,0.86
fct_000185_3,acc_000185,product,Nexlu launched an online ordering platform.,LinkedIn (public profile),https://linkedinpublicprofile.example/fct_000185_3,2026-06-09T16:00:00Z,True,0.95
fct_000186_1,acc_000186,product,Doma launched an online ordering platform.,Press release,https://pressrelease.example/fct_000186_1,2026-01-14T16:00:00Z,True,0.9
fct_000186_2,acc_000186,product,Doma launched a loyalty program.,Company website,https://companywebsite.example/fct_000186_2,2026-02-16T16:00:00Z,True,0.71
fct_000186_3,acc_000186,expansion,"Doma announced its expansion to Belo Horizonte, Brazil.",Press release,https://pressrelease.example/fct_000186_3,2025-08-22T16:00:00Z,True,0.92
fct_000186_4,acc_000186,hiring,Doma posted 3 openings in finance and operations.,Company website,https://companywebsite.example/fct_000186_4,2026-08-15T16:00:00Z,True,0.95
fct_000188_1,acc_000188,news,Group Sato was named one of the fastest-growing companies in Brazil.,Press release,https://pressrelease.example/fct_000188_1,2024-11-24T16:00:00Z,True,0.89
fct_000188_2,acc_000188,news,Group Sato was named one of the fastest-growing companies in Brazil.,Local press,https://localpress.example/fct_000188_2,2026-04-24T16:00:00Z,True,0.84
fct_000188_3,acc_000188,expansion,"Group Sato announced its expansion to Mexico City, Mexico.",Press release,https://pressrelease.example/fct_000188_3,2025-08-04T16:00:00Z,True,0.88
fct_000189_1,acc_000189,product,Group Trayra launched a sustainable product line.,Company website,https://companywebsite.example/fct_000189_1,2026-04-03T16:00:00Z,True,0.72
fct_000189_2,acc_000189,expansion,"Galva Studio announced its expansion to Leon, Mexico.",LinkedIn (public profile),https://linkedinpublicprofile.example/fct_000189_2,2026-04-24T16:00:00Z,True,0.94
fct_000190_1,acc_000190,expansion,"Emne Academy announced its expansion to Cordoba, Argentina.",LinkedIn (public profile),https://linkedinpublicprofile.example/fct_000190_1,2026-05-12T16:00:00Z,True,0.77
fct_000191_1,acc_000191,news,Gima was named one of the fastest-growing companies in Chile.,Company website,https://companywebsite.example/fct_000191_1,2026-04-17T16:00:00Z,True,0.75
fct_000191_2,acc_000191,pain_hypothesis,Hypothesis (inferred): reconciling travel and supplier expenses across several currencies likely means manual work.,Internal inference,https://internalinference.example/fct_000191_2,2026-01-12T16:00:00Z,False,0.42
fct_000191_3,acc_000191,pain_hypothesis,Hypothesis (inferred): reconciling travel and supplier expenses across several currencies likely means manual work.,Internal inference,https://internalinference.example/fct_000191_3,2026-01-17T16:00:00Z,False,0.52
fct_000191_4,acc_000191,expansion,"Gima announced its expansion to Cordoba, Argentina.",Press release,https://pressrelease.example/fct_000191_4,2025-11-16T16:00:00Z,True,0.9
fct_000192_1,acc_000192,news,Group Sollo was named one of the fastest-growing companies in Mexico.,Local press,https://localpress.example/fct_000192_1,2025-11-16T16:00:00Z,True,0.98
fct_000193_1,acc_000193,expansion,"Group Emal announced its expansion to Curitiba, Brazil.",LinkedIn (public profile),https://linkedinpublicprofile.example/fct_000193_1,2026-05-17T16:00:00Z,True,0.78
fct_000194_1,acc_000194,pain_hypothesis,Hypothesis (inferred): reconciling travel and supplier expenses across several currencies likely means manual work.,Internal inference,https://internalinference.example/fct_000194_1,2026-06-19T16:00:00Z,False,0.54
fct_000194_2,acc_000194,expansion,"Group Torjo announced its expansion to Cordoba, Argentina.",LinkedIn (public profile),https://linkedinpublicprofile.example/fct_000194_2,2026-07-28T16:00:00Z,True,0.95
fct_000194_3,acc_000194,news,Group Torjo was named one of the fastest-growing companies in Brazil.,Press release,https://pressrelease.example/fct_000194_3,2026-05-07T16:00:00Z,True,0.96
fct_000194_4,acc_000194,pain_hypothesis,Hypothesis (inferred): reconciling travel and supplier expenses across several currencies likely means manual work.,Internal inference,https://internalinference.example/fct_000194_4,2026-07-27T16:00:00Z,False,0.44
fct_000195_1,acc_000195,expansion,"Group Mabel announced its expansion to Arequipa, Peru.",Local press,https://localpress.example/fct_000195_1,2025-03-14T16:00:00Z,True,0.74
fct_000195_2,acc_000195,expansion,"Group Mabel announced its expansion to Bogota, Colombia.",LinkedIn (public profile),https://linkedinpublicprofile.example/fct_000195_2,2026-09-16T16:00:00Z,True,0.76
fct_000197_1,acc_000197,tech_stack,Torlo Travel runs Siigo as its ERP.,LinkedIn (public profile),https://linkedinpublicprofile.example/fct_000197_1,2026-09-13T16:00:00Z,True,0.96
fct_000199_1,acc_000199,expansion,"Builders Nexver announced its expansion to Rosario, Argentina.",Company website,https://companywebsite.example/fct_000199_1,2024-04-21T16:00:00Z,True,0.74
fct_000199_2,acc_000199,pain_hypothesis,Hypothesis (inferred): reconciling travel and supplier expenses across several currencies likely means manual work.,Internal inference,https://internalinference.example/fct_000199_2,2026-06-02T16:00:00Z,False,0.48
fct_000199_3,acc_000199,tech_stack,Builders Nexver runs Defontana as its ERP.,Press release,https://pressrelease.example/fct_000199_3,2026-05-04T16:00:00Z,True,0.75
fct_000199_4,acc_000199,news,Builders Nexver was named one of the fastest-growing companies in Colombia.,Local press,https://localpress.example/fct_000199_4,2026-03-01T16:00:00Z,True,0.77
fct_000200_1,acc_000200,hiring,Quiqui posted 14 openings in finance and operations.,Local press,https://localpress.example/fct_000200_1,2026-06-26T16:00:00Z,True,0.99
fct_000200_2,acc_000200,tech_stack,Quiqui runs Siigo as its ERP.,LinkedIn (public profile),https://linkedinpublicprofile.example/fct_000200_2,2026-09-02T16:00:00Z,True,0.77
fct_000200_3,acc_000200,hiring,Luper posted 3 openings in finance and operations.,Press release,https://pressrelease.example/fct_000200_3,2026-06-30T16:00:00Z,True,0.88
fct_000201_1,acc_000201,funding,Group Arni closed a USD 11 million funding round.,Company website,https://companywebsite.example/fct_000201_1,2025-12-31T16:00:00Z,True,0.75
fct_000201_2,acc_000201,product,Group Arni launched a 24-hour delivery service.,Local press,https://localpress.example/fct_000201_2,2026-03-01T16:00:00Z,True,0.83
fct_000201_3,acc_000201,news,Group Arni was named one of the fastest-growing companies in Colombia.,Local press,https://localpress.example/fct_000201_3,2026-07-23T16:00:00Z,True,0.92
fct_000202_1,acc_000202,product,Group Pannex launched a new premium product line.,LinkedIn (public profile),https://linkedinpublicprofile.example/fct_000202_1,2026-08-22T16:00:00Z,True,0.8
fct_000202_2,acc_000202,expansion,"Group Pannex announced its expansion to Mexico City, Mexico.",Company website,https://companywebsite.example/fct_000202_2,2024-09-16T16:00:00Z,True,0.86
fct_000203_1,acc_000203,product,Academy Belci launched a loyalty program.,Local press,https://localpress.example/fct_000203_1,2026-03-15T16:00:00Z,True,0.86
fct_000204_1,acc_000204,news,Group Rodo was named one of the fastest-growing companies in Colombia.,Press release,https://pressrelease.example/fct_000204_1,2025-04-22T16:00:00Z,True,0.93
fct_000205_1,acc_000205,expansion,"Dorper Manufacturing announced its expansion to Santiago, Chile.",Press release,https://pressrelease.example/fct_000205_1,2026-05-03T16:00:00Z,True,0.93
fct_000206_1,acc_000206,headcount,Group Altra has approximately 520 employees.,Company website,https://companywebsite.example/fct_000206_1,2026-01-28T16:00:00Z,True,0.76
fct_000207_1,acc_000207,expansion,"Group Joni announced its expansion to Barranquilla, Colombia.",Press release,https://pressrelease.example/fct_000207_1,2026-02-06T16:00:00Z,True,0.89
fct_000208_1,acc_000208,tech_stack,Ninex Advisors runs Defontana as its ERP.,Local press,https://localpress.example/fct_000208_1,2026-08-02T16:00:00Z,True,0.95
fct_000208_2,acc_000208,hiring,Ninex Advisors posted 14 openings in finance and operations.,LinkedIn (public profile),https://linkedinpublicprofile.example/fct_000208_2,2025-07-10T16:00:00Z,True,0.72
fct_000209_1,acc_000209,expansion,"Cimer Energy announced its expansion to Barranquilla, Colombia.",LinkedIn (public profile),https://linkedinpublicprofile.example/fct_000209_1,2026-02-07T16:00:00Z,True,0.8
fct_000209_2,acc_000209,product,Cimer Energy launched a loyalty program.,Company website,https://companywebsite.example/fct_000209_2,2026-01-21T16:00:00Z,True,0.81
fct_000209_3,acc_000209,news,Cimer Energy was named one of the fastest-growing companies in Mexico.,Company website,https://companywebsite.example/fct_000209_3,2026-07-29T16:00:00Z,True,0.72
fct_000210_1,acc_000210,news,Group Kaba was named one of the fastest-growing companies in Mexico.,LinkedIn (public profile),https://linkedinpublicprofile.example/fct_000210_1,2026-02-21T16:00:00Z,True,0.78
fct_000210_2,acc_000210,expansion,"Group Kaba announced its expansion to Belo Horizonte, Brazil.",Local press,https://localpress.example/fct_000210_2,2026-09-23T16:00:00Z,True,0.74
fct_000211_1,acc_000211,hiring,Minsol Developments posted 10 openings in finance and operations.,LinkedIn (public profile),https://linkedinpublicprofile.example/fct_000211_1,2026-08-22T16:00:00Z,True,0.96
fct_000211_2,acc_000211,news,Minsol Developments was named one of the fastest-growing companies in Mexico.,LinkedIn (public profile),https://linkedinpublicprofile.example/fct_000211_2,2026-07-27T16:00:00Z,True,0.76
fct_000212_1,acc_000212,product,Emren launched a new premium product line.,LinkedIn (public profile),https://linkedinpublicprofile.example/fct_000212_1,2025-11-06T16:00:00Z,True,0.92
fct_000212_2,acc_000212,expansion,"Emren announced its expansion to Santiago, Chile.",LinkedIn (public profile),https://linkedinpublicprofile.example/fct_000212_2,2026-01-21T16:00:00Z,True,0.7
fct_000212_3,acc_000212,hiring,Emren posted 20 openings in finance and operations.,LinkedIn (public profile),https://linkedinpublicprofile.example/fct_000212_3,2026-06-07T16:00:00Z,True,0.79
fct_000213_1,acc_000213,tech_stack,Liscen Beverages runs Bsale as its ERP.,Company website,https://companywebsite.example/fct_000213_1,2026-02-28T16:00:00Z,True,0.88
fct_000213_2,acc_000213,tech_stack,Liscen Beverages runs Defontana as its ERP.,Local press,https://localpress.example/fct_000213_2,2026-07-17T16:00:00Z,True,0.96
fct_000214_1,acc_000214,expansion,"Quiem announced its expansion to Buenos Aires, Argentina.",LinkedIn (public profile),https://linkedinpublicprofile.example/fct_000214_1,2025-03-30T16:00:00Z,True,0.92
fct_000214_2,acc_000214,pain_hypothesis,Hypothesis (inferred): reconciling travel and supplier expenses across several currencies likely means manual work.,Internal inference,https://internalinference.example/fct_000214_2,2026-09-21T16:00:00Z,False,0.5
fct_000215_1,acc_000215,headcount,Farms Tenmar has approximately 1520 employees.,Company website,https://companywebsite.example/fct_000215_1,2026-08-05T16:00:00Z,True,0.84
fct_000216_1,acc_000216,news,Group Tato was named one of the fastest-growing companies in Colombia.,Company website,https://companywebsite.example/fct_000216_1,2026-08-06T16:00:00Z,True,0.79
fct_000217_1,acc_000217,product,Petrochemicals Torar launched an online ordering platform.,Company website,https://companywebsite.example/fct_000217_1,2026-08-01T16:00:00Z,True,0.89
fct_000217_2,acc_000217,tech_stack,Petrochemicals Torar runs SAP Business One as its ERP.,Local press,https://localpress.example/fct_000217_2,2026-08-26T16:00:00Z,True,0.73
fct_000217_3,acc_000217,news,Petrochemicals Torar was named one of the fastest-growing companies in Mexico.,Press release,https://pressrelease.example/fct_000217_3,2026-08-01T16:00:00Z,True,0.74
fct_000218_1,acc_000218,news,Solci was named one of the fastest-growing companies in Chile.,LinkedIn (public profile),https://linkedinpublicprofile.example/fct_000218_1,2024-12-11T16:00:00Z,True,0.93
fct_000219_1,acc_000219,news,Ciul was named one of the fastest-growing companies in Mexico.,Press release,https://pressrelease.example/fct_000219_1,2026-04-29T16:00:00Z,True,0.91
fct_000220_1,acc_000220,news,Tenfer was named one of the fastest-growing companies in Mexico.,Local press,https://localpress.example/fct_000220_1,2026-06-11T16:00:00Z,True,0.87
fct_000220_2,acc_000220,headcount,Tenfer has approximately 740 employees.,LinkedIn (public profile),https://linkedinpublicprofile.example/fct_000220_2,2026-08-14T16:00:00Z,True,0.72
fct_000222_1,acc_000222,expansion,"Renva announced its expansion to Trujillo, Peru.",Local press,https://localpress.example/fct_000222_1,2026-05-09T16:00:00Z,True,0.93
fct_000222_2,acc_000222,tech_stack,Renva runs Bsale as its ERP.,Company website,https://companywebsite.example/fct_000222_2,2026-01-30T16:00:00Z,True,0.71
fct_000222_3,acc_000222,tech_stack,Renva runs Totvs as its ERP.,Press release,https://pressrelease.example/fct_000222_3,2026-03-03T16:00:00Z,True,0.86
fct_000223_1,acc_000223,expansion,"Tensa Studio announced its expansion to Rio de Janeiro, Brazil.",Local press,https://localpress.example/fct_000223_1,2026-04-06T16:00:00Z,True,0.77
fct_000223_2,acc_000223,news,Tensa Studio was named one of the fastest-growing companies in Colombia.,Local press,https://localpress.example/fct_000223_2,2026-02-01T16:00:00Z,True,0.71
fct_000223_3,acc_000223,hiring,Tensa Studio posted 25 openings in finance and operations.,LinkedIn (public profile),https://linkedinpublicprofile.example/fct_000223_3,2025-03-27T16:00:00Z,True,0.83
fct_000223_4,acc_000223,tech_stack,Tensa Studio runs Oracle NetSuite as its ERP.,Press release,https://pressrelease.example/fct_000223_4,2026-02-21T16:00:00Z,True,0.88
fct_000223_5,acc_000223,hiring,Tensa Studio posted 5 openings in finance and operations.,LinkedIn (public profile),https://linkedinpublicprofile.example/fct_000223_5,2026-05-17T16:00:00Z,True,0.76
fct_000225_1,acc_000225,news,Gourmet Cenal was named one of the fastest-growing companies in Chile.,Local press,https://localpress.example/fct_000225_1,2026-07-26T16:00:00Z,True,0.88
fct_000225_2,acc_000225,pain_hypothesis,Hypothesis (inferred): reconciling travel and supplier expenses across several currencies likely means manual work.,Internal inference,https://internalinference.example/fct_000225_2,2026-03-13T16:00:00Z,False,0.45
fct_000227_1,acc_000227,news,Marketing Quinex was named one of the fastest-growing companies in Brazil.,Company website,https://companywebsite.example/fct_000227_1,2025-12-04T16:00:00Z,True,0.93
fct_000228_1,acc_000228,product,Group Alor launched a 24-hour delivery service.,LinkedIn (public profile),https://linkedinpublicprofile.example/fct_000228_1,2026-07-21T16:00:00Z,True,0.76
fct_000229_1,acc_000229,headcount,Group Mapan has approximately 612 employees.,LinkedIn (public profile),https://linkedinpublicprofile.example/fct_000229_1,2026-07-12T16:00:00Z,True,0.78
fct_000229_2,acc_000229,expansion,"Group Mapan announced its expansion to Sao Paulo, Brazil.",Press release,https://pressrelease.example/fct_000229_2,2024-04-22T16:00:00Z,True,0.77
fct_000230_1,acc_000230,pain_hypothesis,Hypothesis (inferred): reconciling travel and supplier expenses across several currencies likely means manual work.,Internal inference,https://internalinference.example/fct_000230_1,2026-04-01T16:00:00Z,False,0.54
fct_000230_2,acc_000230,news,Alpi was named one of the fastest-growing companies in Chile.,Local press,https://localpress.example/fct_000230_2,2026-04-29T16:00:00Z,True,0.85
fct_000230_3,acc_000230,tech_stack,Alpi runs Defontana as its ERP.,LinkedIn (public profile),https://linkedinpublicprofile.example/fct_000230_3,2025-03-08T16:00:00Z,True,0.85
fct_000231_1,acc_000231,product,Emnex Agro launched a new premium product line.,Press release,https://pressrelease.example/fct_000231_1,2026-03-26T16:00:00Z,True,0.83
fct_000231_2,acc_000231,tech_stack,Emnex Agro runs Totvs as its ERP.,Local press,https://localpress.example/fct_000231_2,2026-05-06T16:00:00Z,True,0.72
fct_000231_3,acc_000231,news,Emnex Agro was named one of the fastest-growing companies in Mexico.,LinkedIn (public profile),https://linkedinpublicprofile.example/fct_000231_3,2024-07-01T16:00:00Z,True,0.75
fct_000231_4,acc_000231,hiring,Emnex Agro posted 10 openings in finance and operations.,Press release,https://pressrelease.example/fct_000231_4,2026-08-27T16:00:00Z,True,0.76
fct_000231_5,acc_000231,tech_stack,Emnex Agro runs Defontana as its ERP.,LinkedIn (public profile),https://linkedinpublicprofile.example/fct_000231_5,2024-08-02T16:00:00Z,True,0.97
fct_000232_1,acc_000232,expansion,"Zuper Freight announced its expansion to Cali, Colombia.",Press release,https://pressrelease.example/fct_000232_1,2026-06-27T16:00:00Z,True,0.96
fct_000232_2,acc_000232,expansion,"Zuper Freight announced its expansion to Tijuana, Mexico.",Company website,https://companywebsite.example/fct_000232_2,2026-03-18T16:00:00Z,True,0.83
fct_000233_1,acc_000233,headcount,Solci has approximately 8290 employees.,Press release,https://pressrelease.example/fct_000233_1,2026-01-27T16:00:00Z,True,0.84
fct_000235_1,acc_000235,news,Momar Logistics was named one of the fastest-growing companies in Peru.,Press release,https://pressrelease.example/fct_000235_1,2026-05-17T16:00:00Z,True,0.78
fct_000236_1,acc_000236,news,Institute Argi was named one of the fastest-growing companies in Brazil.,Press release,https://pressrelease.example/fct_000236_1,2026-05-21T16:00:00Z,True,0.78
fct_000236_2,acc_000236,hiring,Institute Argi posted 4 openings in finance and operations.,Company website,https://companywebsite.example/fct_000236_2,2024-11-15T16:00:00Z,True,0.92
fct_000236_3,acc_000236,pain_hypothesis,Hypothesis (inferred): reconciling travel and supplier expenses across several currencies likely means manual work.,Internal inference,https://internalinference.example/fct_000236_3,2025-11-19T16:00:00Z,False,0.51
fct_000236_4,acc_000236,pain_hypothesis,Hypothesis (inferred): reconciling travel and supplier expenses across several currencies likely means manual work.,Internal inference,https://internalinference.example/fct_000236_4,2026-04-03T16:00:00Z,False,0.47
fct_000238_1,acc_000238,expansion,"Industries Renfer announced its expansion to Monterrey, Mexico.",Local press,https://localpress.example/fct_000238_1,2026-08-21T16:00:00Z,True,0.77
fct_000238_2,acc_000238,pain_hypothesis,Hypothesis (inferred): reconciling travel and supplier expenses across several currencies likely means manual work.,Internal inference,https://internalinference.example/fct_000238_2,2026-02-18T16:00:00Z,False,0.55
fct_000238_3,acc_000238,headcount,Industries Renfer has approximately 240 employees.,LinkedIn (public profile),https://linkedinpublicprofile.example/fct_000238_3,2026-02-17T16:00:00Z,True,0.98
fct_000238_4,acc_000238,tech_stack,Industries Renfer runs Contpaqi as its ERP.,Press release,https://pressrelease.example/fct_000238_4,2026-07-05T16:00:00Z,True,0.89
fct_000239_1,acc_000239,news,Farms Dorsa was named one of the fastest-growing companies in Mexico.,LinkedIn (public profile),https://linkedinpublicprofile.example/fct_000239_1,2026-08-23T16:00:00Z,True,0.72
fct_000239_2,acc_000239,hiring,Farms Dorsa posted 4 openings in finance and operations.,Press release,https://pressrelease.example/fct_000239_2,2026-07-21T16:00:00Z,True,0.71
fct_000240_1,acc_000240,pain_hypothesis,Hypothesis (inferred): reconciling travel and supplier expenses across several currencies likely means manual work.,Internal inference,https://internalinference.example/fct_000240_1,2026-09-11T16:00:00Z,False,0.48
fct_000242_1,acc_000242,product,Cento Health launched a 24-hour delivery service.,Press release,https://pressrelease.example/fct_000242_1,2024-07-06T16:00:00Z,True,0.72
fct_000242_2,acc_000242,expansion,"Cento Health announced its expansion to Monterrey, Mexico.",LinkedIn (public profile),https://linkedinpublicprofile.example/fct_000242_2,2026-07-01T16:00:00Z,True,0.99
fct_000243_1,acc_000243,news,Zual Industries was named one of the fastest-growing companies in Chile.,Press release,https://pressrelease.example/fct_000243_1,2026-06-01T16:00:00Z,True,0.99
fct_000243_2,acc_000243,expansion,"Zual Industries announced its expansion to Sao Paulo, Brazil.",Press release,https://pressrelease.example/fct_000243_2,2026-08-17T16:00:00Z,True,0.96
fct_000243_3,acc_000243,news,Zual Industries was named one of the fastest-growing companies in Chile.,Company website,https://companywebsite.example/fct_000243_3,2026-09-15T16:00:00Z,True,0.81
fct_000244_1,acc_000244,tech_stack,Manufacturing Quimo runs Bsale as its ERP.,Local press,https://localpress.example/fct_000244_1,2026-08-22T16:00:00Z,True,0.96
fct_000244_2,acc_000244,news,Manufacturing Quimo was named one of the fastest-growing companies in Brazil.,Company website,https://companywebsite.example/fct_000244_2,2024-06-01T16:00:00Z,True,0.87
fct_000244_3,acc_000244,hiring,Manufacturing Quimo posted 6 openings in finance and operations.,Company website,https://companywebsite.example/fct_000244_3,2025-11-13T16:00:00Z,True,0.82
fct_000245_1,acc_000245,news,Gourmet Emten was named one of the fastest-growing companies in Mexico.,Press release,https://pressrelease.example/fct_000245_1,2026-07-19T16:00:00Z,True,0.77
fct_000246_1,acc_000246,hiring,Energy Dormar posted 24 openings in finance and operations.,Press release,https://pressrelease.example/fct_000246_1,2026-09-18T16:00:00Z,True,0.82
fct_000246_2,acc_000246,news,Energy Dormar was named one of the fastest-growing companies in Mexico.,Local press,https://localpress.example/fct_000246_2,2026-06-14T16:00:00Z,True,0.92
fct_000247_1,acc_000247,product,Secretariat of Dorsa launched a mobile app for customers.,LinkedIn (public profile),https://linkedinpublicprofile.example/fct_000247_1,2026-05-31T16:00:00Z,True,0.84
fct_000247_2,acc_000247,news,Secretariat of Dorsa was named one of the fastest-growing companies in Mexico.,Company website,https://companywebsite.example/fct_000247_2,2026-07-10T16:00:00Z,True,0.72
fct_000247_3,acc_000247,tech_stack,Secretariat of Dorsa runs Oracle NetSuite as its ERP.,Press release,https://pressrelease.example/fct_000247_3,2026-09-21T16:00:00Z,True,0.76
fct_000248_1,acc_000248,tech_stack,Rivi runs SAP Business One as its ERP.,Company website,https://companywebsite.example/fct_000248_1,2026-05-08T16:00:00Z,True,0.74
fct_000248_2,acc_000248,product,Rivi launched a 24-hour delivery service.,LinkedIn (public profile),https://linkedinpublicprofile.example/fct_000248_2,2026-03-18T16:00:00Z,True,0.77
fct_000249_1,acc_000249,pain_hypothesis,Hypothesis (inferred): reconciling travel and supplier expenses across several currencies likely means manual work.,Internal inference,https://internalinference.example/fct_000249_1,2025-11-22T16:00:00Z,False,0.55
fct_000249_2,acc_000249,news,Alar was named one of the fastest-growing companies in Mexico.,Press release,https://pressrelease.example/fct_000249_2,2026-03-23T16:00:00Z,True,0.9
fct_000249_3,acc_000249,tech_stack,Alar runs Defontana as its ERP.,Company website,https://companywebsite.example/fct_000249_3,2026-03-14T16:00:00Z,True,0.96
fct_000251_1,acc_000251,news,Satra Developments was named one of the fastest-growing companies in Mexico.,Company website,https://companywebsite.example/fct_000251_1,2025-11-07T16:00:00Z,True,0.73
fct_000251_2,acc_000251,product,Satra Developments launched a sustainable product line.,Press release,https://pressrelease.example/fct_000251_2,2024-11-02T16:00:00Z,True,0.99
fct_000251_3,acc_000251,hiring,Satra Developments posted 5 openings in finance and operations.,Local press,https://localpress.example/fct_000251_3,2026-01-03T16:00:00Z,True,0.87
fct_000252_1,acc_000252,news,Kavi Consulting was named one of the fastest-growing companies in Colombia.,Local press,https://localpress.example/fct_000252_1,2026-02-24T16:00:00Z,True,0.89
fct_000253_1,acc_000253,product,Cencen Manufacturing launched a 24-hour delivery service.,Company website,https://companywebsite.example/fct_000253_1,2026-04-10T16:00:00Z,True,0.88
fct_000254_1,acc_000254,pain_hypothesis,Hypothesis (inferred): reconciling travel and supplier expenses across several currencies likely means manual work.,Internal inference,https://internalinference.example/fct_000254_1,2026-09-16T16:00:00Z,False,0.43
fct_000255_1,acc_000255,pain_hypothesis,Hypothesis (inferred): reconciling travel and supplier expenses across several currencies likely means manual work.,Internal inference,https://internalinference.example/fct_000255_1,2025-11-24T16:00:00Z,False,0.58
fct_000255_2,acc_000255,pain_hypothesis,Hypothesis (inferred): reconciling travel and supplier expenses across several currencies likely means manual work.,Internal inference,https://internalinference.example/fct_000255_2,2025-11-08T16:00:00Z,False,0.57
fct_000255_3,acc_000255,expansion,"Marix announced its expansion to Queretaro, Mexico.",Press release,https://pressrelease.example/fct_000255_3,2026-08-26T16:00:00Z,True,0.82
fct_000256_1,acc_000256,news,Aldo Freight was named one of the fastest-growing companies in Colombia.,LinkedIn (public profile),https://linkedinpublicprofile.example/fct_000256_1,2025-03-13T16:00:00Z,True,0.77
fct_000256_2,acc_000256,news,Aldo Freight was named one of the fastest-growing companies in Colombia.,Press release,https://pressrelease.example/fct_000256_2,2025-04-24T16:00:00Z,True,0.94
fct_000256_3,acc_000256,news,Aldo Freight was named one of the fastest-growing companies in Colombia.,Company website,https://companywebsite.example/fct_000256_3,2026-06-19T16:00:00Z,True,0.77
fct_000256_4,acc_000256,expansion,"Aldo Freight announced its expansion to Sao Paulo, Brazil.",Company website,https://companywebsite.example/fct_000256_4,2026-09-11T16:00:00Z,True,0.89
fct_000256_5,acc_000256,product,Trafer Builders launched a sustainable product line.,Company website,https://companywebsite.example/fct_000256_5,2025-11-16T16:00:00Z,True,0.72
fct_000257_1,acc_000257,headcount,Giqui Mercantile has approximately 630 employees.,Local press,https://localpress.example/fct_000257_1,2026-09-19T16:00:00Z,True,0.92
fct_000257_2,acc_000257,product,Giqui Mercantile launched a mobile app for customers.,Local press,https://localpress.example/fct_000257_2,2025-11-12T16:00:00Z,True,0.97
fct_000258_1,acc_000258,headcount,Cajo has approximately 1696 employees.,Press release,https://pressrelease.example/fct_000258_1,2026-04-08T16:00:00Z,True,0.85
fct_000259_1,acc_000259,pain_hypothesis,Hypothesis (inferred): reconciling travel and supplier expenses across several currencies likely means manual work.,Internal inference,https://internalinference.example/fct_000259_1,2026-07-25T16:00:00Z,False,0.42
fct_000259_2,acc_000259,news,Freight Arren was named one of the fastest-growing companies in Brazil.,Local press,https://localpress.example/fct_000259_2,2025-04-02T16:00:00Z,True,0.9
fct_000260_1,acc_000260,news,Group Nexper was named one of the fastest-growing companies in Mexico.,LinkedIn (public profile),https://linkedinpublicprofile.example/fct_000260_1,2026-09-07T16:00:00Z,True,0.98
fct_000261_1,acc_000261,headcount,Logistics Cimin has approximately 2298 employees.,Local press,https://localpress.example/fct_000261_1,2025-12-15T16:00:00Z,True,0.8
fct_000261_2,acc_000261,hiring,Logistics Cimin posted 19 openings in finance and operations.,Company website,https://companywebsite.example/fct_000261_2,2026-02-05T16:00:00Z,True,0.93
fct_000262_1,acc_000262,news,Digital Vijo was named one of the fastest-growing companies in Argentina.,Local press,https://localpress.example/fct_000262_1,2025-05-14T16:00:00Z,True,0.87
fct_000262_2,acc_000262,news,Digital Vijo was named one of the fastest-growing companies in Argentina.,Local press,https://localpress.example/fct_000262_2,2026-02-07T16:00:00Z,True,0.71
fct_000263_1,acc_000263,product,Education Perma launched a mobile app for customers.,Press release,https://pressrelease.example/fct_000263_1,2026-07-19T16:00:00Z,True,0.83
fct_000263_2,acc_000263,news,Education Perma was named one of the fastest-growing companies in Peru.,Press release,https://pressrelease.example/fct_000263_2,2026-05-30T16:00:00Z,True,0.98
fct_000264_1,acc_000264,pain_hypothesis,Hypothesis (inferred): reconciling travel and supplier expenses across several currencies likely means manual work.,Internal inference,https://internalinference.example/fct_000264_1,2026-03-17T16:00:00Z,False,0.57
fct_000264_2,acc_000264,news,Quitor Health was named one of the fastest-growing companies in Colombia.,Company website,https://companywebsite.example/fct_000264_2,2024-10-02T16:00:00Z,True,0.73
fct_000264_3,acc_000264,expansion,"Quitor Health announced its expansion to Cordoba, Argentina.",Local press,https://localpress.example/fct_000264_3,2026-08-31T16:00:00Z,True,0.76
fct_000264_4,acc_000264,product,Quitor Health launched a mobile app for customers.,Company website,https://companywebsite.example/fct_000264_4,2026-07-18T16:00:00Z,True,0.84
fct_000266_1,acc_000266,news,Advisors Marba was named one of the fastest-growing companies in Mexico.,Local press,https://localpress.example/fct_000266_1,2024-11-03T16:00:00Z,True,0.78
fct_000267_1,acc_000267,news,Health Yraar was named one of the fastest-growing companies in Argentina.,Press release,https://pressrelease.example/fct_000267_1,2025-04-17T16:00:00Z,True,0.89
fct_000268_1,acc_000268,news,Emar was named one of the fastest-growing companies in Argentina.,Local press,https://localpress.example/fct_000268_1,2026-07-30T16:00:00Z,True,0.73
fct_000268_2,acc_000268,news,Emar was named one of the fastest-growing companies in Argentina.,Local press,https://localpress.example/fct_000268_2,2026-09-25T16:00:00Z,True,0.76
fct_000269_1,acc_000269,expansion,"Renlis announced its expansion to Medellin, Colombia.",Press release,https://pressrelease.example/fct_000269_1,2026-08-09T16:00:00Z,True,0.77
fct_000269_2,acc_000269,hiring,Renlis posted 22 openings in finance and operations.,Company website,https://companywebsite.example/fct_000269_2,2025-07-20T16:00:00Z,True,0.75
fct_000271_1,acc_000271,expansion,"Mocu Medical announced its expansion to Monterrey, Mexico.",LinkedIn (public profile),https://linkedinpublicprofile.example/fct_000271_1,2026-06-16T16:00:00Z,True,0.86
fct_000271_2,acc_000271,hiring,Mocu Medical posted 19 openings in finance and operations.,Local press,https://localpress.example/fct_000271_2,2026-08-17T16:00:00Z,True,0.84
fct_000271_3,acc_000271,news,Mocu Medical was named one of the fastest-growing companies in Argentina.,Press release,https://pressrelease.example/fct_000271_3,2025-11-10T16:00:00Z,True,0.73
fct_000271_4,acc_000271,expansion,"Mocu Medical announced its expansion to Barranquilla, Colombia.",LinkedIn (public profile),https://linkedinpublicprofile.example/fct_000271_4,2026-02-08T16:00:00Z,True,0.72
fct_000272_1,acc_000272,news,Group Moyra was named one of the fastest-growing companies in Mexico.,Press release,https://pressrelease.example/fct_000272_1,2026-04-18T16:00:00Z,True,0.72
fct_000273_1,acc_000273,tech_stack,Freight Cucu runs SAP Business One as its ERP.,Company website,https://companywebsite.example/fct_000273_1,2024-09-20T16:00:00Z,True,0.74
fct_000276_1,acc_000276,hiring,Group Baix posted 24 openings in finance and operations.,Local press,https://localpress.example/fct_000276_1,2026-07-03T16:00:00Z,True,0.99
fct_000278_1,acc_000278,expansion,"Builders Vergal announced its expansion to Rio de Janeiro, Brazil.",Company website,https://companywebsite.example/fct_000278_1,2026-08-06T16:00:00Z,True,0.85
fct_000278_2,acc_000278,tech_stack,Builders Vergal runs SAP Business One as its ERP.,LinkedIn (public profile),https://linkedinpublicprofile.example/fct_000278_2,2026-06-12T16:00:00Z,True,0.96
fct_000279_1,acc_000279,news,Batra was named one of the fastest-growing companies in Colombia.,Press release,https://pressrelease.example/fct_000279_1,2026-06-15T16:00:00Z,True,0.76
fct_000279_2,acc_000279,product,Batra launched a sustainable product line.,Company website,https://companywebsite.example/fct_000279_2,2026-02-27T16:00:00Z,True,0.75
fct_000282_1,acc_000282,hiring,Group Solgal posted 9 openings in finance and operations.,Local press,https://localpress.example/fct_000282_1,2025-12-01T16:00:00Z,True,0.76
fct_000282_2,acc_000282,hiring,Group Solgal posted 5 openings in finance and operations.,LinkedIn (public profile),https://linkedinpublicprofile.example/fct_000282_2,2026-08-21T16:00:00Z,True,0.92
fct_000285_1,acc_000285,tech_stack,Group Panni runs Totvs as its ERP.,LinkedIn (public profile),https://linkedinpublicprofile.example/fct_000285_1,2024-09-27T16:00:00Z,True,0.76
fct_000286_1,acc_000286,product,Developments Mintra launched a sustainable product line.,Local press,https://localpress.example/fct_000286_1,2026-04-06T16:00:00Z,True,0.87
fct_000286_2,acc_000286,expansion,"Developments Mintra announced its expansion to Guadalajara, Mexico.",Company website,https://companywebsite.example/fct_000286_2,2026-02-10T16:00:00Z,True,0.75
fct_000286_3,acc_000286,news,Developments Mintra was named one of the fastest-growing companies in Brazil.,LinkedIn (public profile),https://linkedinpublicprofile.example/fct_000286_3,2026-04-13T16:00:00Z,True,0.77
fct_000286_4,acc_000286,hiring,Developments Mintra posted 14 openings in finance and operations.,Press release,https://pressrelease.example/fct_000286_4,2026-01-06T16:00:00Z,True,0.73
fct_000287_1,acc_000287,news,Group Taka was named one of the fastest-growing companies in Mexico.,Company website,https://companywebsite.example/fct_000287_1,2026-02-02T16:00:00Z,True,0.91
fct_000290_1,acc_000290,tech_stack,Petrochemicals Ulmer runs Totvs as its ERP.,Press release,https://pressrelease.example/fct_000290_1,2026-05-31T16:00:00Z,True,0.93
fct_000290_2,acc_000290,hiring,Petrochemicals Ulmer posted 24 openings in finance and operations.,Press release,https://pressrelease.example/fct_000290_2,2025-11-29T16:00:00Z,True,0.82
fct_000291_1,acc_000291,expansion,"Group Tari announced its expansion to Belo Horizonte, Brazil.",Local press,https://localpress.example/fct_000291_1,2026-02-01T16:00:00Z,True,0.94
fct_000292_1,acc_000292,expansion,"Cargo Panci announced its expansion to Cordoba, Argentina.",LinkedIn (public profile),https://linkedinpublicprofile.example/fct_000292_1,2024-11-29T16:00:00Z,True,0.82
fct_000292_2,acc_000292,product,Cargo Panci launched a loyalty program.,LinkedIn (public profile),https://linkedinpublicprofile.example/fct_000292_2,2024-07-29T16:00:00Z,True,0.94
fct_000292_3,acc_000292,expansion,"Cargo Panci announced its expansion to Santiago, Chile.",Press release,https://pressrelease.example/fct_000292_3,2025-12-27T16:00:00Z,True,0.85
fct_000292_4,acc_000292,expansion,"Cargo Panci announced its expansion to Porto Alegre, Brazil.",Press release,https://pressrelease.example/fct_000292_4,2026-08-03T16:00:00Z,True,0.78
fct_000292_5,acc_000292,news,Cargo Panci was named one of the fastest-growing companies in Mexico.,LinkedIn (public profile),https://linkedinpublicprofile.example/fct_000292_5,2026-03-23T16:00:00Z,True,0.87
fct_000293_1,acc_000293,pain_hypothesis,Hypothesis (inferred): reconciling travel and supplier expenses across several currencies likely means manual work.,Internal inference,https://internalinference.example/fct_000293_1,2025-12-22T16:00:00Z,False,0.52
fct_000293_2,acc_000293,pain_hypothesis,Hypothesis (inferred): reconciling travel and supplier expenses across several currencies likely means manual work.,Internal inference,https://internalinference.example/fct_000293_2,2026-07-26T16:00:00Z,False,0.6
fct_000293_3,acc_000293,tech_stack,Consulting Panni runs Siigo as its ERP.,Local press,https://localpress.example/fct_000293_3,2026-06-27T16:00:00Z,True,0.95
fct_000293_4,acc_000293,product,Consulting Panni launched a mobile app for customers.,LinkedIn (public profile),https://linkedinpublicprofile.example/fct_000293_4,2026-08-09T16:00:00Z,True,0.71
fct_000295_1,acc_000295,tech_stack,Group Galro runs Contpaqi as its ERP.,LinkedIn (public profile),https://linkedinpublicprofile.example/fct_000295_1,2025-06-22T16:00:00Z,True,0.84
fct_000295_2,acc_000295,expansion,"Group Galro announced its expansion to Curitiba, Brazil.",LinkedIn (public profile),https://linkedinpublicprofile.example/fct_000295_2,2025-03-06T16:00:00Z,True,0.92
fct_000295_3,acc_000295,hiring,Group Galro posted 25 openings in finance and operations.,Press release,https://pressrelease.example/fct_000295_3,2026-06-20T16:00:00Z,True,0.91
fct_000295_4,acc_000295,pain_hypothesis,Hypothesis (inferred): reconciling travel and supplier expenses across several currencies likely means manual work.,Internal inference,https://internalinference.example/fct_000295_4,2026-08-02T16:00:00Z,False,0.47
fct_000295_5,acc_000295,expansion,"Group Galro announced its expansion to Rosario, Argentina.",LinkedIn (public profile),https://linkedinpublicprofile.example/fct_000295_5,2026-08-31T16:00:00Z,True,0.97
fct_000296_1,acc_000296,tech_stack,Beverages Marten runs Odoo as its ERP.,Press release,https://pressrelease.example/fct_000296_1,2026-03-11T16:00:00Z,True,0.81
fct_000296_2,acc_000296,expansion,"Beverages Marten announced its expansion to Puebla, Mexico.",LinkedIn (public profile),https://linkedinpublicprofile.example/fct_000296_2,2024-11-19T16:00:00Z,True,0.73
fct_000296_3,acc_000296,hiring,Beverages Marten posted 7 openings in finance and operations.,Local press,https://localpress.example/fct_000296_3,2025-04-03T16:00:00Z,True,0.78
fct_000297_1,acc_000297,hiring,Industries Tato posted 17 openings in finance and operations.,Company website,https://companywebsite.example/fct_000297_1,2026-07-13T16:00:00Z,True,0.95
fct_000298_1,acc_000298,expansion,"Clinic Perni announced its expansion to Bucaramanga, Colombia.",Press release,https://pressrelease.example/fct_000298_1,2026-01-24T16:00:00Z,True,0.73
fct_000298_2,acc_000298,tech_stack,Clinic Perni runs Contpaqi as its ERP.,LinkedIn (public profile),https://linkedinpublicprofile.example/fct_000298_2,2025-08-05T16:00:00Z,True,0.83
fct_000298_3,acc_000298,product,Clinic Perni launched a new premium product line.,Press release,https://pressrelease.example/fct_000298_3,2024-09-02T16:00:00Z,True,0.73
fct_000299_1,acc_000299,pain_hypothesis,Hypothesis (inferred): reconciling travel and supplier expenses across several currencies likely means manual work.,Internal inference,https://internalinference.example/fct_000299_1,2025-11-19T16:00:00Z,False,0.44
fct_000299_2,acc_000299,expansion,"Tech Fofer announced its expansion to Bogota, Colombia.",LinkedIn (public profile),https://linkedinpublicprofile.example/fct_000299_2,2026-02-21T16:00:00Z,True,0.8
fct_000301_1,acc_000301,tech_stack,Group Giva runs Totvs as its ERP.,LinkedIn (public profile),https://linkedinpublicprofile.example/fct_000301_1,2026-04-14T16:00:00Z,True,0.81
fct_000301_2,acc_000301,hiring,Group Giva posted 4 openings in finance and operations.,Local press,https://localpress.example/fct_000301_2,2026-08-04T16:00:00Z,True,0.71
fct_000301_3,acc_000301,hiring,Group Giva posted 21 openings in finance and operations.,Company website,https://companywebsite.example/fct_000301_3,2026-02-06T16:00:00Z,True,0.94
fct_000303_1,acc_000303,expansion,"Quiver Health announced its expansion to Sao Paulo, Brazil.",Company website,https://companywebsite.example/fct_000303_1,2026-01-05T16:00:00Z,True,0.97
fct_000303_2,acc_000303,product,Quiver Health launched a 24-hour delivery service.,Company website,https://companywebsite.example/fct_000303_2,2026-03-28T16:00:00Z,True,0.82
fct_000303_3,acc_000303,pain_hypothesis,Hypothesis (inferred): reconciling travel and supplier expenses across several currencies likely means manual work.,Internal inference,https://internalinference.example/fct_000303_3,2026-06-19T16:00:00Z,False,0.48
fct_000304_1,acc_000304,product,Foods Roci launched an online ordering platform.,LinkedIn (public profile),https://linkedinpublicprofile.example/fct_000304_1,2025-05-14T16:00:00Z,True,0.94
fct_000304_2,acc_000304,tech_stack,Foods Roci runs SAP Business One as its ERP.,Company website,https://companywebsite.example/fct_000304_2,2026-08-06T16:00:00Z,True,0.87
fct_000304_3,acc_000304,expansion,"Foods Roci announced its expansion to Lima, Peru.",Local press,https://localpress.example/fct_000304_3,2026-05-18T16:00:00Z,True,0.94
fct_000305_1,acc_000305,expansion,"Group Cenca announced its expansion to Curitiba, Brazil.",Local press,https://localpress.example/fct_000305_1,2026-01-28T16:00:00Z,True,0.72
fct_000305_2,acc_000305,news,Group Cenca was named one of the fastest-growing companies in Mexico.,Company website,https://companywebsite.example/fct_000305_2,2026-04-18T16:00:00Z,True,0.75
fct_000305_3,acc_000305,expansion,"Group Cenca announced its expansion to Curitiba, Brazil.",Company website,https://companywebsite.example/fct_000305_3,2026-09-12T16:00:00Z,True,0.94
fct_000305_4,acc_000305,news,Group Cenca was named one of the fastest-growing companies in Mexico.,LinkedIn (public profile),https://linkedinpublicprofile.example/fct_000305_4,2026-08-22T16:00:00Z,True,0.95
fct_000305_5,acc_000305,pain_hypothesis,Hypothesis (inferred): reconciling travel and supplier expenses across several currencies likely means manual work.,Internal inference,https://internalinference.example/fct_000305_5,2026-02-02T16:00:00Z,False,0.54
fct_000306_1,acc_000306,tech_stack,Altor runs Bsale as its ERP.,Press release,https://pressrelease.example/fct_000306_1,2026-01-15T16:00:00Z,True,0.79
fct_000307_1,acc_000307,expansion,"Piqui Beverages announced its expansion to Guadalajara, Mexico.",Company website,https://companywebsite.example/fct_000307_1,2024-07-13T16:00:00Z,True,0.97
fct_000307_2,acc_000307,news,Piqui Beverages was named one of the fastest-growing companies in Colombia.,Local press,https://localpress.example/fct_000307_2,2025-11-24T16:00:00Z,True,0.8
fct_000307_3,acc_000307,hiring,Piqui Beverages posted 7 openings in finance and operations.,Local press,https://localpress.example/fct_000307_3,2026-01-12T16:00:00Z,True,0.76
fct_000308_1,acc_000308,hiring,Quisa posted 17 openings in finance and operations.,Local press,https://localpress.example/fct_000308_1,2025-12-22T16:00:00Z,True,0.81
fct_000308_2,acc_000308,expansion,"Quisa announced its expansion to Guadalajara, Mexico.",LinkedIn (public profile),https://linkedinpublicprofile.example/fct_000308_2,2026-04-18T16:00:00Z,True,0.91
fct_000310_1,acc_000310,product,Arqui launched a sustainable product line.,LinkedIn (public profile),https://linkedinpublicprofile.example/fct_000310_1,2026-07-09T16:00:00Z,True,0.87
fct_000310_2,acc_000310,tech_stack,Arqui runs Defontana as its ERP.,Local press,https://localpress.example/fct_000310_2,2026-01-18T16:00:00Z,True,0.84
fct_000311_1,acc_000311,expansion,"Farms Minca announced its expansion to Belo Horizonte, Brazil.",Press release,https://pressrelease.example/fct_000311_1,2025-02-04T16:00:00Z,True,0.91
fct_000312_1,acc_000312,news,Cargo Sama was named one of the fastest-growing companies in Mexico.,Local press,https://localpress.example/fct_000312_1,2024-05-25T16:00:00Z,True,0.72
fct_000312_2,acc_000312,hiring,Cargo Sama posted 21 openings in finance and operations.,Company website,https://companywebsite.example/fct_000312_2,2026-02-08T16:00:00Z,True,0.96
fct_000313_1,acc_000313,pain_hypothesis,Hypothesis (inferred): reconciling travel and supplier expenses across several currencies likely means manual work.,Internal inference,https://internalinference.example/fct_000313_1,2026-04-18T16:00:00Z,False,0.53
fct_000313_2,acc_000313,expansion,"Roem Digital announced its expansion to Santiago, Chile.",Local press,https://localpress.example/fct_000313_2,2026-09-12T16:00:00Z,True,0.93
fct_000313_3,acc_000313,funding,Roem Digital closed a USD 38 million funding round.,Local press,https://localpress.example/fct_000313_3,2026-04-30T16:00:00Z,True,0.81
fct_000313_4,acc_000313,expansion,"Roem Digital announced its expansion to Porto Alegre, Brazil.",LinkedIn (public profile),https://linkedinpublicprofile.example/fct_000313_4,2026-05-16T16:00:00Z,True,0.7
fct_000314_1,acc_000314,product,Zudor launched a loyalty program.,Company website,https://companywebsite.example/fct_000314_1,2026-07-18T16:00:00Z,True,0.75
fct_000314_2,acc_000314,news,Zudor was named one of the fastest-growing companies in Colombia.,LinkedIn (public profile),https://linkedinpublicprofile.example/fct_000314_2,2026-08-13T16:00:00Z,True,0.85
fct_000314_3,acc_000314,news,Zudor was named one of the fastest-growing companies in Colombia.,Company website,https://companywebsite.example/fct_000314_3,2025-11-26T16:00:00Z,True,0.88
fct_000314_4,acc_000314,tech_stack,Zudor runs Totvs as its ERP.,Company website,https://companywebsite.example/fct_000314_4,2026-05-27T16:00:00Z,True,0.74
fct_000314_5,acc_000314,hiring,Zudor posted 25 openings in finance and operations.,Press release,https://pressrelease.example/fct_000314_5,2026-03-28T16:00:00Z,True,0.8
fct_000315_1,acc_000315,funding,Toor Systems closed a USD 5 million funding round.,Press release,https://pressrelease.example/fct_000315_1,2025-06-02T16:00:00Z,True,0.88
fct_000316_1,acc_000316,hiring,Nexto Clinic posted 5 openings in finance and operations.,Company website,https://companywebsite.example/fct_000316_1,2026-05-13T16:00:00Z,True,0.84
fct_000317_1,acc_000317,product,Group Moca launched a 24-hour delivery service.,Company website,https://companywebsite.example/fct_000317_1,2024-09-12T16:00:00Z,True,0.95
fct_000317_2,acc_000317,hiring,Group Moca posted 17 openings in finance and operations.,Local press,https://localpress.example/fct_000317_2,2026-07-31T16:00:00Z,True,0.7
fct_000317_3,acc_000317,news,Group Moca was named one of the fastest-growing companies in Colombia.,Press release,https://pressrelease.example/fct_000317_3,2026-05-13T16:00:00Z,True,0.98
fct_000318_1,acc_000318,hiring,Systems Maix posted 13 openings in finance and operations.,Local press,https://localpress.example/fct_000318_1,2025-11-21T16:00:00Z,True,0.96
fct_000320_1,acc_000320,hiring,Dori Harvest posted 10 openings in finance and operations.,Press release,https://pressrelease.example/fct_000320_1,2026-04-16T16:00:00Z,True,0.95
fct_000320_2,acc_000320,expansion,"Dori Harvest announced its expansion to Bogota, Colombia.",Company website,https://companywebsite.example/fct_000320_2,2026-09-20T16:00:00Z,True,0.87
fct_000324_1,acc_000324,news,Dorba Studio was named one of the fastest-growing companies in Brazil.,Press release,https://pressrelease.example/fct_000324_1,2026-08-01T16:00:00Z,True,0.73
fct_000324_2,acc_000324,news,Dorba Studio was named one of the fastest-growing companies in Brazil.,LinkedIn (public profile),https://linkedinpublicprofile.example/fct_000324_2,2026-05-17T16:00:00Z,True,0.98
fct_000324_3,acc_000324,tech_stack,Dorba Studio runs Defontana as its ERP.,Press release,https://pressrelease.example/fct_000324_3,2026-02-07T16:00:00Z,True,0.87
fct_000324_4,acc_000324,tech_stack,Dorba Studio runs Odoo as its ERP.,LinkedIn (public profile),https://linkedinpublicprofile.example/fct_000324_4,2026-04-11T16:00:00Z,True,0.91
fct_000325_1,acc_000325,expansion,"Allu announced its expansion to Bucaramanga, Colombia.",Press release,https://pressrelease.example/fct_000325_1,2026-01-20T16:00:00Z,True,0.77
fct_000325_2,acc_000325,headcount,Allu has approximately 96 employees.,Company website,https://companywebsite.example/fct_000325_2,2026-02-15T16:00:00Z,True,0.75
fct_000325_3,acc_000325,product,Allu launched an online ordering platform.,LinkedIn (public profile),https://linkedinpublicprofile.example/fct_000325_3,2026-03-22T16:00:00Z,True,0.83
fct_000325_4,acc_000325,expansion,"Allu announced its expansion to Porto Alegre, Brazil.",LinkedIn (public profile),https://linkedinpublicprofile.example/fct_000325_4,2026-01-15T16:00:00Z,True,0.93
fct_000328_1,acc_000328,hiring,Health Cuma posted 11 openings in finance and operations.,Press release,https://pressrelease.example/fct_000328_1,2025-03-30T16:00:00Z,True,0.98
fct_000329_1,acc_000329,product,Torcen Energy launched a mobile app for customers.,LinkedIn (public profile),https://linkedinpublicprofile.example/fct_000329_1,2026-08-16T16:00:00Z,True,0.79
fct_000330_1,acc_000330,product,Group Ixba launched a 24-hour delivery service.,LinkedIn (public profile),https://linkedinpublicprofile.example/fct_000330_1,2026-03-04T16:00:00Z,True,0.77
fct_000330_2,acc_000330,hiring,Group Ixba posted 15 openings in finance and operations.,LinkedIn (public profile),https://linkedinpublicprofile.example/fct_000330_2,2026-04-16T16:00:00Z,True,0.86
fct_000333_1,acc_000333,pain_hypothesis,Hypothesis (inferred): reconciling travel and supplier expenses across several currencies likely means manual work.,Internal inference,https://internalinference.example/fct_000333_1,2026-02-15T16:00:00Z,False,0.57
fct_000333_2,acc_000333,product,Group Tofer launched a mobile app for customers.,Local press,https://localpress.example/fct_000333_2,2026-09-21T16:00:00Z,True,0.77
fct_000334_1,acc_000334,news,Nigal Freight was named one of the fastest-growing companies in Colombia.,LinkedIn (public profile),https://linkedinpublicprofile.example/fct_000334_1,2025-03-18T16:00:00Z,True,0.84
fct_000334_2,acc_000334,expansion,"Nigal Freight announced its expansion to Queretaro, Mexico.",Local press,https://localpress.example/fct_000334_2,2026-07-09T16:00:00Z,True,0.81
fct_000334_3,acc_000334,product,Nigal Freight launched a 24-hour delivery service.,Press release,https://pressrelease.example/fct_000334_3,2026-01-29T16:00:00Z,True,0.86
fct_000334_4,acc_000334,news,Nigal Freight was named one of the fastest-growing companies in Colombia.,Local press,https://localpress.example/fct_000334_4,2026-09-08T16:00:00Z,True,0.83
fct_000335_1,acc_000335,hiring,Meror posted 19 openings in finance and operations.,Local press,https://localpress.example/fct_000335_1,2025-04-28T16:00:00Z,True,0.76
fct_000336_1,acc_000336,news,Manufacturing Kaul was named one of the fastest-growing companies in Colombia.,Local press,https://localpress.example/fct_000336_1,2026-09-26T16:00:00Z,True,0.7
fct_000337_1,acc_000337,pain_hypothesis,Hypothesis (inferred): reconciling travel and supplier expenses across several currencies likely means manual work.,Internal inference,https://internalinference.example/fct_000337_1,2026-08-30T16:00:00Z,False,0.55
fct_000337_2,acc_000337,news,Group Balu was named one of the fastest-growing companies in Mexico.,Press release,https://pressrelease.example/fct_000337_2,2026-07-09T16:00:00Z,True,0.84
fct_000338_1,acc_000338,expansion,"Group Roul announced its expansion to Porto Alegre, Brazil.",LinkedIn (public profile),https://linkedinpublicprofile.example/fct_000338_1,2025-12-11T16:00:00Z,True,0.89
fct_000340_1,acc_000340,pain_hypothesis,Hypothesis (inferred): reconciling travel and supplier expenses across several currencies likely means manual work.,Internal inference,https://internalinference.example/fct_000340_1,2025-12-29T16:00:00Z,False,0.45
fct_000340_2,acc_000340,expansion,"Group Cuca announced its expansion to Arequipa, Peru.",Local press,https://localpress.example/fct_000340_2,2026-06-13T16:00:00Z,True,0.92
fct_000341_1,acc_000341,hiring,Zupi Builders posted 5 openings in finance and operations.,Local press,https://localpress.example/fct_000341_1,2026-01-14T16:00:00Z,True,0.82
fct_000341_2,acc_000341,product,Zupi Builders launched a 24-hour delivery service.,Local press,https://localpress.example/fct_000341_2,2026-01-23T16:00:00Z,True,0.73
fct_000342_1,acc_000342,expansion,"Renix Manufacturing announced its expansion to Belo Horizonte, Brazil.",Local press,https://localpress.example/fct_000342_1,2025-12-27T16:00:00Z,True,0.95
fct_000342_2,acc_000342,hiring,Renix Manufacturing posted 24 openings in finance and operations.,Press release,https://pressrelease.example/fct_000342_2,2026-03-02T16:00:00Z,True,0.76
fct_000343_1,acc_000343,hiring,Group Zulis posted 5 openings in finance and operations.,Press release,https://pressrelease.example/fct_000343_1,2025-07-25T16:00:00Z,True,0.9
fct_000343_2,acc_000343,tech_stack,Group Zulis runs Oracle NetSuite as its ERP.,Press release,https://pressrelease.example/fct_000343_2,2025-04-03T16:00:00Z,True,0.94
fct_000344_1,acc_000344,expansion,"Group Lover announced its expansion to Bogota, Colombia.",Press release,https://pressrelease.example/fct_000344_1,2026-02-04T16:00:00Z,True,0.82
fct_000345_1,acc_000345,hiring,Plastics Luca posted 17 openings in finance and operations.,Local press,https://localpress.example/fct_000345_1,2025-04-22T16:00:00Z,True,0.98
fct_000345_2,acc_000345,hiring,Plastics Luca posted 18 openings in finance and operations.,Local press,https://localpress.example/fct_000345_2,2025-01-17T16:00:00Z,True,0.89
fct_000346_1,acc_000346,news,Group Ciix was named one of the fastest-growing companies in Colombia.,LinkedIn (public profile),https://linkedinpublicprofile.example/fct_000346_1,2026-05-23T16:00:00Z,True,0.72
fct_000347_1,acc_000347,news,Health Vaca was named one of the fastest-growing companies in Colombia.,LinkedIn (public profile),https://linkedinpublicprofile.example/fct_000347_1,2025-12-15T16:00:00Z,True,0.76
fct_000347_2,acc_000347,news,Retail Ulni was named one of the fastest-growing companies in Colombia.,Company website,https://companywebsite.example/fct_000347_2,2026-01-22T16:00:00Z,True,0.84
fct_000348_1,acc_000348,hiring,Agro Nexpi posted 12 openings in finance and operations.,Company website,https://companywebsite.example/fct_000348_1,2026-09-14T16:00:00Z,True,0.84
fct_000348_2,acc_000348,news,Agro Nexpi was named one of the fastest-growing companies in Brazil.,LinkedIn (public profile),https://linkedinpublicprofile.example/fct_000348_2,2026-08-23T16:00:00Z,True,0.75
fct_000349_1,acc_000349,product,Medical Martra launched an online ordering platform.,Press release,https://pressrelease.example/fct_000349_1,2026-01-18T16:00:00Z,True,0.82
fct_000349_2,acc_000349,hiring,Medical Martra posted 7 openings in finance and operations.,LinkedIn (public profile),https://linkedinpublicprofile.example/fct_000349_2,2024-07-27T16:00:00Z,True,0.76
fct_000352_1,acc_000352,expansion,"Freight Tomin announced its expansion to Concepcion, Chile.",LinkedIn (public profile),https://linkedinpublicprofile.example/fct_000352_1,2026-07-25T16:00:00Z,True,0.8
fct_000352_2,acc_000352,hiring,Freight Tomin posted 22 openings in finance and operations.,LinkedIn (public profile),https://linkedinpublicprofile.example/fct_000352_2,2025-04-21T16:00:00Z,True,0.79
fct_000352_3,acc_000352,expansion,"Freight Tomin announced its expansion to Valparaiso, Chile.",Press release,https://pressrelease.example/fct_000352_3,2025-05-17T16:00:00Z,True,0.91
fct_000353_1,acc_000353,tech_stack,Nexni Freight runs Oracle NetSuite as its ERP.,Press release,https://pressrelease.example/fct_000353_1,2025-06-16T16:00:00Z,True,0.77
fct_000353_2,acc_000353,news,Nexni Freight was named one of the fastest-growing companies in Brazil.,Press release,https://pressrelease.example/fct_000353_2,2026-06-10T16:00:00Z,True,0.91
fct_000356_1,acc_000356,hiring,Sollis Gourmet posted 14 openings in finance and operations.,Press release,https://pressrelease.example/fct_000356_1,2025-11-13T16:00:00Z,True,0.87
fct_000356_2,acc_000356,product,Sollis Gourmet launched a sustainable product line.,LinkedIn (public profile),https://linkedinpublicprofile.example/fct_000356_2,2025-11-29T16:00:00Z,True,0.97
fct_000356_3,acc_000356,expansion,"Sollis Gourmet announced its expansion to Lima, Peru.",LinkedIn (public profile),https://linkedinpublicprofile.example/fct_000356_3,2025-11-06T16:00:00Z,True,0.95
fct_000356_4,acc_000356,expansion,"Sollis Gourmet announced its expansion to Concepcion, Chile.",Local press,https://localpress.example/fct_000356_4,2024-09-10T16:00:00Z,True,0.82
fct_000357_1,acc_000357,expansion,"Group Neix announced its expansion to Buenos Aires, Argentina.",Company website,https://companywebsite.example/fct_000357_1,2025-01-05T16:00:00Z,True,0.94
fct_000358_1,acc_000358,product,Media Galmar launched a 24-hour delivery service.,LinkedIn (public profile),https://linkedinpublicprofile.example/fct_000358_1,2025-03-23T16:00:00Z,True,0.87
fct_000358_2,acc_000358,product,Media Galmar launched a 24-hour delivery service.,Local press,https://localpress.example/fct_000358_2,2026-06-20T16:00:00Z,True,0.7
fct_000359_1,acc_000359,expansion,"Trading Emmo announced its expansion to Belo Horizonte, Brazil.",Company website,https://companywebsite.example/fct_000359_1,2025-08-15T16:00:00Z,True,0.83
fct_000361_1,acc_000361,news,Trading Renbel was named one of the fastest-growing companies in Brazil.,Local press,https://localpress.example/fct_000361_1,2024-11-10T16:00:00Z,True,0.87
fct_000361_2,acc_000361,news,Trading Renbel was named one of the fastest-growing companies in Brazil.,Local press,https://localpress.example/fct_000361_2,2025-11-08T16:00:00Z,True,0.94
fct_000362_1,acc_000362,product,Verva launched a mobile app for customers.,Press release,https://pressrelease.example/fct_000362_1,2024-04-30T16:00:00Z,True,0.74
fct_000362_2,acc_000362,expansion,"Verva announced its expansion to Arequipa, Peru.",Company website,https://companywebsite.example/fct_000362_2,2026-01-31T16:00:00Z,True,0.82
fct_000362_3,acc_000362,product,Verva launched a loyalty program.,LinkedIn (public profile),https://linkedinpublicprofile.example/fct_000362_3,2025-12-19T16:00:00Z,True,0.8
fct_000364_1,acc_000364,hiring,Culu posted 6 openings in finance and operations.,Local press,https://localpress.example/fct_000364_1,2026-04-15T16:00:00Z,True,0.77
fct_000364_2,acc_000364,hiring,Culu posted 12 openings in finance and operations.,Company website,https://companywebsite.example/fct_000364_2,2025-11-12T16:00:00Z,True,0.74
fct_000365_1,acc_000365,hiring,Alca posted 16 openings in finance and operations.,Company website,https://companywebsite.example/fct_000365_1,2026-09-05T16:00:00Z,True,0.73
fct_000365_2,acc_000365,tech_stack,Alca runs Oracle NetSuite as its ERP.,LinkedIn (public profile),https://linkedinpublicprofile.example/fct_000365_2,2026-05-16T16:00:00Z,True,0.91
fct_000365_3,acc_000365,pain_hypothesis,Hypothesis (inferred): reconciling travel and supplier expenses across several currencies likely means manual work.,Internal inference,https://internalinference.example/fct_000365_3,2026-08-08T16:00:00Z,False,0.56
fct_000365_4,acc_000365,product,Alca launched an online ordering platform.,Local press,https://localpress.example/fct_000365_4,2025-08-26T16:00:00Z,True,0.97
fct_000367_1,acc_000367,hiring,Trading Gibel posted 7 openings in finance and operations.,Company website,https://companywebsite.example/fct_000367_1,2026-01-16T16:00:00Z,True,0.79
fct_000367_2,acc_000367,tech_stack,Trading Gibel runs Defontana as its ERP.,Company website,https://companywebsite.example/fct_000367_2,2024-09-20T16:00:00Z,True,0.95
fct_000367_3,acc_000367,product,Trading Gibel launched a new premium product line.,LinkedIn (public profile),https://linkedinpublicprofile.example/fct_000367_3,2026-06-27T16:00:00Z,True,0.86
fct_000368_1,acc_000368,product,Pando launched a mobile app for customers.,Company website,https://companywebsite.example/fct_000368_1,2025-08-07T16:00:00Z,True,0.88
fct_000368_2,acc_000368,pain_hypothesis,Hypothesis (inferred): reconciling travel and supplier expenses across several currencies likely means manual work.,Internal inference,https://internalinference.example/fct_000368_2,2026-08-22T16:00:00Z,False,0.56
fct_000369_1,acc_000369,hiring,Minta posted 5 openings in finance and operations.,LinkedIn (public profile),https://linkedinpublicprofile.example/fct_000369_1,2025-12-04T16:00:00Z,True,0.83
fct_000369_2,acc_000369,hiring,Minta posted 10 openings in finance and operations.,LinkedIn (public profile),https://linkedinpublicprofile.example/fct_000369_2,2026-05-15T16:00:00Z,True,0.86
fct_000369_3,acc_000369,product,Minta launched a 24-hour delivery service.,Press release,https://pressrelease.example/fct_000369_3,2026-01-31T16:00:00Z,True,0.9
fct_000370_1,acc_000370,expansion,"Sani announced its expansion to Arequipa, Peru.",Local press,https://localpress.example/fct_000370_1,2026-08-14T16:00:00Z,True,0.81
fct_000371_1,acc_000371,pain_hypothesis,Hypothesis (inferred): reconciling travel and supplier expenses across several currencies likely means manual work.,Internal inference,https://internalinference.example/fct_000371_1,2026-05-02T16:00:00Z,False,0.5
fct_000372_1,acc_000372,product,Neba Beverages launched a loyalty program.,Press release,https://pressrelease.example/fct_000372_1,2026-07-03T16:00:00Z,True,0.88
fct_000373_1,acc_000373,hiring,Services Neix posted 21 openings in finance and operations.,LinkedIn (public profile),https://linkedinpublicprofile.example/fct_000373_1,2024-09-14T16:00:00Z,True,0.87
fct_000374_1,acc_000374,tech_stack,Nexto runs Contpaqi as its ERP.,Company website,https://companywebsite.example/fct_000374_1,2026-04-25T16:00:00Z,True,0.99
fct_000374_2,acc_000374,tech_stack,Nexto runs Defontana as its ERP.,Company website,https://companywebsite.example/fct_000374_2,2026-06-13T16:00:00Z,True,0.91
fct_000374_3,acc_000374,funding,Nexto closed a USD 13 million funding round.,Company website,https://companywebsite.example/fct_000374_3,2026-06-26T16:00:00Z,True,0.9
fct_000375_1,acc_000375,product,Group Lojo launched a new premium product line.,LinkedIn (public profile),https://linkedinpublicprofile.example/fct_000375_1,2026-06-25T16:00:00Z,True,0.91
fct_000376_1,acc_000376,hiring,Advisors Kaor posted 17 openings in finance and operations.,Company website,https://companywebsite.example/fct_000376_1,2025-11-07T16:00:00Z,True,0.93
fct_000376_2,acc_000376,news,Advisors Kaor was named one of the fastest-growing companies in Chile.,Company website,https://companywebsite.example/fct_000376_2,2026-05-02T16:00:00Z,True,0.81
fct_000377_1,acc_000377,hiring,Mover Farms posted 25 openings in finance and operations.,LinkedIn (public profile),https://linkedinpublicprofile.example/fct_000377_1,2026-08-19T16:00:00Z,True,0.86
fct_000377_2,acc_000377,hiring,Mover Farms posted 4 openings in finance and operations.,Press release,https://pressrelease.example/fct_000377_2,2026-03-19T16:00:00Z,True,0.76
fct_000377_3,acc_000377,expansion,"Mover Farms announced its expansion to Rosario, Argentina.",Company website,https://companywebsite.example/fct_000377_3,2026-03-18T16:00:00Z,True,0.9
fct_000379_1,acc_000379,product,Galix launched a mobile app for customers.,Press release,https://pressrelease.example/fct_000379_1,2026-01-12T16:00:00Z,True,0.77
fct_000380_1,acc_000380,tech_stack,Cici runs Odoo as its ERP.,LinkedIn (public profile),https://linkedinpublicprofile.example/fct_000380_1,2025-12-19T16:00:00Z,True,0.95
fct_000381_1,acc_000381,news,Jone was named one of the fastest-growing companies in Brazil.,LinkedIn (public profile),https://linkedinpublicprofile.example/fct_000381_1,2026-02-01T16:00:00Z,True,0.95
fct_000381_2,acc_000381,product,Jone launched a new premium product line.,Company website,https://companywebsite.example/fct_000381_2,2026-06-19T16:00:00Z,True,0.78
fct_000381_3,acc_000381,pain_hypothesis,Hypothesis (inferred): reconciling travel and supplier expenses across several currencies likely means manual work.,Internal inference,https://internalinference.example/fct_000381_3,2025-11-29T16:00:00Z,False,0.52
fct_000381_4,acc_000381,expansion,"Jone announced its expansion to Bogota, Colombia.",Local press,https://localpress.example/fct_000381_4,2024-10-23T16:00:00Z,True,0.8
fct_000382_1,acc_000382,expansion,"Group Cacu announced its expansion to Barranquilla, Colombia.",Press release,https://pressrelease.example/fct_000382_1,2026-05-31T16:00:00Z,True,0.74
fct_000383_1,acc_000383,news,Perpan Travel was named one of the fastest-growing companies in Brazil.,Company website,https://companywebsite.example/fct_000383_1,2026-03-31T16:00:00Z,True,0.83
fct_000384_1,acc_000384,hiring,Group Ixmar posted 14 openings in finance and operations.,LinkedIn (public profile),https://linkedinpublicprofile.example/fct_000384_1,2025-04-23T16:00:00Z,True,0.77
fct_000387_1,acc_000387,product,Group Doci launched a loyalty program.,LinkedIn (public profile),https://linkedinpublicprofile.example/fct_000387_1,2024-07-19T16:00:00Z,True,0.88
fct_000387_2,acc_000387,expansion,"Group Doci announced its expansion to Concepcion, Chile.",LinkedIn (public profile),https://linkedinpublicprofile.example/fct_000387_2,2026-04-18T16:00:00Z,True,0.94
fct_000387_3,acc_000387,product,Group Doci launched a loyalty program.,Company website,https://companywebsite.example/fct_000387_3,2024-12-19T16:00:00Z,True,0.84
fct_000391_1,acc_000391,funding,Basol closed a USD 23 million funding round.,Local press,https://localpress.example/fct_000391_1,2026-07-03T16:00:00Z,True,0.75
fct_000392_1,acc_000392,tech_stack,Sava runs Oracle NetSuite as its ERP.,Press release,https://pressrelease.example/fct_000392_1,2026-08-01T16:00:00Z,True,0.94
fct_000393_1,acc_000393,product,Roro Trading launched a new premium product line.,LinkedIn (public profile),https://linkedinpublicprofile.example/fct_000393_1,2026-06-17T16:00:00Z,True,0.72
fct_000394_1,acc_000394,pain_hypothesis,Hypothesis (inferred): reconciling travel and supplier expenses across several currencies likely means manual work.,Internal inference,https://internalinference.example/fct_000394_1,2025-11-20T16:00:00Z,False,0.59
fct_000396_1,acc_000396,hiring,Kafer Mercantile posted 12 openings in finance and operations.,Company website,https://companywebsite.example/fct_000396_1,2026-08-08T16:00:00Z,True,0.85
fct_000396_2,acc_000396,product,Kafer Mercantile launched a sustainable product line.,Local press,https://localpress.example/fct_000396_2,2025-12-12T16:00:00Z,True,0.97
fct_000396_3,acc_000396,tech_stack,Kafer Mercantile runs Bsale as its ERP.,LinkedIn (public profile),https://linkedinpublicprofile.example/fct_000396_3,2026-09-02T16:00:00Z,True,0.96
fct_000396_4,acc_000396,product,Kafer Mercantile launched a mobile app for customers.,LinkedIn (public profile),https://linkedinpublicprofile.example/fct_000396_4,2025-11-09T16:00:00Z,True,0.82
fct_000396_5,acc_000396,pain_hypothesis,Hypothesis (inferred): reconciling travel and supplier expenses across several currencies likely means manual work.,Internal inference,https://internalinference.example/fct_000396_5,2025-11-09T16:00:00Z,False,0.59
fct_000397_1,acc_000397,hiring,Capan Harvest posted 10 openings in finance and operations.,Press release,https://pressrelease.example/fct_000397_1,2026-01-28T16:00:00Z,True,0.74
fct_000398_1,acc_000398,tech_stack,Joix runs Siigo as its ERP.,Local press,https://localpress.example/fct_000398_1,2026-02-12T16:00:00Z,True,0.9
fct_000399_1,acc_000399,tech_stack,Group Citra runs Defontana as its ERP.,LinkedIn (public profile),https://linkedinpublicprofile.example/fct_000399_1,2026-06-01T16:00:00Z,True,0.83
fct_000399_2,acc_000399,news,Marma was named one of the fastest-growing companies in Colombia.,Local press,https://localpress.example/fct_000399_2,2026-09-04T16:00:00Z,True,0.97
fct_000399_3,acc_000399,news,Marma was named one of the fastest-growing companies in Colombia.,Company website,https://companywebsite.example/fct_000399_3,2025-06-25T16:00:00Z,True,0.96
fct_000400_1,acc_000400,news,Tech Marfo was named one of the fastest-growing companies in Peru.,Company website,https://companywebsite.example/fct_000400_1,2025-04-10T16:00:00Z,True,0.77
fct_000402_1,acc_000402,tech_stack,Mingal Services runs Contpaqi as its ERP.,LinkedIn (public profile),https://linkedinpublicprofile.example/fct_000402_1,2026-09-13T16:00:00Z,True,0.95
fct_000402_2,acc_000402,tech_stack,Mingal Services runs Contpaqi as its ERP.,Press release,https://pressrelease.example/fct_000402_2,2026-07-31T16:00:00Z,True,0.76
fct_000405_1,acc_000405,news,Travel Cici was named one of the fastest-growing companies in Mexico.,Local press,https://localpress.example/fct_000405_1,2025-05-02T16:00:00Z,True,0.85
fct_000405_2,acc_000405,pain_hypothesis,Hypothesis (inferred): reconciling travel and supplier expenses across several currencies likely means manual work.,Internal inference,https://internalinference.example/fct_000405_2,2026-06-12T16:00:00Z,False,0.45
fct_000405_3,acc_000405,expansion,"Travel Cici announced its expansion to Curitiba, Brazil.",LinkedIn (public profile),https://linkedinpublicprofile.example/fct_000405_3,2025-08-07T16:00:00Z,True,0.9
fct_000405_4,acc_000405,headcount,Travel Cici has approximately 2166 employees.,LinkedIn (public profile),https://linkedinpublicprofile.example/fct_000405_4,2026-08-19T16:00:00Z,True,0.75
fct_000406_1,acc_000406,hiring,Group Cial posted 13 openings in finance and operations.,LinkedIn (public profile),https://linkedinpublicprofile.example/fct_000406_1,2026-01-03T16:00:00Z,True,0.92
fct_000406_2,acc_000406,expansion,"Group Sacen announced its expansion to Concepcion, Chile.",LinkedIn (public profile),https://linkedinpublicprofile.example/fct_000406_2,2025-11-10T16:00:00Z,True,0.72
fct_000407_1,acc_000407,hiring,Group Cujo posted 15 openings in finance and operations.,Company website,https://companywebsite.example/fct_000407_1,2026-07-25T16:00:00Z,True,0.81
fct_000409_1,acc_000409,hiring,Lumer posted 21 openings in finance and operations.,Press release,https://pressrelease.example/fct_000409_1,2026-06-17T16:00:00Z,True,0.78
fct_000410_1,acc_000410,hiring,Group Dofo posted 3 openings in finance and operations.,Local press,https://localpress.example/fct_000410_1,2026-07-05T16:00:00Z,True,0.83
fct_000410_2,acc_000410,hiring,Group Dofo posted 17 openings in finance and operations.,Company website,https://companywebsite.example/fct_000410_2,2026-09-08T16:00:00Z,True,0.72
fct_000411_1,acc_000411,hiring,Group Nexma posted 8 openings in finance and operations.,LinkedIn (public profile),https://linkedinpublicprofile.example/fct_000411_1,2026-01-19T16:00:00Z,True,0.85
fct_000411_2,acc_000411,news,Group Nexma was named one of the fastest-growing companies in Mexico.,Local press,https://localpress.example/fct_000411_2,2024-12-20T16:00:00Z,True,0.98
fct_000411_3,acc_000411,news,Group Nexma was named one of the fastest-growing companies in Mexico.,LinkedIn (public profile),https://linkedinpublicprofile.example/fct_000411_3,2026-03-11T16:00:00Z,True,0.9
fct_000411_4,acc_000411,hiring,Group Nexma posted 7 openings in finance and operations.,Company website,https://companywebsite.example/fct_000411_4,2025-11-05T16:00:00Z,True,0.72
fct_000412_1,acc_000412,news,Group Belsol was named one of the fastest-growing companies in Peru.,Company website,https://companywebsite.example/fct_000412_1,2024-11-24T16:00:00Z,True,0.99
fct_000413_1,acc_000413,tech_stack,Group Tormar runs Totvs as its ERP.,Company website,https://companywebsite.example/fct_000413_1,2026-05-23T16:00:00Z,True,0.82
fct_000414_1,acc_000414,product,Rifo launched a 24-hour delivery service.,LinkedIn (public profile),https://linkedinpublicprofile.example/fct_000414_1,2026-07-20T16:00:00Z,True,0.74
fct_000415_1,acc_000415,expansion,"Tenpan Institute announced its expansion to Cali, Colombia.",Local press,https://localpress.example/fct_000415_1,2026-09-15T16:00:00Z,True,0.93
fct_000415_2,acc_000415,hiring,Tenpan Institute posted 11 openings in finance and operations.,Local press,https://localpress.example/fct_000415_2,2024-04-25T16:00:00Z,True,0.79
fct_000415_3,acc_000415,news,Tenpan Institute was named one of the fastest-growing companies in Mexico.,Local press,https://localpress.example/fct_000415_3,2026-03-15T16:00:00Z,True,0.89
fct_000415_4,acc_000415,news,Tenpan Institute was named one of the fastest-growing companies in Mexico.,LinkedIn (public profile),https://linkedinpublicprofile.example/fct_000415_4,2026-08-28T16:00:00Z,True,0.96
fct_000416_1,acc_000416,expansion,"Lisri Mercantile announced its expansion to Buenos Aires, Argentina.",LinkedIn (public profile),https://linkedinpublicprofile.example/fct_000416_1,2026-07-04T16:00:00Z,True,0.77
fct_000416_2,acc_000416,news,Lisri Mercantile was named one of the fastest-growing companies in Mexico.,Press release,https://pressrelease.example/fct_000416_2,2025-02-21T16:00:00Z,True,0.82
fct_000416_3,acc_000416,headcount,Lisri Mercantile has approximately 490 employees.,Company website,https://companywebsite.example/fct_000416_3,2026-08-30T16:00:00Z,True,0.78
fct_000417_1,acc_000417,headcount,Samo Builders has approximately 88 employees.,LinkedIn (public profile),https://linkedinpublicprofile.example/fct_000417_1,2026-03-23T16:00:00Z,True,0.92
fct_000418_1,acc_000418,expansion,"Cenver announced its expansion to Puebla, Mexico.",Company website,https://companywebsite.example/fct_000418_1,2026-03-18T16:00:00Z,True,0.84
fct_000418_2,acc_000418,news,Cenver was named one of the fastest-growing companies in Brazil.,Local press,https://localpress.example/fct_000418_2,2026-07-24T16:00:00Z,True,0.95
fct_000418_3,acc_000418,tech_stack,Cenver runs Odoo as its ERP.,LinkedIn (public profile),https://linkedinpublicprofile.example/fct_000418_3,2026-06-29T16:00:00Z,True,0.96
fct_000419_1,acc_000419,hiring,Freight Rior posted 5 openings in finance and operations.,LinkedIn (public profile),https://linkedinpublicprofile.example/fct_000419_1,2026-01-08T16:00:00Z,True,0.9
fct_000419_2,acc_000419,pain_hypothesis,Hypothesis (inferred): reconciling travel and supplier expenses across several currencies likely means manual work.,Internal inference,https://internalinference.example/fct_000419_2,2026-03-21T16:00:00Z,False,0.56
fct_000419_3,acc_000419,hiring,Freight Rior posted 7 openings in finance and operations.,LinkedIn (public profile),https://linkedinpublicprofile.example/fct_000419_3,2026-09-09T16:00:00Z,True,0.74
fct_000421_1,acc_000421,expansion,"Group Doar announced its expansion to Medellin, Colombia.",Local press,https://localpress.example/fct_000421_1,2026-07-02T16:00:00Z,True,0.7
fct_000422_1,acc_000422,tech_stack,Group Perem runs Siigo as its ERP.,Press release,https://pressrelease.example/fct_000422_1,2026-02-22T16:00:00Z,True,0.79
fct_000423_1,acc_000423,news,Tech Luma was named one of the fastest-growing companies in Brazil.,LinkedIn (public profile),https://linkedinpublicprofile.example/fct_000423_1,2024-09-04T16:00:00Z,True,0.93
fct_000423_2,acc_000423,pain_hypothesis,Hypothesis (inferred): reconciling travel and supplier expenses across several currencies likely means manual work.,Internal inference,https://internalinference.example/fct_000423_2,2026-08-24T16:00:00Z,False,0.53
fct_000423_3,acc_000423,hiring,Tech Luma posted 14 openings in finance and operations.,Press release,https://pressrelease.example/fct_000423_3,2026-09-26T16:00:00Z,True,0.82
fct_000424_1,acc_000424,news,Marketing Saar was named one of the fastest-growing companies in Brazil.,Local press,https://localpress.example/fct_000424_1,2026-05-16T16:00:00Z,True,0.74
fct_000424_2,acc_000424,product,Marketing Saar launched a sustainable product line.,Press release,https://pressrelease.example/fct_000424_2,2026-08-30T16:00:00Z,True,0.82
fct_000424_3,acc_000424,news,Marketing Saar was named one of the fastest-growing companies in Brazil.,Company website,https://companywebsite.example/fct_000424_3,2024-05-10T16:00:00Z,True,0.88
fct_000425_1,acc_000425,pain_hypothesis,Hypothesis (inferred): reconciling travel and supplier expenses across several currencies likely means manual work.,Internal inference,https://internalinference.example/fct_000425_1,2026-04-28T16:00:00Z,False,0.49
fct_000425_2,acc_000425,product,Niba launched a 24-hour delivery service.,LinkedIn (public profile),https://linkedinpublicprofile.example/fct_000425_2,2026-07-21T16:00:00Z,True,0.76
fct_000425_3,acc_000425,tech_stack,Niba runs Bsale as its ERP.,Company website,https://companywebsite.example/fct_000425_3,2026-01-26T16:00:00Z,True,0.83
fct_000425_4,acc_000425,pain_hypothesis,Hypothesis (inferred): reconciling travel and supplier expenses across several currencies likely means manual work.,Internal inference,https://internalinference.example/fct_000425_4,2026-02-12T16:00:00Z,False,0.4
fct_000425_5,acc_000425,expansion,"Niba announced its expansion to Rosario, Argentina.",Press release,https://pressrelease.example/fct_000425_5,2026-01-30T16:00:00Z,True,0.94
fct_000426_1,acc_000426,headcount,Luvi Tech has approximately 66 employees.,LinkedIn (public profile),https://linkedinpublicprofile.example/fct_000426_1,2026-02-08T16:00:00Z,True,0.82
fct_000426_2,acc_000426,news,Luvi Tech was named one of the fastest-growing companies in Argentina.,Local press,https://localpress.example/fct_000426_2,2026-01-15T16:00:00Z,True,0.77
fct_000428_1,acc_000428,hiring,Cencen posted 8 openings in finance and operations.,Company website,https://companywebsite.example/fct_000428_1,2025-12-12T16:00:00Z,True,0.92
fct_000428_2,acc_000428,news,Cencen was named one of the fastest-growing companies in Mexico.,Local press,https://localpress.example/fct_000428_2,2026-03-17T16:00:00Z,True,0.75
fct_000429_1,acc_000429,expansion,"Kaix Advisors announced its expansion to Sao Paulo, Brazil.",Press release,https://pressrelease.example/fct_000429_1,2026-05-31T16:00:00Z,True,0.71
fct_000429_2,acc_000429,hiring,Kaix Advisors posted 5 openings in finance and operations.,LinkedIn (public profile),https://linkedinpublicprofile.example/fct_000429_2,2024-09-01T16:00:00Z,True,0.86
fct_000433_1,acc_000433,hiring,Alpi Realty posted 7 openings in finance and operations.,Local press,https://localpress.example/fct_000433_1,2026-03-23T16:00:00Z,True,0.96
fct_000433_2,acc_000433,tech_stack,Alpi Realty runs Defontana as its ERP.,LinkedIn (public profile),https://linkedinpublicprofile.example/fct_000433_2,2024-05-12T16:00:00Z,True,0.77
fct_000435_1,acc_000435,expansion,"Group Mover announced its expansion to Medellin, Colombia.",Local press,https://localpress.example/fct_000435_1,2025-04-27T16:00:00Z,True,0.76
fct_000438_1,acc_000438,news,Manufacturing Verka was named one of the fastest-growing companies in Brazil.,Press release,https://pressrelease.example/fct_000438_1,2026-06-29T16:00:00Z,True,0.71
fct_000438_2,acc_000438,product,Manufacturing Verka launched a 24-hour delivery service.,Local press,https://localpress.example/fct_000438_2,2026-02-16T16:00:00Z,True,0.82
fct_000438_3,acc_000438,expansion,"Manufacturing Verka announced its expansion to Medellin, Colombia.",LinkedIn (public profile),https://linkedinpublicprofile.example/fct_000438_3,2026-01-07T16:00:00Z,True,0.89
fct_000438_4,acc_000438,hiring,Manufacturing Verka posted 5 openings in finance and operations.,LinkedIn (public profile),https://linkedinpublicprofile.example/fct_000438_4,2026-01-13T16:00:00Z,True,0.88
fct_000438_5,acc_000438,tech_stack,Manufacturing Verka runs Oracle NetSuite as its ERP.,Company website,https://companywebsite.example/fct_000438_5,2025-05-17T16:00:00Z,True,0.96
fct_000439_1,acc_000439,hiring,Samo Tech posted 11 openings in finance and operations.,LinkedIn (public profile),https://linkedinpublicprofile.example/fct_000439_1,2026-03-30T16:00:00Z,True,0.72
fct_000439_2,acc_000439,hiring,Group Ixem posted 22 openings in finance and operations.,LinkedIn (public profile),https://linkedinpublicprofile.example/fct_000439_2,2026-05-07T16:00:00Z,True,0.72
fct_000439_3,acc_000439,funding,Samo Tech closed a USD 38 million funding round.,Company website,https://companywebsite.example/fct_000439_3,2026-05-25T16:00:00Z,True,0.84
fct_000440_1,acc_000440,headcount,Solor Harvest has approximately 432 employees.,LinkedIn (public profile),https://linkedinpublicprofile.example/fct_000440_1,2026-06-06T16:00:00Z,True,0.85
fct_000440_2,acc_000440,news,Solor Harvest was named one of the fastest-growing companies in Brazil.,Company website,https://companywebsite.example/fct_000440_2,2026-07-14T16:00:00Z,True,0.76
fct_000440_3,acc_000440,hiring,Solor Harvest posted 13 openings in finance and operations.,LinkedIn (public profile),https://linkedinpublicprofile.example/fct_000440_3,2026-06-10T16:00:00Z,True,0.97
fct_000442_1,acc_000442,expansion,"Lunex Logistics announced its expansion to Lima, Peru.",Local press,https://localpress.example/fct_000442_1,2026-07-31T16:00:00Z,True,0.96
fct_000442_2,acc_000442,news,Lunex Logistics was named one of the fastest-growing companies in Colombia.,Company website,https://companywebsite.example/fct_000442_2,2025-11-28T16:00:00Z,True,0.93
fct_000442_3,acc_000442,product,Lunex Logistics launched a mobile app for customers.,LinkedIn (public profile),https://linkedinpublicprofile.example/fct_000442_3,2026-07-04T16:00:00Z,True,0.73
fct_000442_4,acc_000442,expansion,"Lunex Logistics announced its expansion to Valparaiso, Chile.",Local press,https://localpress.example/fct_000442_4,2026-01-12T16:00:00Z,True,0.88
fct_000445_1,acc_000445,pain_hypothesis,Hypothesis (inferred): reconciling travel and supplier expenses across several currencies likely means manual work.,Internal inference,https://internalinference.example/fct_000445_1,2026-09-05T16:00:00Z,False,0.54
fct_000446_1,acc_000446,expansion,"Retail Pido announced its expansion to Porto Alegre, Brazil.",Local press,https://localpress.example/fct_000446_1,2026-04-22T16:00:00Z,True,0.86
fct_000446_2,acc_000446,pain_hypothesis,Hypothesis (inferred): reconciling travel and supplier expenses across several currencies likely means manual work.,Internal inference,https://internalinference.example/fct_000446_2,2026-04-18T16:00:00Z,False,0.57
fct_000446_3,acc_000446,hiring,Retail Pido posted 5 openings in finance and operations.,Company website,https://companywebsite.example/fct_000446_3,2026-03-27T16:00:00Z,True,0.9
fct_000447_1,acc_000447,expansion,"Cenqui Builders announced its expansion to Guadalajara, Mexico.",Company website,https://companywebsite.example/fct_000447_1,2026-04-10T16:00:00Z,True,0.97
fct_000447_2,acc_000447,product,Cenqui Builders launched an online ordering platform.,Press release,https://pressrelease.example/fct_000447_2,2026-07-18T16:00:00Z,True,0.77
fct_000447_3,acc_000447,tech_stack,Cenqui Builders runs Siigo as its ERP.,Local press,https://localpress.example/fct_000447_3,2026-01-27T16:00:00Z,True,0.86
fct_000448_1,acc_000448,headcount,Hotels Ricu has approximately 248 employees.,Press release,https://pressrelease.example/fct_000448_1,2026-03-04T16:00:00Z,True,0.95
fct_000449_1,acc_000449,news,Ixtor Media was named one of the fastest-growing companies in Mexico.,LinkedIn (public profile),https://linkedinpublicprofile.example/fct_000449_1,2026-03-03T16:00:00Z,True,0.71
fct_000449_2,acc_000449,news,Ixtor Media was named one of the fastest-growing companies in Mexico.,Press release,https://pressrelease.example/fct_000449_2,2026-04-29T16:00:00Z,True,0.78
fct_000450_1,acc_000450,expansion,"Yratra announced its expansion to Rio de Janeiro, Brazil.",Local press,https://localpress.example/fct_000450_1,2026-03-02T16:00:00Z,True,0.92
fct_000450_2,acc_000450,tech_stack,Yratra runs Bsale as its ERP.,Press release,https://pressrelease.example/fct_000450_2,2026-02-15T16:00:00Z,True,0.91
fct_000450_3,acc_000450,news,Yratra was named one of the fastest-growing companies in Mexico.,Press release,https://pressrelease.example/fct_000450_3,2026-07-14T16:00:00Z,True,0.83
fct_000450_4,acc_000450,hiring,Yratra posted 14 openings in finance and operations.,Company website,https://companywebsite.example/fct_000450_4,2026-09-15T16:00:00Z,True,0.84
fct_000451_1,acc_000451,pain_hypothesis,Hypothesis (inferred): reconciling travel and supplier expenses across several currencies likely means manual work.,Internal inference,https://internalinference.example/fct_000451_1,2026-09-17T16:00:00Z,False,0.55
fct_000451_2,acc_000451,hiring,Services Cenma posted 18 openings in finance and operations.,Company website,https://companywebsite.example/fct_000451_2,2024-11-27T16:00:00Z,True,0.97
fct_000451_3,acc_000451,news,Services Cenma was named one of the fastest-growing companies in Mexico.,LinkedIn (public profile),https://linkedinpublicprofile.example/fct_000451_3,2026-06-19T16:00:00Z,True,0.98
fct_000452_1,acc_000452,hiring,Ulsol Systems posted 4 openings in finance and operations.,Press release,https://pressrelease.example/fct_000452_1,2024-09-26T16:00:00Z,True,0.96
fct_000453_1,acc_000453,expansion,"Toem Digital announced its expansion to Belo Horizonte, Brazil.",Company website,https://companywebsite.example/fct_000453_1,2024-09-23T16:00:00Z,True,0.94
fct_000453_2,acc_000453,hiring,Toem Digital posted 23 openings in finance and operations.,LinkedIn (public profile),https://linkedinpublicprofile.example/fct_000453_2,2025-11-06T16:00:00Z,True,0.93
fct_000453_3,acc_000453,product,Toem Digital launched a 24-hour delivery service.,Local press,https://localpress.example/fct_000453_3,2025-03-13T16:00:00Z,True,0.82
fct_000454_1,acc_000454,tech_stack,Gourmet Ferbel runs Oracle NetSuite as its ERP.,Press release,https://pressrelease.example/fct_000454_1,2026-02-05T16:00:00Z,True,0.95
fct_000455_1,acc_000455,expansion,"Industries Safer announced its expansion to Lima, Peru.",Local press,https://localpress.example/fct_000455_1,2026-01-20T16:00:00Z,True,0.84
fct_000457_1,acc_000457,tech_stack,Cimo Gourmet runs Totvs as its ERP.,Local press,https://localpress.example/fct_000457_1,2026-06-18T16:00:00Z,True,0.71
fct_000457_2,acc_000457,product,Cimo Gourmet launched a sustainable product line.,Press release,https://pressrelease.example/fct_000457_2,2026-09-12T16:00:00Z,True,0.74
fct_000457_3,acc_000457,hiring,Cimo Gourmet posted 21 openings in finance and operations.,Company website,https://companywebsite.example/fct_000457_3,2026-09-24T16:00:00Z,True,0.72
fct_000458_1,acc_000458,news,Group Tapan was named one of the fastest-growing companies in Mexico.,Press release,https://pressrelease.example/fct_000458_1,2024-06-01T16:00:00Z,True,0.94
fct_000458_2,acc_000458,news,Group Tapan was named one of the fastest-growing companies in Mexico.,Company website,https://companywebsite.example/fct_000458_2,2026-01-14T16:00:00Z,True,0.98
fct_000458_3,acc_000458,news,Group Tapan was named one of the fastest-growing companies in Mexico.,LinkedIn (public profile),https://linkedinpublicprofile.example/fct_000458_3,2026-01-17T16:00:00Z,True,0.78
fct_000458_4,acc_000458,product,Group Tapan launched a 24-hour delivery service.,Press release,https://pressrelease.example/fct_000458_4,2024-05-25T16:00:00Z,True,0.73
fct_000462_1,acc_000462,expansion,"Group Mofo announced its expansion to Leon, Mexico.",Press release,https://pressrelease.example/fct_000462_1,2026-04-18T16:00:00Z,True,0.82
fct_000462_2,acc_000462,product,Group Mofo launched a 24-hour delivery service.,Press release,https://pressrelease.example/fct_000462_2,2025-06-06T16:00:00Z,True,0.98
fct_000462_3,acc_000462,tech_stack,Group Mofo runs Siigo as its ERP.,LinkedIn (public profile),https://linkedinpublicprofile.example/fct_000462_3,2026-03-16T16:00:00Z,True,0.78
fct_000462_4,acc_000462,news,Group Mofo was named one of the fastest-growing companies in Colombia.,Local press,https://localpress.example/fct_000462_4,2025-04-15T16:00:00Z,True,0.84
fct_000463_1,acc_000463,hiring,Ulmar Clinic posted 6 openings in finance and operations.,LinkedIn (public profile),https://linkedinpublicprofile.example/fct_000463_1,2026-01-29T16:00:00Z,True,0.87
fct_000467_1,acc_000467,tech_stack,Group Doten runs Totvs as its ERP.,Company website,https://companywebsite.example/fct_000467_1,2026-01-26T16:00:00Z,True,0.99
fct_000468_1,acc_000468,news,Group Dortra was named one of the fastest-growing companies in Mexico.,LinkedIn (public profile),https://linkedinpublicprofile.example/fct_000468_1,2025-11-28T16:00:00Z,True,0.74
fct_000468_2,acc_000468,hiring,Trading Bapan posted 8 openings in finance and operations.,LinkedIn (public profile),https://linkedinpublicprofile.example/fct_000468_2,2026-08-11T16:00:00Z,True,0.86
fct_000468_3,acc_000468,news,Group Dortra was named one of the fastest-growing companies in Mexico.,Local press,https://localpress.example/fct_000468_3,2026-08-26T16:00:00Z,True,0.73
fct_000468_4,acc_000468,product,Group Dortra launched a sustainable product line.,Company website,https://companywebsite.example/fct_000468_4,2026-08-04T16:00:00Z,True,0.95
fct_000469_1,acc_000469,news,Group Nezu was named one of the fastest-growing companies in Mexico.,Local press,https://localpress.example/fct_000469_1,2025-07-04T16:00:00Z,True,0.98
fct_000470_1,acc_000470,tech_stack,Tonex Beverages runs Siigo as its ERP.,Press release,https://pressrelease.example/fct_000470_1,2024-12-20T16:00:00Z,True,0.71
fct_000470_2,acc_000470,news,Tonex Beverages was named one of the fastest-growing companies in Colombia.,Local press,https://localpress.example/fct_000470_2,2026-09-12T16:00:00Z,True,0.71
fct_000470_3,acc_000470,tech_stack,Tonex Beverages runs Oracle NetSuite as its ERP.,Local press,https://localpress.example/fct_000470_3,2026-06-10T16:00:00Z,True,0.96
fct_000471_1,acc_000471,news,Panver was named one of the fastest-growing companies in Colombia.,LinkedIn (public profile),https://linkedinpublicprofile.example/fct_000471_1,2024-07-21T16:00:00Z,True,0.88
fct_000471_2,acc_000471,pain_hypothesis,Hypothesis (inferred): reconciling travel and supplier expenses across several currencies likely means manual work.,Internal inference,https://internalinference.example/fct_000471_2,2026-07-14T16:00:00Z,False,0.48
fct_000472_1,acc_000472,pain_hypothesis,Hypothesis (inferred): reconciling travel and supplier expenses across several currencies likely means manual work.,Internal inference,https://internalinference.example/fct_000472_1,2026-05-07T16:00:00Z,False,0.4
fct_000473_1,acc_000473,news,Group Gicen was named one of the fastest-growing companies in Mexico.,Press release,https://pressrelease.example/fct_000473_1,2025-06-10T16:00:00Z,True,0.75
fct_000473_2,acc_000473,expansion,"Group Gicen announced its expansion to Porto Alegre, Brazil.",Company website,https://companywebsite.example/fct_000473_2,2026-02-14T16:00:00Z,True,0.72
fct_000473_3,acc_000473,news,Group Gicen was named one of the fastest-growing companies in Mexico.,Local press,https://localpress.example/fct_000473_3,2025-12-02T16:00:00Z,True,0.78
fct_000473_4,acc_000473,hiring,Group Gicen posted 21 openings in finance and operations.,LinkedIn (public profile),https://linkedinpublicprofile.example/fct_000473_4,2024-06-13T16:00:00Z,True,0.76
fct_000474_1,acc_000474,tech_stack,Fersa Medical runs Totvs as its ERP.,Press release,https://pressrelease.example/fct_000474_1,2025-01-25T16:00:00Z,True,0.84
fct_000474_2,acc_000474,expansion,"Fersa Medical announced its expansion to Barranquilla, Colombia.",Company website,https://companywebsite.example/fct_000474_2,2026-09-20T16:00:00Z,True,0.76
fct_000474_3,acc_000474,news,Fersa Medical was named one of the fastest-growing companies in Brazil.,LinkedIn (public profile),https://linkedinpublicprofile.example/fct_000474_3,2026-04-03T16:00:00Z,True,0.85
fct_000474_4,acc_000474,hiring,Fersa Medical posted 20 openings in finance and operations.,Local press,https://localpress.example/fct_000474_4,2024-10-20T16:00:00Z,True,0.93
fct_000475_1,acc_000475,pain_hypothesis,Hypothesis (inferred): reconciling travel and supplier expenses across several currencies likely means manual work.,Internal inference,https://internalinference.example/fct_000475_1,2026-09-19T16:00:00Z,False,0.47
fct_000476_1,acc_000476,expansion,"Moyra Industries announced its expansion to Cali, Colombia.",Press release,https://pressrelease.example/fct_000476_1,2026-09-26T16:00:00Z,True,0.89
fct_000478_1,acc_000478,tech_stack,Group Cutra runs Bsale as its ERP.,Company website,https://companywebsite.example/fct_000478_1,2026-03-28T16:00:00Z,True,0.77
fct_000478_2,acc_000478,product,Group Cutra launched a mobile app for customers.,LinkedIn (public profile),https://linkedinpublicprofile.example/fct_000478_2,2026-05-29T16:00:00Z,True,0.99
fct_000478_3,acc_000478,hiring,Group Cutra posted 9 openings in finance and operations.,LinkedIn (public profile),https://linkedinpublicprofile.example/fct_000478_3,2025-11-18T16:00:00Z,True,0.94
fct_000478_4,acc_000478,product,Group Cutra launched a 24-hour delivery service.,LinkedIn (public profile),https://linkedinpublicprofile.example/fct_000478_4,2025-12-03T16:00:00Z,True,0.82
fct_000479_1,acc_000479,product,Group Tozu launched a sustainable product line.,Company website,https://companywebsite.example/fct_000479_1,2026-05-22T16:00:00Z,True,0.81
fct_000479_2,acc_000479,news,Group Tozu was named one of the fastest-growing companies in Chile.,Local press,https://localpress.example/fct_000479_2,2026-01-09T16:00:00Z,True,0.91
fct_000481_1,acc_000481,news,Soldo Manufacturing was named one of the fastest-growing companies in Colombia.,Company website,https://companywebsite.example/fct_000481_1,2026-01-12T16:00:00Z,True,0.75
fct_000481_2,acc_000481,hiring,Soldo Manufacturing posted 7 openings in finance and operations.,Company website,https://companywebsite.example/fct_000481_2,2026-04-04T16:00:00Z,True,0.8
fct_000481_3,acc_000481,expansion,"Soldo Manufacturing announced its expansion to Buenos Aires, Argentina.",Local press,https://localpress.example/fct_000481_3,2024-05-10T16:00:00Z,True,0.8
fct_000481_4,acc_000481,expansion,"Soldo Manufacturing announced its expansion to Rio de Janeiro, Brazil.",Local press,https://localpress.example/fct_000481_4,2026-06-18T16:00:00Z,True,0.8
fct_000482_1,acc_000482,hiring,Domer posted 9 openings in finance and operations.,Local press,https://localpress.example/fct_000482_1,2026-09-04T16:00:00Z,True,0.77
fct_000482_2,acc_000482,hiring,Domer posted 16 openings in finance and operations.,Company website,https://companywebsite.example/fct_000482_2,2026-02-11T16:00:00Z,True,0.83
fct_000483_1,acc_000483,expansion,"Liszu Cargo announced its expansion to Tijuana, Mexico.",Local press,https://localpress.example/fct_000483_1,2025-11-28T16:00:00Z,True,0.86
fct_000484_1,acc_000484,pain_hypothesis,Hypothesis (inferred): reconciling travel and supplier expenses across several currencies likely means manual work.,Internal inference,https://internalinference.example/fct_000484_1,2026-04-14T16:00:00Z,False,0.52
fct_000484_2,acc_000484,expansion,"Merci announced its expansion to Arequipa, Peru.",Company website,https://companywebsite.example/fct_000484_2,2026-05-11T16:00:00Z,True,0.79
fct_000485_1,acc_000485,expansion,"Dormin announced its expansion to Santiago, Chile.",Local press,https://localpress.example/fct_000485_1,2026-07-13T16:00:00Z,True,0.93
fct_000485_2,acc_000485,news,Dormin was named one of the fastest-growing companies in Mexico.,Company website,https://companywebsite.example/fct_000485_2,2025-08-01T16:00:00Z,True,0.98
fct_000486_1,acc_000486,product,Magi Beverages launched an online ordering platform.,Company website,https://companywebsite.example/fct_000486_1,2026-06-24T16:00:00Z,True,0.85
fct_000486_2,acc_000486,product,Magi Beverages launched a 24-hour delivery service.,Local press,https://localpress.example/fct_000486_2,2026-09-06T16:00:00Z,True,0.83
fct_000488_1,acc_000488,product,Minnex Clinic launched a mobile app for customers.,Press release,https://pressrelease.example/fct_000488_1,2026-03-28T16:00:00Z,True,0.73
fct_000488_2,acc_000488,product,Minnex Clinic launched a new premium product line.,Local press,https://localpress.example/fct_000488_2,2026-08-29T16:00:00Z,True,0.98
fct_000489_1,acc_000489,tech_stack,Tech Vayra runs Odoo as its ERP.,Company website,https://companywebsite.example/fct_000489_1,2026-04-03T16:00:00Z,True,0.87
fct_000489_2,acc_000489,product,Tech Vayra launched a mobile app for customers.,Local press,https://localpress.example/fct_000489_2,2026-02-03T16:00:00Z,True,0.83
fct_000489_3,acc_000489,news,Tech Vayra was named one of the fastest-growing companies in Mexico.,Company website,https://companywebsite.example/fct_000489_3,2026-03-29T16:00:00Z,True,0.92
fct_000489_4,acc_000489,hiring,Tech Vayra posted 3 openings in finance and operations.,LinkedIn (public profile),https://linkedinpublicprofile.example/fct_000489_4,2026-03-06T16:00:00Z,True,0.85
fct_000489_5,acc_000489,news,Tech Vayra was named one of the fastest-growing companies in Mexico.,Company website,https://companywebsite.example/fct_000489_5,2024-12-02T16:00:00Z,True,0.74
fct_000490_1,acc_000490,pain_hypothesis,Hypothesis (inferred): reconciling travel and supplier expenses across several currencies likely means manual work.,Internal inference,https://internalinference.example/fct_000490_1,2026-03-03T16:00:00Z,False,0.6
fct_000491_1,acc_000491,hiring,Bapan Digital posted 23 openings in finance and operations.,Company website,https://companywebsite.example/fct_000491_1,2025-11-17T16:00:00Z,True,0.73
fct_000491_2,acc_000491,news,Plastics Tramar was named one of the fastest-growing companies in Mexico.,LinkedIn (public profile),https://linkedinpublicprofile.example/fct_000491_2,2026-09-05T16:00:00Z,True,0.76
fct_000492_1,acc_000492,expansion,"Motor Gourmet announced its expansion to Bogota, Colombia.",Company website,https://companywebsite.example/fct_000492_1,2026-02-08T16:00:00Z,True,0.9
fct_000492_2,acc_000492,hiring,Motor Gourmet posted 14 openings in finance and operations.,Company website,https://companywebsite.example/fct_000492_2,2024-12-08T16:00:00Z,True,0.86
fct_000492_3,acc_000492,tech_stack,Motor Gourmet runs Odoo as its ERP.,Press release,https://pressrelease.example/fct_000492_3,2026-03-27T16:00:00Z,True,0.95
fct_000492_4,acc_000492,pain_hypothesis,Hypothesis (inferred): reconciling travel and supplier expenses across several currencies likely means manual work.,Internal inference,https://internalinference.example/fct_000492_4,2025-12-20T16:00:00Z,False,0.49
fct_000492_5,acc_000492,product,Motor Gourmet launched a new premium product line.,Company website,https://companywebsite.example/fct_000492_5,2025-12-08T16:00:00Z,True,0.93
fct_000493_1,acc_000493,hiring,Giri posted 12 openings in finance and operations.,LinkedIn (public profile),https://linkedinpublicprofile.example/fct_000493_1,2026-08-19T16:00:00Z,True,0.96
fct_000495_1,acc_000495,news,Arver was named one of the fastest-growing companies in Mexico.,Local press,https://localpress.example/fct_000495_1,2026-04-05T16:00:00Z,True,0.92
fct_000495_2,acc_000495,expansion,"Arver announced its expansion to Cordoba, Argentina.",Local press,https://localpress.example/fct_000495_2,2024-07-16T16:00:00Z,True,0.97
fct_000498_1,acc_000498,hiring,Perci posted 3 openings in finance and operations.,LinkedIn (public profile),https://linkedinpublicprofile.example/fct_000498_1,2026-07-02T16:00:00Z,True,0.87
fct_000498_2,acc_000498,expansion,"Perci announced its expansion to Sao Paulo, Brazil.",Press release,https://pressrelease.example/fct_000498_2,2025-12-17T16:00:00Z,True,0.86
fct_000498_3,acc_000498,hiring,Perci posted 23 openings in finance and operations.,Company website,https://companywebsite.example/fct_000498_3,2026-08-05T16:00:00Z,True,0.71
fct_000499_1,acc_000499,expansion,"Systems Pergi announced its expansion to Porto Alegre, Brazil.",Press release,https://pressrelease.example/fct_000499_1,2025-12-23T16:00:00Z,True,0.93
fct_000499_2,acc_000499,news,Systems Pergi was named one of the fastest-growing companies in Colombia.,Local press,https://localpress.example/fct_000499_2,2025-05-02T16:00:00Z,True,0.91
fct_000500_1,acc_000500,tech_stack,Cudor runs Oracle NetSuite as its ERP.,Local press,https://localpress.example/fct_000500_1,2026-05-27T16:00:00Z,True,0.86
fct_000500_2,acc_000500,hiring,Cudor posted 15 openings in finance and operations.,Company website,https://companywebsite.example/fct_000500_2,2026-09-06T16:00:00Z,True,0.79
fct_000061_1,acc_000061,news,GALIX was named one of the fastest-growing companies in Brazil.,Press release,https://pressrelease.example/fct_000061_1,2025-05-05T16:00:00Z,True,0.75
fct_000130_1,acc_000130,news,Cimo Gourmet (Matriz) was named one of the fastest-growing companies in Colombia.,Press release,https://pressrelease.example/fct_000130_1,2026-01-07T16:00:00Z,True,0.75
fct_000241_1,acc_000241,pain_hypothesis,Hypothesis (inferred): reconciling travel and supplier expenses across several currencies likely means manual work.,Internal inference,https://internalinference.example/fct_000241_1,2026-03-23T16:00:00Z,False,0.48
fct_000241_2,acc_000241,tech_stack,HEALTH MOCEN runs Siigo as its ERP.,Company website,https://companywebsite.example/fct_000241_2,2024-10-19T16:00:00Z,True,0.76
fct_000323_1,acc_000323,tech_stack,Pior Realty SAS runs Defontana as its ERP.,Press release,https://pressrelease.example/fct_000323_1,2025-01-10T16:00:00Z,True,0.82
fct_000331_1,acc_000331,product,Nexper launched a loyalty program.,Press release,https://pressrelease.example/fct_000331_1,2026-07-05T16:00:00Z,True,0.74
fct_000363_1,acc_000363,expansion,"ULSOL SYSTEMS announced its expansion to Queretaro, Mexico.",Press release,https://pressrelease.example/fct_000363_1,2024-10-25T16:00:00Z,True,0.92
fct_000363_2,acc_000363,expansion,"ULSOL SYSTEMS announced its expansion to Arequipa, Peru.",Press release,https://pressrelease.example/fct_000363_2,2025-11-18T16:00:00Z,True,0.75
fct_000466_1,acc_000466,hiring,Gifer Harvest SAPI de CV posted 24 openings in finance and operations.,Press release,https://pressrelease.example/fct_000466_1,2025-11-12T16:00:00Z,True,0.91
fct_000466_2,acc_000466,news,Gifer Harvest SAPI de CV was named one of the fastest-growing companies in Mexico.,Company website,https://companywebsite.example/fct_000466_2,2026-01-04T16:00:00Z,True,0.87
