contact_id,account_id,first_name,last_name,email,email_status,title,function,seniority,language,linkedin_url,last_verified_at,created_at
con_000001_1,acc_000001,Fernanda,Nascimento,fernanda.nascimento@tovi.br.example,valid,Director of Treasury,finance,director,en,https://linkedin.example/in/fernanda-nascimento-247,2026-05-13T16:00:00Z,2024-07-16T16:00:00Z
con_000002_1,acc_000002,Julián,Zamora,julian.zamora@mamar.cl.example,valid,Systems Analyst,it,ic,en,https://linkedin.example/in/julian-zamora-560,2026-05-22T16:00:00Z,2024-07-11T16:00:00Z
con_000003_1,acc_000003,Manuel,Quintero,manuel.quintero@sacen.mx.example,valid,VP of Finance,finance,vp,en,https://linkedin.example/in/manuel-quintero-101,2026-05-10T16:00:00Z,2025-12-23T16:00:00Z
con_000004_1,acc_000004,Gabriel,Castillo,gabriel.castillo@niixbuilders.mx.example,valid,Controller,finance,director,en,https://linkedin.example/in/gabriel-castillo-822,2026-07-28T16:00:00Z,2026-08-09T16:00:00Z
con_000004_2,acc_000004,Fernanda,Chávez,fernanda.chavez@niixbuilders.mx.example,valid,Director of Operations,operations,director,en,https://linkedin.example/in/fernanda-chavez-580,2026-05-01T16:00:00Z,2025-10-08T16:00:00Z
con_000005_1,acc_000005,Beatriz,Valdés,beatriz.valdes@bacimedical.cl.example,unverified,Operations Coordinator,operations,ic,en,https://linkedin.example/in/beatriz-valdes-154,,2026-03-25T16:00:00Z
con_000005_2,acc_000005,Andrea,Martínez,andrea.martinez@bacimedical.cl.example,valid,Founder,executive,c_level,en,https://linkedin.example/in/andrea-martinez-352,2026-04-07T16:00:00Z,2024-11-27T16:00:00Z
con_000006_1,acc_000006,Cláudio,Carvalho,claudio.carvalho@cumin.br.example,valid,CTO,it,c_level,en,https://linkedin.example/in/claudio-carvalho-609,2026-09-22T16:00:00Z,2026-08-11T16:00:00Z
con_000007_1,acc_000007,Carolina,Pineda,carolina.pineda@culofarms.mx.example,valid,VP of Finance,finance,vp,en,https://linkedin.example/in/carolina-pineda-158,2026-05-27T16:00:00Z,2025-09-24T16:00:00Z
con_000007_2,acc_000007,Daniel,Pineda,daniel.pineda@culofarms.mx.example,valid,IT Manager,it,manager,en,https://linkedin.example/in/daniel-pineda-807,2026-06-28T16:00:00Z,2026-02-22T16:00:00Z
con_000007_3,acc_000007,Leticia,Paredes,leticia.paredes@culofarms.mx.example,valid,Director of Treasury,finance,director,en,https://linkedin.example/in/leticia-paredes-544,2026-07-17T16:00:00Z,2025-06-21T16:00:00Z
con_000007_4,acc_000007,Team,Info,info@culofarms.mx.example,role_based,Generic mailbox,finance,ic,en,https://linkedin.example/in/team-info-770,,2024-12-31T16:00:00Z
con_000008_1,acc_000008,Sebastián,Ibarra,sebastian.ibarra@bavi.mx.example,valid,Financial Analyst,finance,ic,en,https://linkedin.example/in/sebastian-ibarra-486,2026-07-29T16:00:00Z,2026-04-07T16:00:00Z
con_000009_1,acc_000009,Andrea,Hernández,andrea.hernandez@orulassociation.cl.example,valid,Finance Manager,finance,manager,en,https://linkedin.example/in/andrea-hernandez-720,2026-08-05T16:00:00Z,2025-02-08T16:00:00Z
con_000009_2,acc_000009,Team,Info,info@orulassociation.cl.example,role_based,Generic mailbox,procurement,ic,en,https://linkedin.example/in/team-info-319,,2026-01-21T16:00:00Z
con_000009_3,acc_000009,Javier,Sánchez,javier.sanchez@orulassociation.cl.example,valid,Controller,finance,director,en,https://linkedin.example/in/javier-sanchez-960,2026-06-09T16:00:00Z,2025-10-16T16:00:00Z
con_000009_4,acc_000009,Miguel,Gutiérrez,miguel.gutierrez@orulassociation.cl.example,valid,General Manager,executive,c_level,en,https://linkedin.example/in/miguel-gutierrez-537,2026-05-01T16:00:00Z,2026-04-29T16:00:00Z
con_000009_5,acc_000009,Patricia,Martínez,patricia.martinez@orulassociation.cl.example,valid,Administrative Assistant,other,ic,en,https://linkedin.example/in/patricia-martinez-694,2026-07-28T16:00:00Z,2024-09-05T16:00:00Z
con_000010_1,acc_000010,Adriana,Peña,adriana.pena@cavi.ar.example,valid,Director of People,hr,director,en,https://linkedin.example/in/adriana-pena-182,2026-07-15T16:00:00Z,2026-05-25T16:00:00Z
con_000011_1,acc_000011,Daniel,Escobar,daniel.escobar@artatourism.mx.example,valid,Executive VP,executive,vp,en,https://linkedin.example/in/daniel-escobar-280,2026-07-20T16:00:00Z,2026-03-04T16:00:00Z
con_000011_2,acc_000011,Francisco,Sánchez,francisco.sanchez@artatourism.mx.example,valid,Founder,executive,c_level,en,https://linkedin.example/in/francisco-sanchez-303,2026-04-24T16:00:00Z,2024-05-03T16:00:00Z
con_000012_1,acc_000012,Alejandro,Aguilar,alejandro.aguilar@gipi.co.example,valid,Director of Treasury,finance,director,en,https://linkedin.example/in/alejandro-aguilar-222,2026-08-04T16:00:00Z,2025-01-05T16:00:00Z
con_000013_1,acc_000013,Dulce,Mendoza,dulce.mendoza@yralohealth.ar.example,valid,Administration Manager,other,manager,en,https://linkedin.example/in/dulce-mendoza-989,2026-04-05T16:00:00Z,2024-04-24T16:00:00Z
con_000013_2,acc_000013,Sebastián,Gómez,sebastian.gomez@yralohealth.ar.example,valid,CEO,executive,c_level,en,https://linkedin.example/in/sebastian-gomez-244,2026-05-04T16:00:00Z,2025-04-01T16:00:00Z
con_000013_3,acc_000013,César,Domínguez,cesar.dominguez@yralohealth.ar.example,valid,Financial Analyst,finance,ic,en,https://linkedin.example/in/cesar-dominguez-611,2026-09-16T16:00:00Z,2026-03-26T16:00:00Z
con_000013_4,acc_000013,Lorena,Vargas,lorena.vargas@yralohealth.ar.example,valid,Operations Manager,operations,manager,en,https://linkedin.example/in/lorena-vargas-473,2026-06-28T16:00:00Z,2026-06-01T16:00:00Z
con_000013_5,acc_000013,Marcela,Torres,marcela.torres@yralohealth.ar.example,valid,VP of Finance,finance,vp,en,https://linkedin.example/in/marcela-torres-631,2026-06-12T16:00:00Z,2024-07-15T16:00:00Z
con_000014_1,acc_000014,Diego,Fernández,diego.fernandez@nimo.pe.example,valid,VP of Administration,other,vp,en,https://linkedin.example/in/diego-fernandez-820,2026-07-28T16:00:00Z,2024-06-15T16:00:00Z
con_000014_2,acc_000014,Javier,Domínguez,javier.dominguez@nimo.pe.example,valid,Systems Analyst,it,ic,en,https://linkedin.example/in/javier-dominguez-720,2026-05-15T16:00:00Z,2026-08-03T16:00:00Z
con_000014_3,acc_000014,Daniel,Quintero,daniel.quintero@nimo.pe.example,valid,Finance Manager,finance,manager,en,https://linkedin.example/in/daniel-quintero-231,2026-09-07T16:00:00Z,2024-10-31T16:00:00Z
con_000015_1,acc_000015,Sebastián,Hernández,sebastian.hernandez@nextorfarms.ar.example,valid,HR Manager,hr,manager,en,https://linkedin.example/in/sebastian-hernandez-288,2026-05-20T16:00:00Z,2024-12-21T16:00:00Z
con_000015_2,acc_000015,Beatriz,González,beatriz.gonzalez@nextorfarms.ar.example,valid,Director of Operations,operations,director,en,https://linkedin.example/in/beatriz-gonzalez-661,2026-07-15T16:00:00Z,2026-06-13T16:00:00Z
con_000016_1,acc_000016,Andrea,Torres,andrea.torres@alvi.pe.example,valid,VP of Administration,other,vp,en,https://linkedin.example/in/andrea-torres-648,2026-04-17T16:00:00Z,2026-07-21T16:00:00Z
con_000016_2,acc_000016,Marcela,Fernández,marcela.fernandez@alvi.pe.example,valid,Administration Manager,other,manager,en,https://linkedin.example/in/marcela-fernandez-293,2026-07-20T16:00:00Z,2025-07-04T16:00:00Z
con_000016_3,acc_000016,Roberto,Cruz,roberto.cruz@alvi.pe.example,valid,Operations Manager,operations,manager,en,https://linkedin.example/in/roberto-cruz-210,2026-06-27T16:00:00Z,2025-06-05T16:00:00Z
con_000016_4,acc_000016,Marcela,Escobar,marcela.escobar@alvi.pe.example,valid,Administration Manager,other,manager,en,https://linkedin.example/in/marcela-escobar-758,2026-07-26T16:00:00Z,2026-02-06T16:00:00Z
con_000017_1,acc_000017,Adriana,Rivera,adriana.rivera@trayra.pe.example,valid,Financial Analyst,finance,ic,en,https://linkedin.example/in/adriana-rivera-393,2026-08-28T16:00:00Z,2026-04-12T16:00:00Z
con_000018_1,acc_000018,Andrea,Medina,andrea.medina@kaba.mx.example,valid,General Manager,executive,c_level,en,https://linkedin.example/in/andrea-medina-212,2026-04-30T16:00:00Z,2024-07-11T16:00:00Z
con_000018_2,acc_000018,Óscar,Contreras,oscar.contreras@kaba.mx.example,valid,Procurement Manager,procurement,manager,en,https://linkedin.example/in/oscar-contreras-463,2026-05-20T16:00:00Z,2026-04-21T16:00:00Z
con_000019_1,acc_000019,Gabriela,Mendoza,gabriela.mendoza@foren.mx.example,valid,Director of Finance,finance,director,en,https://linkedin.example/in/gabriela-mendoza-240,2026-05-19T16:00:00Z,2025-10-03T16:00:00Z
con_000020_1,acc_000020,Raúl,Peña,raul.pena@panem.co.example,valid,Operations Manager,operations,manager,en,https://linkedin.example/in/raul-pena-946,2026-08-24T16:00:00Z,2025-12-09T16:00:00Z
con_000020_2,acc_000020,Gabriel,Castro,gabriel.castro@panem.co.example,valid,Financial Analyst,finance,ic,en,https://linkedin.example/in/gabriel-castro-702,2026-06-03T16:00:00Z,2024-10-12T16:00:00Z
con_000021_1,acc_000021,Natalia,Escobar,natalia.escobar@armar.ar.example,valid,CEO,executive,c_level,en,https://linkedin.example/in/natalia-escobar-543,2026-07-15T16:00:00Z,2025-02-05T16:00:00Z
con_000021_2,acc_000021,Beatriz,Aguilar,beatriz.aguilar@armar.ar.example,valid,Chief Financial Officer,finance,c_level,en,https://linkedin.example/in/beatriz-aguilar-128,2026-08-07T16:00:00Z,2026-08-03T16:00:00Z
con_000021_3,acc_000021,Tomás,Mendoza,tomas.mendoza@armar.ar.example,valid,Financial Analyst,finance,ic,en,https://linkedin.example/in/tomas-mendoza-696,2026-06-15T16:00:00Z,2024-11-20T16:00:00Z
con_000022_1,acc_000022,Carolina,Escobar,carolina.escobar@ribelharvest.co.example,valid,Treasury Manager,finance,manager,en,https://linkedin.example/in/carolina-escobar-447,2026-09-15T16:00:00Z,2024-12-05T16:00:00Z
con_000022_2,acc_000022,Carlos,Cruz,carlos.cruz@ribelharvest.co.example,valid,Operations Manager,operations,manager,en,https://linkedin.example/in/carlos-cruz-194,2026-07-17T16:00:00Z,2025-08-30T16:00:00Z
con_000022_3,acc_000022,Verónica,Salazar,veronicasalazar18@yahoo.example,free_provider,Systems Analyst,it,ic,en,https://linkedin.example/in/veronica-salazar-382,,2025-11-25T16:00:00Z
con_000023_1,acc_000023,Víctor,Domínguez,victor.dominguez@galdor.co.example,valid,Director of Operations,operations,director,en,https://linkedin.example/in/victor-dominguez-982,2026-09-24T16:00:00Z,2026-04-15T16:00:00Z
con_000023_2,acc_000023,Fernanda,Medina,fernanda.medina@galdor.co.example,valid,Operations Coordinator,operations,ic,en,https://linkedin.example/in/fernanda-medina-848,2026-04-26T16:00:00Z,2026-01-10T16:00:00Z
con_000023_3,acc_000023,Pablo,Gutiérrez,pablo.gutierrez@galdor.co.example,valid,Operations Coordinator,operations,ic,en,https://linkedin.example/in/pablo-gutierrez-434,2026-09-12T16:00:00Z,2025-10-26T16:00:00Z
con_000023_4,acc_000023,Adriana,Medina,adriana.medina@galdor.co.example,valid,Procurement Analyst,procurement,ic,en,https://linkedin.example/in/adriana-medina-397,2026-08-15T16:00:00Z,2025-05-16T16:00:00Z
con_000024_1,acc_000024,Ximena,Medina,ximena.medina@torliseducation.cl.example,valid,CTO,it,c_level,en,https://linkedin.example/in/ximena-medina-109,2026-07-19T16:00:00Z,2026-02-04T16:00:00Z
con_000025_1,acc_000025,Isabel,Hernández,isabel.hernandez@jota.co.example,valid,Director of People,hr,director,en,https://linkedin.example/in/isabel-hernandez-835,2026-09-19T16:00:00Z,2025-01-04T16:00:00Z
con_000026_1,acc_000026,Team,Info,info@minneclinic.br.example,role_based,Generic mailbox,operations,ic,en,https://linkedin.example/in/team-info-375,,2024-10-27T16:00:00Z
con_000026_2,acc_000026,Mariana,Moreira,mariana.moreira@minneclinic.br.example,valid,Buyer,procurement,ic,en,https://linkedin.example/in/mariana-moreira-254,2026-09-26T16:00:00Z,2024-04-15T16:00:00Z
con_000026_3,acc_000026,Vinícius,Soares,vinicius.soares@minneclinic.br.example,valid,VP of Administration,other,vp,en,https://linkedin.example/in/vinicius-soares-240,2026-07-15T16:00:00Z,2025-11-05T16:00:00Z
con_000026_4,acc_000026,Marcelo,Ribeiro,marcelo.ribeiro@minneclinic.br.example,valid,Founder,executive,c_level,en,https://linkedin.example/in/marcelo-ribeiro-997,2026-05-24T16:00:00Z,2024-09-22T16:00:00Z
con_000027_1,acc_000027,Manuel,Gutiérrez,manuel.gutierrez@riren.co.example,unverified,Director of Administration,other,director,en,https://linkedin.example/in/manuel-gutierrez-289,,2026-03-09T16:00:00Z
con_000027_2,acc_000027,Tomás,Castillo,tomas.castillo@riren.co.example,valid,Administrative Assistant,other,ic,en,https://linkedin.example/in/tomas-castillo-716,2026-05-24T16:00:00Z,2025-07-15T16:00:00Z
con_000028_1,acc_000028,Karla,Maldonado,karla.maldonado@emmar.co.example,valid,CFO,finance,c_level,en,https://linkedin.example/in/karla-maldonado-875,2026-08-06T16:00:00Z,2025-06-14T16:00:00Z
con_000028_2,acc_000028,Leticia,López,leticia.lopez@emmar.co.example,valid,Administration Manager,other,manager,en,https://linkedin.example/in/leticia-lopez-781,2026-09-03T16:00:00Z,2025-10-31T16:00:00Z
con_000029_1,acc_000029,Valentina,Pérez,valentina.perez@lunexagro.mx.example,valid,Procurement Manager,procurement,manager,en,https://linkedin.example/in/valentina-perez-671,2026-05-03T16:00:00Z,2024-08-27T16:00:00Z
con_000029_2,acc_000029,Esteban,Pineda,esteban.pineda@lunexagro.mx.example,valid,CHRO,hr,c_level,en,https://linkedin.example/in/esteban-pineda-278,2026-04-22T16:00:00Z,2025-07-12T16:00:00Z
con_000029_3,acc_000029,Diana,Ponce,diana.ponce@lunexagro.mx.example,valid,Chief Procurement Officer,procurement,c_level,en,https://linkedin.example/in/diana-ponce-120,2026-09-05T16:00:00Z,2025-04-26T16:00:00Z
con_000029_4,acc_000029,Mónica,Flores,monica.flores@lunexagro.mx.example,valid,Director of Administration,other,director,en,https://linkedin.example/in/monica-flores-616,2026-08-02T16:00:00Z,2024-06-04T16:00:00Z
con_000030_1,acc_000030,Rafael,Rojas,rafael.rojas@mogaltrading.mx.example,valid,General Manager,executive,c_level,en,https://linkedin.example/in/rafael-rojas-598,2026-07-27T16:00:00Z,2025-02-14T16:00:00Z
con_000031_1,acc_000031,Rafael,Vega,rafael.vega@solmin.mx.example,valid,Accountant,finance,ic,en,https://linkedin.example/in/rafael-vega-213,2026-08-30T16:00:00Z,2026-02-22T16:00:00Z
con_000031_2,acc_000031,Isabel,Valdés,isabel.valdes@solmin.mx.example,valid,Procurement Analyst,procurement,ic,en,https://linkedin.example/in/isabel-valdes-351,2026-08-01T16:00:00Z,2024-12-17T16:00:00Z
con_000032_1,acc_000032,Karla,Arias,karla.arias@rentoracademy.pe.example,valid,HR Manager,hr,manager,en,https://linkedin.example/in/karla-arias-595,2026-06-16T16:00:00Z,2025-06-05T16:00:00Z
con_000032_2,acc_000032,Patricia,Reyes,patricia.reyes@rentoracademy.pe.example,valid,General Manager,executive,c_level,en,https://linkedin.example/in/patricia-reyes-167,2026-07-07T16:00:00Z,2024-07-25T16:00:00Z
con_000032_3,acc_000032,Jorge,Ramos,jorge.ramos@rentoracademy.pe.example,valid,Finance Manager,finance,manager,en,https://linkedin.example/in/jorge-ramos-859,2026-07-21T16:00:00Z,2024-12-31T16:00:00Z
con_000033_1,acc_000033,Juliana,Marques,juliana.marques@marcenservices.br.example,valid,Accountant,finance,ic,en,https://linkedin.example/in/juliana-marques-222,2026-08-17T16:00:00Z,2026-05-01T16:00:00Z
con_000033_2,acc_000033,Eduardo,Souza,eduardo.souza@marcenservices.br.example,valid,Founder,executive,c_level,en,https://linkedin.example/in/eduardo-souza-219,2026-06-11T16:00:00Z,2025-03-25T16:00:00Z
con_000033_3,acc_000033,Larissa,Nunes,larissa.nunes@marcenservices.br.example,valid,Director of Administration,other,director,en,https://linkedin.example/in/larissa-nunes-417,2026-08-13T16:00:00Z,2024-08-29T16:00:00Z
con_000033_4,acc_000033,Rodrigo,Dias,rodrigo.dias@marcenservices.br.example,valid,Systems Analyst,it,ic,en,https://linkedin.example/in/rodrigo-dias-864,2026-06-21T16:00:00Z,2025-11-10T16:00:00Z
con_000034_1,acc_000034,Camila,Soares,camila.soares@macen.br.example,valid,Founder,executive,c_level,en,https://linkedin.example/in/camila-soares-413,2026-04-10T16:00:00Z,2026-09-16T16:00:00Z
con_000035_1,acc_000035,Vinícius,Silva,vinicius.silva@nexdocargo.br.example,valid,Director of Operations,operations,director,en,https://linkedin.example/in/vinicius-silva-182,2026-07-15T16:00:00Z,2024-05-02T16:00:00Z
con_000035_2,acc_000035,Juliana,Fernandes,juliana.fernandes@nexdocargo.br.example,valid,Financial Analyst,finance,ic,en,https://linkedin.example/in/juliana-fernandes-898,2026-08-02T16:00:00Z,2026-06-27T16:00:00Z
con_000036_1,acc_000036,Jorge,Castro,jorge.castro@mersa.mx.example,valid,VP of Operations,operations,vp,en,https://linkedin.example/in/jorge-castro-303,2026-06-25T16:00:00Z,2026-03-28T16:00:00Z
con_000038_1,acc_000038,Juliana,Pereira,juliana.pereira@lominmercantile.br.example,valid,Administration Manager,other,manager,en,https://linkedin.example/in/juliana-pereira-366,2026-06-01T16:00:00Z,2026-08-21T16:00:00Z
con_000039_1,acc_000039,Raúl,Navarro,raul.navarro@zuixmining.co.example,valid,VP of Finance,finance,vp,en,https://linkedin.example/in/raul-navarro-755,2026-08-05T16:00:00Z,2025-02-09T16:00:00Z
con_000040_1,acc_000040,Claudia,González,claudia.gonzalezyrarenplastics.co.example,invalid_syntax,Systems Analyst,it,ic,en,https://linkedin.example/in/claudia-gonzalez-619,,2024-07-22T16:00:00Z
con_000040_2,acc_000040,Fernanda,Maldonado,fernanda.maldonado@yrarenplastics.co.example,valid,Procurement Manager,procurement,manager,en,https://linkedin.example/in/fernanda-maldonado-658,2026-08-04T16:00:00Z,2025-01-10T16:00:00Z
con_000040_3,acc_000040,Sergio,Rojas,sergio.rojas@yrarenplastics.co.example,unverified,Buyer,procurement,ic,en,https://linkedin.example/in/sergio-rojas-396,,2024-09-21T16:00:00Z
con_000040_4,acc_000040,Sergio,Reyes,sergio.reyes@yrarenplastics.co.example,unverified,Operations Coordinator,operations,ic,en,https://linkedin.example/in/sergio-reyes-693,,2025-02-08T16:00:00Z
con_000041_1,acc_000041,Dulce,Montoya,dulce.montoya@roro.co.example,valid,VP of Finance,finance,vp,en,https://linkedin.example/in/dulce-montoya-855,2026-06-18T16:00:00Z,2025-12-13T16:00:00Z
con_000041_2,acc_000041,Carolina,Hernández,carolina.hernandez@roro.co.example,unverified,Director of IT,it,director,en,https://linkedin.example/in/carolina-hernandez-495,,2026-03-30T16:00:00Z
con_000041_3,acc_000041,Team,Info,info@roro.co.example,role_based,Generic mailbox,finance,ic,en,https://linkedin.example/in/team-info-705,,2026-05-17T16:00:00Z
con_000041_4,acc_000041,Fernanda,Castillo,fernanda.castillo@roro.co.example,valid,Administration Manager,other,manager,en,https://linkedin.example/in/fernanda-castillo-995,2026-05-09T16:00:00Z,2026-06-26T16:00:00Z
con_000042_1,acc_000042,Paula,Chávez,paula.chavez@doni.co.example,valid,Accountant,finance,ic,en,https://linkedin.example/in/paula-chavez-578,2026-08-16T16:00:00Z,2025-05-26T16:00:00Z
con_000042_2,acc_000042,Verónica,Lara,veronica.lara@doni.co.example,valid,Operations Coordinator,operations,ic,en,https://linkedin.example/in/veronica-lara-143,2026-08-17T16:00:00Z,2025-01-26T16:00:00Z
con_000043_1,acc_000043,Andrés,Herrera,andres.herrera@merix.mx.example,valid,Treasury Manager,finance,manager,en,https://linkedin.example/in/andres-herrera-658,2026-08-12T16:00:00Z,2026-09-10T16:00:00Z
con_000044_1,acc_000044,Adriana,Lara,adriana.lara@orcen.co.example,valid,Controller,finance,director,en,https://linkedin.example/in/adriana-lara-339,2026-04-20T16:00:00Z,2025-08-17T16:00:00Z
con_000044_2,acc_000044,Carolina,Domínguez,carolina.dominguez@orcen.co.example,unverified,General Manager,executive,c_level,en,https://linkedin.example/in/carolina-dominguez-867,,2025-12-26T16:00:00Z
con_000044_3,acc_000044,Santiago,Montoya,santiago.montoya@orcen.co.example,valid,HR Manager,hr,manager,en,https://linkedin.example/in/santiago-montoya-683,2026-09-09T16:00:00Z,2026-03-04T16:00:00Z
con_000045_1,acc_000045,Vanessa,Pereira,vanessa.pereira@traten.br.example,valid,Controller,finance,director,en,https://linkedin.example/in/vanessa-pereira-681,2026-08-08T16:00:00Z,2024-06-01T16:00:00Z
con_000045_2,acc_000045,Team,Info,info@traten.br.example,role_based,Generic mailbox,executive,ic,en,https://linkedin.example/in/team-info-914,,2026-02-02T16:00:00Z
con_000045_3,acc_000045,Mariana,Barbosa,mariana.barbosa@traten.br.example,valid,Controller,finance,director,en,https://linkedin.example/in/mariana-barbosa-841,2026-05-12T16:00:00Z,2026-06-22T16:00:00Z
con_000046_1,acc_000046,Vanessa,Alves,vanessa.alves@neper.br.example,catchall,Financial Analyst,finance,ic,en,https://linkedin.example/in/vanessa-alves-724,,2026-05-13T16:00:00Z
con_000046_2,acc_000046,Carlos,Soares,,missing,General Manager,executive,c_level,en,https://linkedin.example/in/carlos-soares-534,,2024-09-20T16:00:00Z
con_000046_3,acc_000046,Lucas,Ribeiro,lucas.ribeiro@neper.br.example,valid,Chief Administrative Officer,other,c_level,en,https://linkedin.example/in/lucas-ribeiro-679,2026-05-18T16:00:00Z,2025-06-05T16:00:00Z
con_000047_1,acc_000047,José,Reyes,jose.reyes@tramarplastics.mx.example,valid,Chief Administrative Officer,other,c_level,en,https://linkedin.example/in/jose-reyes-887,2026-07-04T16:00:00Z,2026-03-09T16:00:00Z
con_000047_2,acc_000047,Leticia,Aguilar,leticia.aguilar@tramarplastics.mx.example,catchall,Finance Manager,finance,manager,en,https://linkedin.example/in/leticia-aguilar-579,,2026-07-18T16:00:00Z
con_000047_3,acc_000047,Sergio,Cárdenas,sergio.cardenas@tramarplastics.mx.example,unverified,Accountant,finance,ic,en,https://linkedin.example/in/sergio-cardenas-235,,2026-01-28T16:00:00Z
con_000047_4,acc_000047,Héctor,Ramírez,hector.ramirez@tramarplastics.mx.example,valid,Controller,finance,director,en,https://linkedin.example/in/hector-ramirez-166,2026-06-25T16:00:00Z,2024-12-06T16:00:00Z
con_000048_1,acc_000048,Héctor,Gómez,hector.gomez@luper.cl.example,valid,Accounts Payable Manager,finance,manager,en,https://linkedin.example/in/hector-gomez-840,2026-04-19T16:00:00Z,2026-05-02T16:00:00Z
con_000049_1,acc_000049,Karla,Sánchez,karla.sanchez@lisyraservices.ar.example,catchall,Financial Analyst,finance,ic,en,https://linkedin.example/in/karla-sanchez-931,,2026-03-08T16:00:00Z
con_000049_2,acc_000049,Karla,Fernández,karla.fernandez@lisyraservices.ar.example,valid,Chief Financial Officer,finance,c_level,en,https://linkedin.example/in/karla-fernandez-868,2026-07-12T16:00:00Z,2025-06-09T16:00:00Z
con_000050_1,acc_000050,Isabela,Gomes,isabela.gomes@bazu.br.example,valid,Director of IT,it,director,en,https://linkedin.example/in/isabela-gomes-482,2026-06-14T16:00:00Z,2026-02-01T16:00:00Z
con_000051_1,acc_000051,Vanessa,Santos,vanessa.santos@belpisystems.br.example,unverified,Finance Manager,finance,manager,en,https://linkedin.example/in/vanessa-santos-673,,2024-10-11T16:00:00Z
con_000051_2,acc_000051,Thiago,Rodrigues,thiago.rodrigues@belpisystems.br.example,unverified,Operations Manager,operations,manager,en,https://linkedin.example/in/thiago-rodrigues-228,,2025-04-30T16:00:00Z
con_000051_3,acc_000051,Patrícia,Freitas,patricia.freitas@belpisystems.br.example,unverified,Systems Analyst,it,ic,en,https://linkedin.example/in/patricia-freitas-429,,2025-08-06T16:00:00Z
con_000051_4,acc_000051,Thiago,Pereira,thiago.pereira@belpisystems.br.example,valid,General Manager,executive,c_level,en,https://linkedin.example/in/thiago-pereira-799,2026-06-26T16:00:00Z,2026-05-19T16:00:00Z
con_000052_1,acc_000052,Raúl,Rivera,raul.rivera@roixclinic.mx.example,valid,Director of People,hr,director,en,https://linkedin.example/in/raul-rivera-923,2026-06-25T16:00:00Z,2025-07-12T16:00:00Z
con_000052_2,acc_000052,Natalia,Ibarra,natalia.ibarra@roixclinic.mx.example,valid,Treasury Manager,finance,manager,en,https://linkedin.example/in/natalia-ibarra-194,2026-08-27T16:00:00Z,2024-11-21T16:00:00Z
con_000053_1,acc_000053,Esteban,Silva,esteban.silva@ixar.mx.example,valid,Chief Procurement Officer,procurement,c_level,en,https://linkedin.example/in/esteban-silva-805,2026-07-08T16:00:00Z,2025-06-20T16:00:00Z
con_000053_2,acc_000053,Julián,Aguilar,julian.aguilar@ixar.mx.example,valid,CEO,executive,c_level,en,https://linkedin.example/in/julian-aguilar-952,2026-05-26T16:00:00Z,2026-01-15T16:00:00Z
con_000054_1,acc_000054,César,García,cesar.garcia@nifomanufacturing.co.example,valid,VP of Technology,it,vp,en,https://linkedin.example/in/cesar-garcia-336,2026-06-14T16:00:00Z,2026-07-15T16:00:00Z
con_000055_1,acc_000055,Julián,Castillo,julian.castillo@belmarbuilders.cl.example,valid,Chief Administrative Officer,other,c_level,en,https://linkedin.example/in/julian-castillo-538,2026-06-26T16:00:00Z,2026-02-06T16:00:00Z
con_000055_2,acc_000055,Roberto,Gómez,roberto.gomez@belmarbuilders,invalid_syntax,Controller,finance,director,en,https://linkedin.example/in/roberto-gomez-666,,2025-03-20T16:00:00Z
con_000055_3,acc_000055,Miguel,Quintero,miguel.quintero@belmarbuilders.cl.example,valid,Director of Treasury,finance,director,en,https://linkedin.example/in/miguel-quintero-634,2026-09-08T16:00:00Z,2025-11-03T16:00:00Z
con_000055_4,acc_000055,Sergio,Flores,sergio.flores@belmarbuilders.cl.example,unverified,Operations Manager,operations,manager,en,https://linkedin.example/in/sergio-flores-922,,2024-12-04T16:00:00Z
con_000055_5,acc_000055,Tomás,García,tomas.garcia@belmarbuilders.cl.example,valid,VP of Procurement,procurement,vp,en,https://linkedin.example/in/tomas-garcia-302,2026-06-08T16:00:00Z,2025-05-14T16:00:00Z
con_000056_1,acc_000056,Daniel,Cruz,daniel.cruz@cenmin.co.example,valid,Director of Operations,operations,director,en,https://linkedin.example/in/daniel-cruz-959,2026-05-14T16:00:00Z,2024-07-29T16:00:00Z
con_000056_2,acc_000056,Andrea,González,andrea.gonzalez@cenmin.co.example,valid,Accounts Payable Manager,finance,manager,en,https://linkedin.example/in/andrea-gonzalez-167,2026-08-23T16:00:00Z,2026-04-22T16:00:00Z
con_000056_3,acc_000056,Marcela,Lara,marcela.lara@cenmin.co.example,valid,Treasury Manager,finance,manager,en,https://linkedin.example/in/marcela-lara-339,2026-09-15T16:00:00Z,2025-01-25T16:00:00Z
con_000056_4,acc_000056,Mariana,Contreras,mariana.contreras@cenmin.co.example,valid,General Manager,executive,c_level,en,https://linkedin.example/in/mariana-contreras-443,2026-07-23T16:00:00Z,2025-03-21T16:00:00Z
con_000057_1,acc_000057,Óscar,Cruz,oscar.cruz@cipermanufacturing.mx.example,valid,Financial Analyst,finance,ic,en,https://linkedin.example/in/oscar-cruz-746,2026-07-23T16:00:00Z,2025-07-05T16:00:00Z
con_000057_2,acc_000057,Rafael,Moreno,rafael.moreno@cipermanufacturing.mx.example,valid,Procurement Manager,procurement,manager,en,https://linkedin.example/in/rafael-moreno-699,2026-07-19T16:00:00Z,2024-11-15T16:00:00Z
con_000057_3,acc_000057,Andrea,Ramírez,andrea.ramirez@cipermanufacturing.mx.example,valid,Treasury Manager,finance,manager,en,https://linkedin.example/in/andrea-ramirez-681,2026-05-05T16:00:00Z,2026-03-13T16:00:00Z
con_000058_1,acc_000058,Thiago,Lima,thiago.lima@marvaindustries.br.example,valid,CEO,executive,c_level,en,https://linkedin.example/in/thiago-lima-694,2026-05-30T16:00:00Z,2024-07-31T16:00:00Z
con_000058_2,acc_000058,Marcelo,Rodrigues,marcelo.rodrigues@marvaindustries.br.example,unverified,HR Manager,hr,manager,en,https://linkedin.example/in/marcelo-rodrigues-873,,2026-02-01T16:00:00Z
con_000058_3,acc_000058,Lucas,Marques,lucas.marques@marvaindustries.br.example,unverified,CFO,finance,c_level,en,https://linkedin.example/in/lucas-marques-458,,2025-11-07T16:00:00Z
con_000059_1,acc_000059,Jorge,Castillo,jorgecastillo96@outlook.example,free_provider,VP of Operations,operations,vp,en,https://linkedin.example/in/jorge-castillo-210,,2025-08-11T16:00:00Z
con_000060_1,acc_000060,Víctor,Romero,victor.romero@arardigital.pe.example,valid,VP of Finance,finance,vp,en,https://linkedin.example/in/victor-romero-451,2026-07-14T16:00:00Z,2024-07-25T16:00:00Z
con_000061_1,acc_000061,Thiago,Andrade,thiago.andrade@galix,invalid_syntax,General Manager,executive,c_level,en,https://linkedin.example/in/thiago-andrade-832,,2024-07-26T16:00:00Z
con_000061_2,acc_000061,Bruno,Dias,,missing,Controller,finance,director,en,https://linkedin.example/in/bruno-dias-327,,2026-08-21T16:00:00Z
con_000061_3,acc_000061,Felipe,Dias,felipe.dias@galix.mx.example,valid,Accountant,finance,ic,en,https://linkedin.example/in/felipe-dias-902,2026-06-09T16:00:00Z,2025-02-24T16:00:00Z
con_000061_4,acc_000061,Paulo,Souza,paulo.souza@galix.mx.example,valid,Accounts Payable Manager,finance,manager,en,https://linkedin.example/in/paulo-souza-836,2026-06-01T16:00:00Z,2024-12-18T16:00:00Z
con_000061_5,acc_000061,Guillermo,Acosta,guillermo.acosta@galix.mx.example,valid,Director of Sourcing,procurement,director,en,https://linkedin.example/in/guillermo-acosta-988,2026-07-19T16:00:00Z,2025-02-22T16:00:00Z
con_000062_1,acc_000062,Adriana,García,adriana.garcia@foqui.mx.example,valid,Founder,executive,c_level,en,https://linkedin.example/in/adriana-garcia-765,2026-06-05T16:00:00Z,2025-07-29T16:00:00Z
con_000062_2,acc_000062,Pilar,Cárdenas,pilar.cardenas@foqui.mx.example,catchall,VP of Procurement,procurement,vp,en,https://linkedin.example/in/pilar-cardenas-564,,2025-12-21T16:00:00Z
con_000063_1,acc_000063,Mónica,Pérez,monica.perez@cenkagourmet.co.example,valid,HR Manager,hr,manager,en,https://linkedin.example/in/monica-perez-619,2026-08-17T16:00:00Z,2026-04-22T16:00:00Z
con_000063_2,acc_000063,Paula,González,paula.gonzalez@cenkagourmet.co.example,valid,Executive VP,executive,vp,en,https://linkedin.example/in/paula-gonzalez-264,2026-06-18T16:00:00Z,2024-08-02T16:00:00Z
con_000063_3,acc_000063,Miguel,Paredes,miguel.paredes@cenkagourmet.co.example,valid,CEO,executive,c_level,en,https://linkedin.example/in/miguel-paredes-536,2026-06-01T16:00:00Z,2024-08-09T16:00:00Z
con_000063_4,acc_000063,Francisco,Cruz,francisco.cruz@cenkagourmet.co.example,valid,Accounts Payable Analyst,finance,ic,en,https://linkedin.example/in/francisco-cruz-488,2026-09-08T16:00:00Z,2025-03-22T16:00:00Z
con_000063_5,acc_000063,Elena,Soto,elena.soto@cenkagourmet.co.example,catchall,Systems Analyst,it,ic,en,https://linkedin.example/in/elena-soto-292,,2024-07-21T16:00:00Z
con_000064_1,acc_000064,Javier,Gutiérrez,javier.gutierrez@pertor.cl.example,valid,Financial Analyst,finance,ic,en,https://linkedin.example/in/javier-gutierrez-311,2026-05-17T16:00:00Z,2025-09-26T16:00:00Z
con_000064_2,acc_000064,Luis,González,luis.gonzalez@pertor.cl.example,valid,IT Manager,it,manager,en,https://linkedin.example/in/luis-gonzalez-515,2026-07-03T16:00:00Z,2026-07-03T16:00:00Z
con_000065_1,acc_000065,Claudia,Bravo,claudia.bravo@armosystems.pe.example,valid,Director of Operations,operations,director,en,https://linkedin.example/in/claudia-bravo-484,2026-05-28T16:00:00Z,2026-04-19T16:00:00Z
con_000066_1,acc_000066,Andrés,Bravo,andres.bravo@maembuilders.mx.example,valid,CFO,finance,c_level,en,https://linkedin.example/in/andres-bravo-667,2026-07-16T16:00:00Z,2025-05-29T16:00:00Z
con_000067_1,acc_000067,Camila,Rivera,camila.rivera@soldotravel.mx.example,valid,Director of Operations,operations,director,en,https://linkedin.example/in/camila-rivera-125,2026-05-29T16:00:00Z,2026-02-14T16:00:00Z
con_000067_2,acc_000067,Gabriela,Hernández,gabriela.hernandez@soldotravel.mx.example,valid,Financial Analyst,finance,ic,en,https://linkedin.example/in/gabriela-hernandez-437,2026-09-14T16:00:00Z,2025-06-02T16:00:00Z
con_000067_3,acc_000067,Tomás,Quintero,tomas.quintero@soldotravel.mx.example,valid,IT Manager,it,manager,en,https://linkedin.example/in/tomas-quintero-952,2026-05-29T16:00:00Z,2024-04-23T16:00:00Z
con_000068_1,acc_000068,Adriana,Martínez,adriana.martinez@kamo.mx.example,valid,Operations Coordinator,operations,ic,en,https://linkedin.example/in/adriana-martinez-376,2026-04-13T16:00:00Z,2026-05-05T16:00:00Z
con_000068_2,acc_000068,Fernanda,Hernández,fernanda.hernandez@kamo.mx.example,valid,Accounts Payable Manager,finance,manager,en,https://linkedin.example/in/fernanda-hernandez-399,2026-04-08T16:00:00Z,2025-04-22T16:00:00Z
con_000069_1,acc_000069,Gabriel,Ponce,gabriel.ponce@girotech.co.example,valid,CEO,executive,c_level,en,https://linkedin.example/in/gabriel-ponce-920,2026-06-22T16:00:00Z,2024-12-28T16:00:00Z
con_000069_2,acc_000069,Rafael,Ruiz,rafael.ruiz@girotech.co.example,valid,VP of People,hr,vp,en,https://linkedin.example/in/rafael-ruiz-100,2026-08-27T16:00:00Z,2026-04-20T16:00:00Z
con_000070_1,acc_000070,Javier,Aguilar,javier.aguilar@torta.co.example,valid,CTO,it,c_level,en,https://linkedin.example/in/javier-aguilar-215,2026-09-10T16:00:00Z,2026-07-10T16:00:00Z
con_000070_2,acc_000070,Pilar,Maldonado,pilar.maldonado@torta.co.example,valid,Buyer,procurement,ic,en,https://linkedin.example/in/pilar-maldonado-602,2026-09-25T16:00:00Z,2024-08-13T16:00:00Z
con_000070_3,acc_000070,Guillermo,Ponce,guillermo.ponce@torta.co.example,valid,Accounts Payable Analyst,finance,ic,en,https://linkedin.example/in/guillermo-ponce-581,2026-05-23T16:00:00Z,2025-08-16T16:00:00Z
con_000070_4,acc_000070,Dulce,Lara,dulce.lara@torta.co.example,valid,Chief Administrative Officer,other,c_level,en,https://linkedin.example/in/dulce-lara-939,2026-07-20T16:00:00Z,2025-03-25T16:00:00Z
con_000071_1,acc_000071,Karla,Cárdenas,karla.cardenas@pika.co.example,catchall,Executive VP,executive,vp,en,https://linkedin.example/in/karla-cardenas-803,,2025-01-23T16:00:00Z
con_000071_2,acc_000071,Luis,Aguilar,luis.aguilar@pika.co.example,unverified,CHRO,hr,c_level,en,https://linkedin.example/in/luis-aguilar-641,,2026-05-08T16:00:00Z
con_000071_3,acc_000071,Elena,Ruiz,elena.ruiz@pika.co.example,valid,CEO,executive,c_level,en,https://linkedin.example/in/elena-ruiz-220,2026-05-26T16:00:00Z,2025-05-30T16:00:00Z
con_000071_4,acc_000071,Gabriela,Castro,gabriela.castro@pika.co.example,valid,Systems Analyst,it,ic,en,https://linkedin.example/in/gabriela-castro-993,2026-07-11T16:00:00Z,2026-01-03T16:00:00Z
con_000071_5,acc_000071,Adriana,Reyes,adriana.reyes@pika.co.example,unverified,Treasury Manager,finance,manager,en,https://linkedin.example/in/adriana-reyes-186,,2025-07-11T16:00:00Z
con_000072_1,acc_000072,Nicolás,Herrera,nicolas.herrera@galemeducation.cl.example,unverified,Executive VP,executive,vp,en,https://linkedin.example/in/nicolas-herrera-226,,2025-07-26T16:00:00Z
con_000072_2,acc_000072,Adriana,Guerrero,adriana.guerrero@galemeducation.cl.example,valid,Finance Manager,finance,manager,en,https://linkedin.example/in/adriana-guerrero-788,2026-04-07T16:00:00Z,2026-03-15T16:00:00Z
con_000072_3,acc_000072,Sebastián,Reyes,sebastian.reyes@galemeducation.cl.example,valid,COO,operations,c_level,en,https://linkedin.example/in/sebastian-reyes-205,2026-09-05T16:00:00Z,2026-03-30T16:00:00Z
con_000073_1,acc_000073,Luis,Rivera,luis.rivera@solyralogistics.cl.example,valid,Chief Financial Officer,finance,c_level,en,https://linkedin.example/in/luis-rivera-598,2026-09-06T16:00:00Z,2024-04-25T16:00:00Z
con_000073_2,acc_000073,Mariana,Cárdenas,mariana.cardenas@solyralogistics.cl.example,valid,Buyer,procurement,ic,en,https://linkedin.example/in/mariana-cardenas-864,2026-08-16T16:00:00Z,2025-08-11T16:00:00Z
con_000073_3,acc_000073,Patricia,López,patricia.lopez @solyralogistics.cl.example,invalid_syntax,Operations Coordinator,operations,ic,en,https://linkedin.example/in/patricia-lopez-523,,2024-05-29T16:00:00Z
con_000073_4,acc_000073,Pilar,Gómez,pilargomez9@gmail.example,free_provider,Financial Analyst,finance,ic,en,https://linkedin.example/in/pilar-gomez-436,,2024-12-21T16:00:00Z
con_000073_5,acc_000073,Víctor,Hernández,victor.hernandez@solyralogistics.cl.example,valid,Director of IT,it,director,en,https://linkedin.example/in/victor-hernandez-602,2026-05-08T16:00:00Z,2026-05-19T16:00:00Z
con_000074_1,acc_000074,Paula,Pérez,paula.perez@cenyrafarms.mx.example,valid,HR Analyst,hr,ic,en,https://linkedin.example/in/paula-perez-969,2026-08-07T16:00:00Z,2025-08-15T16:00:00Z
con_000075_1,acc_000075,Gabriel,Navarro,gabriel.navarro@fervergourmet.mx.example,unverified,Executive VP,executive,vp,en,https://linkedin.example/in/gabriel-navarro-775,,2026-05-23T16:00:00Z
con_000075_2,acc_000075,Patricia,Domínguez,patricia.dominguez@fervergourmet.mx.example,valid,Director of Operations,operations,director,en,https://linkedin.example/in/patricia-dominguez-517,2026-05-04T16:00:00Z,2025-03-24T16:00:00Z
con_000076_1,acc_000076,Mónica,Gómez,monica.gomez@yraqui.mx.example,unverified,IT Manager,it,manager,en,https://linkedin.example/in/monica-gomez-782,,2024-07-18T16:00:00Z
con_000076_2,acc_000076,Elena,Peña,elena.pena@yraqui.mx.example,valid,Procurement Manager,procurement,manager,en,https://linkedin.example/in/elena-pena-588,2026-08-31T16:00:00Z,2025-02-23T16:00:00Z
con_000076_3,acc_000076,Óscar,Torres,oscar.torres@yraqui.mx.example,valid,Director of IT,it,director,en,https://linkedin.example/in/oscar-torres-814,2026-09-05T16:00:00Z,2024-11-29T16:00:00Z
con_000076_4,acc_000076,Ximena,Reyes,ximena.reyes@yraqui.mx.example,valid,Procurement Manager,procurement,manager,en,https://linkedin.example/in/ximena-reyes-623,2026-06-26T16:00:00Z,2026-01-17T16:00:00Z
con_000077_1,acc_000077,Beatriz,Pineda,beatriz.pineda@belem.co.example,valid,Operations Manager,operations,manager,en,https://linkedin.example/in/beatriz-pineda-131,2026-05-05T16:00:00Z,2026-09-26T16:00:00Z
con_000077_2,acc_000077,María,Mendoza,maria.mendoza@belem.co.example,unverified,Accountant,finance,ic,en,https://linkedin.example/in/maria-mendoza-729,,2025-08-31T16:00:00Z
con_000077_3,acc_000077,Javier,Vargas,javier.vargas@belem.co.example,unverified,Director of IT,it,director,en,https://linkedin.example/in/javier-vargas-428,,2025-05-30T16:00:00Z
con_000078_1,acc_000078,Mónica,Peña,monica.pena@dojotrading.mx.example,unverified,Finance Manager,finance,manager,en,https://linkedin.example/in/monica-pena-865,,2024-05-14T16:00:00Z
con_000078_2,acc_000078,Dulce,Guerrero,dulce.guerrero@dojotrading.mx.example,valid,Administrative Assistant,other,ic,en,https://linkedin.example/in/dulce-guerrero-824,2026-06-10T16:00:00Z,2025-05-24T16:00:00Z
con_000078_3,acc_000078,Patricia,Ramírez,patricia.ramirez@dojotrading.mx.example,valid,Accounts Payable Manager,finance,manager,en,https://linkedin.example/in/patricia-ramirez-940,2026-09-06T16:00:00Z,2025-05-06T16:00:00Z
con_000078_4,acc_000078,Esteban,Fernández,,missing,Director of IT,it,director,en,https://linkedin.example/in/esteban-fernandez-853,,2024-08-30T16:00:00Z
con_000079_1,acc_000079,Carolina,Vega,carolina.vega@arvi.pe.example,valid,General Manager,executive,c_level,en,https://linkedin.example/in/carolina-vega-514,2026-04-23T16:00:00Z,2026-09-18T16:00:00Z
con_000079_2,acc_000079,Leticia,Ramos,leticia.ramos@arvi.pe.example,valid,VP of Operations,operations,vp,en,https://linkedin.example/in/leticia-ramos-111,2026-06-12T16:00:00Z,2026-01-22T16:00:00Z
con_000079_3,acc_000079,Carlos,Vargas,carlos.vargas@arvi.pe.example,unverified,HR Manager,hr,manager,en,https://linkedin.example/in/carlos-vargas-309,,2025-04-11T16:00:00Z
con_000080_1,acc_000080,Leticia,Domínguez,leticia.dominguez@pansoldigital.cl.example,valid,Accountant,finance,ic,en,https://linkedin.example/in/leticia-dominguez-311,2026-09-15T16:00:00Z,2024-12-23T16:00:00Z
con_000081_1,acc_000081,Marcelo,Costa,marcelo.costa@momin.br.example,valid,Chief Procurement Officer,procurement,c_level,en,https://linkedin.example/in/marcelo-costa-433,2026-05-01T16:00:00Z,2025-09-27T16:00:00Z
con_000081_2,acc_000081,Fernanda,Pereira,fernandapereira19@outlook.example,free_provider,Accountant,finance,ic,en,https://linkedin.example/in/fernanda-pereira-775,,2024-06-13T16:00:00Z
con_000081_3,acc_000081,Thiago,Fernandes,thiago.fernandes@momin.br.example,valid,CTO,it,c_level,en,https://linkedin.example/in/thiago-fernandes-588,2026-09-05T16:00:00Z,2024-08-16T16:00:00Z
con_000082_1,acc_000082,Cláudio,Rodrigues,claudio.rodrigues@nemo.br.example,valid,Director of Operations,operations,director,en,https://linkedin.example/in/claudio-rodrigues-967,2026-08-27T16:00:00Z,2026-08-09T16:00:00Z
con_000082_2,acc_000082,Cláudio,Oliveira,claudio.oliveira@nemo.br.example,valid,Finance Manager,finance,manager,en,https://linkedin.example/in/claudio-oliveira-466,2026-06-15T16:00:00Z,2025-02-10T16:00:00Z
con_000082_3,acc_000082,Cláudio,Souza,claudio.souza@nemo.br.example,valid,Administrative Assistant,other,ic,en,https://linkedin.example/in/claudio-souza-471,2026-05-04T16:00:00Z,2025-03-13T16:00:00Z
con_000083_1,acc_000083,Rodrigo,Vieira,rodrigo.vieira@martra.br.example,valid,Accountant,finance,ic,en,https://linkedin.example/in/rodrigo-vieira-308,2026-05-04T16:00:00Z,2024-11-28T16:00:00Z
con_000083_2,acc_000083,Daniela,Soares,daniela.soares@martra.br.example,valid,CTO,it,c_level,en,https://linkedin.example/in/daniela-soares-803,2026-04-20T16:00:00Z,2024-08-03T16:00:00Z
con_000083_3,acc_000083,Juliana,Mendes,juliana.mendes@martra.br.example,valid,Administration Manager,other,manager,en,https://linkedin.example/in/juliana-mendes-426,2026-09-21T16:00:00Z,2025-01-08T16:00:00Z
con_000084_1,acc_000084,Vanessa,Marques,,missing,Finance Manager,finance,manager,en,https://linkedin.example/in/vanessa-marques-217,,2025-12-14T16:00:00Z
con_000085_1,acc_000085,Claudia,Peña,claudia.pena@torenagro.mx.example,valid,Financial Analyst,finance,ic,en,https://linkedin.example/in/claudia-pena-705,2026-05-19T16:00:00Z,2025-01-07T16:00:00Z
con_000085_2,acc_000085,Raúl,Rojas,raul.rojas@torenagro.mx.example,valid,Director of People,hr,director,en,https://linkedin.example/in/raul-rojas-338,2026-05-06T16:00:00Z,2025-02-13T16:00:00Z
con_000086_1,acc_000086,Óscar,Aguilar,oscar.aguilar@cuzu.cl.example,valid,Accountant,finance,ic,en,https://linkedin.example/in/oscar-aguilar-445,2026-07-31T16:00:00Z,2026-07-13T16:00:00Z
con_000086_2,acc_000086,Emilio,Maldonado,emilio.maldonado@cuzu.cl.example,valid,Administration Manager,other,manager,en,https://linkedin.example/in/emilio-maldonado-580,2026-04-04T16:00:00Z,2026-02-19T16:00:00Z
con_000087_1,acc_000087,Sergio,Morales,sergio.morales@ulniretail.mx.example,valid,Accounts Payable Manager,finance,manager,en,https://linkedin.example/in/sergio-morales-708,2026-09-17T16:00:00Z,2025-05-11T16:00:00Z
con_000087_2,acc_000087,Pilar,Acosta,pilar.acosta@ulniretail.mx.example,valid,CFO,finance,c_level,en,https://linkedin.example/in/pilar-acosta-171,2026-08-06T16:00:00Z,2024-09-28T16:00:00Z
con_000088_1,acc_000088,Raúl,Mendoza,raul.mendoza@doka.ar.example,valid,Operations Manager,operations,manager,en,https://linkedin.example/in/raul-mendoza-463,2026-07-06T16:00:00Z,2026-05-03T16:00:00Z
con_000089_1,acc_000089,Jorge,Castro,jorge.castro@traferbuilders.ar.example,valid,Controller,finance,director,en,https://linkedin.example/in/jorge-castro-930,2026-04-29T16:00:00Z,2026-06-03T16:00:00Z
con_000089_2,acc_000089,Teresa,Peña,teresa.pena@traferbuilders.ar.example,valid,Director of Treasury,finance,director,en,https://linkedin.example/in/teresa-pena-928,2026-04-13T16:00:00Z,2025-10-17T16:00:00Z
con_000090_1,acc_000090,Isabela,Machado,isabela.machado@joten.br.example,valid,Accounts Payable Analyst,finance,ic,en,https://linkedin.example/in/isabela-machado-680,2026-08-13T16:00:00Z,2026-04-13T16:00:00Z
con_000091_1,acc_000091,Esteban,Cortés,esteban.cortes@zutordigital.mx.example,valid,CFO,finance,c_level,en,https://linkedin.example/in/esteban-cortes-985,2026-06-07T16:00:00Z,2025-09-22T16:00:00Z
con_000091_2,acc_000091,Guillermo,Sánchez,guillermo.sanchez@zutordigital.mx.example,valid,Operations Coordinator,operations,ic,en,https://linkedin.example/in/guillermo-sanchez-109,2026-05-22T16:00:00Z,2025-06-22T16:00:00Z
con_000092_1,acc_000092,Mariana,Domínguez,mariana.dominguez@risaretail.co.example,valid,Procurement Manager,procurement,manager,en,https://linkedin.example/in/mariana-dominguez-278,2026-05-20T16:00:00Z,2026-02-05T16:00:00Z
con_000092_2,acc_000092,Guillermo,López,guillermo.lopez@risaretail.co.example,valid,VP of Procurement,procurement,vp,en,https://linkedin.example/in/guillermo-lopez-383,2026-05-07T16:00:00Z,2024-04-15T16:00:00Z
con_000093_1,acc_000093,Sofía,Salazar,sofia.salazar@pangal.mx.example,valid,Finance Manager,finance,manager,en,https://linkedin.example/in/sofia-salazar-439,2026-05-05T16:00:00Z,2025-01-27T16:00:00Z
con_000093_2,acc_000093,Óscar,Vega,oscar.vega@pangal.mx.example,valid,Accounts Payable Analyst,finance,ic,en,https://linkedin.example/in/oscar-vega-311,2026-05-31T16:00:00Z,2025-10-29T16:00:00Z
con_000093_3,acc_000093,Manuel,Flores,manuel.flores@pangal.mx.example,valid,Procurement Manager,procurement,manager,en,https://linkedin.example/in/manuel-flores-192,2026-04-14T16:00:00Z,2024-11-25T16:00:00Z
con_000093_4,acc_000093,Jorge,Salazar,jorge.salazar@pangal.mx.example,valid,Financial Analyst,finance,ic,en,https://linkedin.example/in/jorge-salazar-605,2026-07-02T16:00:00Z,2025-06-02T16:00:00Z
con_000093_5,acc_000093,Team,Info,info@pangal.mx.example,role_based,Generic mailbox,executive,ic,en,https://linkedin.example/in/team-info-938,,2025-02-12T16:00:00Z
con_000094_1,acc_000094,Valentina,Díaz,valentina.diaz@arix.ar.example,valid,Financial Analyst,finance,ic,en,https://linkedin.example/in/valentina-diaz-636,2026-07-21T16:00:00Z,2024-10-02T16:00:00Z
con_000094_2,acc_000094,Paula,Ortiz,paula.ortiz@arix.ar.example,valid,Administrative Assistant,other,ic,en,https://linkedin.example/in/paula-ortiz-721,2026-05-28T16:00:00Z,2025-07-17T16:00:00Z
con_000096_1,acc_000096,Paula,Bravo,paula.bravo@viminclinic.mx.example,valid,HR Manager,hr,manager,en,https://linkedin.example/in/paula-bravo-278,2026-05-20T16:00:00Z,2024-05-16T16:00:00Z
con_000097_1,acc_000097,Paula,Bravo,,missing,General Manager,executive,c_level,en,https://linkedin.example/in/paula-bravo-790,,2026-07-28T16:00:00Z
con_000097_2,acc_000097,Adriana,Flores,adriana.flores@vaar.ar.example,valid,Founder,executive,c_level,en,https://linkedin.example/in/adriana-flores-924,2026-05-08T16:00:00Z,2026-08-06T16:00:00Z
con_000098_1,acc_000098,Esteban,Ibarra,esteban.ibarra@bacen.mx.example,valid,Director of Procurement,procurement,director,en,https://linkedin.example/in/esteban-ibarra-744,2026-07-28T16:00:00Z,2026-09-02T16:00:00Z
con_000099_1,acc_000099,Beatriz,Moreira,beatriz.moreira@emfer.br.example,valid,Accounts Payable Analyst,finance,ic,en,https://linkedin.example/in/beatriz-moreira-796,2026-08-03T16:00:00Z,2025-06-27T16:00:00Z
con_000100_1,acc_000100,Gabriela,Quintero,gabriela.quintero@merperadvisors.ar.example,valid,Operations Coordinator,operations,ic,en,https://linkedin.example/in/gabriela-quintero-306,2026-04-11T16:00:00Z,2026-03-25T16:00:00Z
con_000100_2,acc_000100,Diana,Castro,diana.castro@merperadvisors.ar.example,valid,Financial Analyst,finance,ic,en,https://linkedin.example/in/diana-castro-311,2026-09-21T16:00:00Z,2026-02-19T16:00:00Z
con_000101_1,acc_000101,Carolina,Díaz,carolina.diaz@torva.cl.example,unverified,Director of People,hr,director,en,https://linkedin.example/in/carolina-diaz-681,,2025-08-11T16:00:00Z
con_000101_2,acc_000101,Tomás,Hernández,tomas.hernandez@torva.cl.example,valid,Administration Manager,other,manager,en,https://linkedin.example/in/tomas-hernandez-477,2026-06-02T16:00:00Z,2025-06-11T16:00:00Z
con_000101_3,acc_000101,Óscar,Jiménez,oscar.jimenez@torva.cl.example,valid,Systems Analyst,it,ic,en,https://linkedin.example/in/oscar-jimenez-349,2026-07-01T16:00:00Z,2026-06-26T16:00:00Z
con_000101_4,acc_000101,Marcela,Ortiz,marcela.ortiz@torva.cl.example,valid,Director of Procurement,procurement,director,en,https://linkedin.example/in/marcela-ortiz-654,2026-05-19T16:00:00Z,2025-11-23T16:00:00Z
con_000102_1,acc_000102,Ignacio,Lara,ignacio.lara@luquiretail.co.example,valid,Founder,executive,c_level,en,https://linkedin.example/in/ignacio-lara-766,2026-07-22T16:00:00Z,2025-03-26T16:00:00Z
con_000102_2,acc_000102,Víctor,Castillo,victor.castillo@luquiretail.co.example,valid,Operations Manager,operations,manager,en,https://linkedin.example/in/victor-castillo-697,2026-06-19T16:00:00Z,2026-01-16T16:00:00Z
con_000102_3,acc_000102,Francisco,Castillo,francisco.castillo @luquiretail.co.example,invalid_syntax,VP of Finance,finance,vp,en,https://linkedin.example/in/francisco-castillo-649,,2025-11-07T16:00:00Z
con_000103_1,acc_000103,Dulce,Gómez,dulce.gomez@martafreight.mx.example,catchall,Procurement Manager,procurement,manager,en,https://linkedin.example/in/dulce-gomez-482,,2025-08-15T16:00:00Z
con_000103_2,acc_000103,Sergio,Rodríguez,sergio.rodriguez@martafreight.mx.example,valid,Accountant,finance,ic,en,https://linkedin.example/in/sergio-rodriguez-970,2026-06-19T16:00:00Z,2025-10-17T16:00:00Z
con_000104_1,acc_000104,Sebastián,González,,missing,Chief Financial Officer,finance,c_level,en,https://linkedin.example/in/sebastian-gonzalez-507,,2025-01-12T16:00:00Z
con_000104_2,acc_000104,Javier,Aguilar,javier.aguilar@luren.mx.example,valid,IT Manager,it,manager,en,https://linkedin.example/in/javier-aguilar-680,2026-06-04T16:00:00Z,2025-12-09T16:00:00Z
con_000105_1,acc_000105,Ignacio,Acosta,ignacio.acosta@gicufoundation.co.example,valid,Director of Administration,other,director,en,https://linkedin.example/in/ignacio-acosta-701,2026-09-12T16:00:00Z,2025-02-08T16:00:00Z
con_000105_2,acc_000105,Isabel,Romero,isabel.romero@gicufoundation.co.example,valid,CEO,executive,c_level,en,https://linkedin.example/in/isabel-romero-490,2026-09-22T16:00:00Z,2026-01-12T16:00:00Z
con_000106_1,acc_000106,Fernanda,Torres,fernanda.torres@peryramanufacturing.cl.example,valid,Accounts Payable Manager,finance,manager,en,https://linkedin.example/in/fernanda-torres-803,2026-06-25T16:00:00Z,2026-08-22T16:00:00Z
con_000107_1,acc_000107,Paula,Silva,paula.silva@nelocargo.cl.example,valid,Systems Analyst,it,ic,en,https://linkedin.example/in/paula-silva-588,2026-09-19T16:00:00Z,2024-07-29T16:00:00Z
con_000107_2,acc_000107,Adriana,Sánchez,adriana.sanchez@nelocargo.cl.example,catchall,Accounts Payable Analyst,finance,ic,en,https://linkedin.example/in/adriana-sanchez-847,,2025-03-24T16:00:00Z
con_000107_3,acc_000107,Camila,Hernández,camila.hernandez@nelocargo.cl.example,valid,Accountant,finance,ic,en,https://linkedin.example/in/camila-hernandez-165,2026-05-28T16:00:00Z,2026-04-12T16:00:00Z
con_000108_1,acc_000108,Francisco,Contreras,francisco.contreras@tenempetrochemicals.mx.example,valid,IT Manager,it,manager,en,https://linkedin.example/in/francisco-contreras-558,2026-04-20T16:00:00Z,2025-04-15T16:00:00Z
con_000108_2,acc_000108,Francisco,Romero,francisco.romero@tenempetrochemicals.mx.example,valid,Finance Manager,finance,manager,en,https://linkedin.example/in/francisco-romero-930,2026-09-07T16:00:00Z,2024-12-04T16:00:00Z
con_000108_3,acc_000108,Fernanda,Díaz,fernanda.diaz@tenempetrochemicals.mx.example,valid,Operations Coordinator,operations,ic,en,https://linkedin.example/in/fernanda-diaz-824,2026-06-22T16:00:00Z,2024-08-14T16:00:00Z
con_000108_4,acc_000108,Ignacio,Vega,ignacio.vega@tenempetrochemicals.mx.example,valid,Finance Manager,finance,manager,en,https://linkedin.example/in/ignacio-vega-423,2026-06-21T16:00:00Z,2024-07-26T16:00:00Z
con_000109_1,acc_000109,Francisco,Díaz,francisco.diaz@arlomercantile.mx.example,valid,Director of Operations,operations,director,en,https://linkedin.example/in/francisco-diaz-102,2026-07-02T16:00:00Z,2024-04-30T16:00:00Z
con_000109_2,acc_000109,Natalia,Mendoza,natalia.mendoza@arlomercantile.mx.example,valid,Accountant,finance,ic,en,https://linkedin.example/in/natalia-mendoza-902,2026-05-10T16:00:00Z,2025-06-10T16:00:00Z
con_000110_1,acc_000110,Diana,Acosta,diana.acosta@ferdo.co.example,valid,Finance Manager,finance,manager,en,https://linkedin.example/in/diana-acosta-784,2026-08-07T16:00:00Z,2025-06-22T16:00:00Z
con_000110_2,acc_000110,Pilar,Hernández,pilar.hernandez@ferdo.co.example,unverified,Finance Manager,finance,manager,en,https://linkedin.example/in/pilar-hernandez-416,,2024-05-20T16:00:00Z
con_000110_3,acc_000110,Diego,Morales,diego.morales@ferdo.co.example,valid,Director of People,hr,director,en,https://linkedin.example/in/diego-morales-746,2026-05-01T16:00:00Z,2025-01-24T16:00:00Z
con_000111_1,acc_000111,Vinícius,Martins,vinicius.martins@rici.br.example,valid,Treasury Manager,finance,manager,en,https://linkedin.example/in/vinicius-martins-951,2026-09-05T16:00:00Z,2025-10-19T16:00:00Z
con_000111_2,acc_000111,Juliana,Almeida,juliana.almeida@rici.br.example,valid,HR Manager,hr,manager,en,https://linkedin.example/in/juliana-almeida-144,2026-04-12T16:00:00Z,2025-12-21T16:00:00Z
con_000112_1,acc_000112,Rafael,González,rafaelgonzalez80@gmail.example,free_provider,Systems Analyst,it,ic,en,https://linkedin.example/in/rafael-gonzalez-916,,2024-10-20T16:00:00Z
con_000112_2,acc_000112,Óscar,Ramos,oscar.ramos@arlisclinic.cl.example,valid,VP of Administration,other,vp,en,https://linkedin.example/in/oscar-ramos-438,2026-06-07T16:00:00Z,2024-10-24T16:00:00Z
con_000113_1,acc_000113,Renata,Lopes,renata.lopes@pido.br.example,valid,Director of IT,it,director,en,https://linkedin.example/in/renata-lopes-436,2026-05-14T16:00:00Z,2025-02-19T16:00:00Z
con_000114_1,acc_000114,Verónica,Ruiz,veronica.ruiz@moqui.co.example,unverified,VP of Technology,it,vp,en,https://linkedin.example/in/veronica-ruiz-516,,2025-02-28T16:00:00Z
con_000114_2,acc_000114,Leticia,Rivera,leticia.rivera@moqui.co.example,valid,Accounts Payable Analyst,finance,ic,en,https://linkedin.example/in/leticia-rivera-303,2026-05-23T16:00:00Z,2026-05-06T16:00:00Z
con_000114_3,acc_000114,Tomás,Lara,tomas.lara@moqui.co.example,valid,Director of People,hr,director,en,https://linkedin.example/in/tomas-lara-798,2026-05-12T16:00:00Z,2025-08-12T16:00:00Z
con_000114_4,acc_000114,Teresa,Arias,teresaarias39@hotmail.example,free_provider,Operations Manager,operations,manager,en,https://linkedin.example/in/teresa-arias-513,,2026-09-08T16:00:00Z
con_000115_1,acc_000115,César,Gutiérrez,cesargutierrez85@yahoo.example,free_provider,Chief Procurement Officer,procurement,c_level,en,https://linkedin.example/in/cesar-gutierrez-166,,2025-04-23T16:00:00Z
con_000116_1,acc_000116,Karla,Ibarra,karla.ibarra@joper.mx.example,valid,Founder,executive,c_level,en,https://linkedin.example/in/karla-ibarra-174,2026-05-03T16:00:00Z,2024-10-15T16:00:00Z
con_000116_2,acc_000116,María,Valdés,maria.valdes@joper.mx.example,valid,Systems Analyst,it,ic,en,https://linkedin.example/in/maria-valdes-913,2026-07-01T16:00:00Z,2024-09-25T16:00:00Z
con_000117_1,acc_000117,Renata,Ribeiro,renata.ribeiro@perdorfarms.br.example,valid,Finance Manager,finance,manager,en,https://linkedin.example/in/renata-ribeiro-385,2026-04-09T16:00:00Z,2025-10-14T16:00:00Z
con_000118_1,acc_000118,Raúl,Martínez,raul.martinez@belor.pe.example,catchall,Procurement Manager,procurement,manager,en,https://linkedin.example/in/raul-martinez-628,,2026-02-26T16:00:00Z
con_000118_2,acc_000118,Andrea,Rodríguez,andrea.rodriguez@belor.pe.example,valid,Treasury Manager,finance,manager,en,https://linkedin.example/in/andrea-rodriguez-605,2026-07-18T16:00:00Z,2025-12-07T16:00:00Z
con_000119_1,acc_000119,Mauricio,Rojas,mauricio.rojas@toquistudio.mx.example,valid,Chief Administrative Officer,other,c_level,en,https://linkedin.example/in/mauricio-rojas-503,2026-07-19T16:00:00Z,2025-10-12T16:00:00Z
con_000120_1,acc_000120,Marcela,Chávez,marcela.chavez@orulhealth.co.example,valid,Procurement Analyst,procurement,ic,en,https://linkedin.example/in/marcela-chavez-835,2026-04-18T16:00:00Z,2025-05-06T16:00:00Z
con_000120_2,acc_000120,Daniel,Pérez,daniel.perez@orulhealth.co.example,valid,Accounts Payable Analyst,finance,ic,en,https://linkedin.example/in/daniel-perez-455,2026-05-30T16:00:00Z,2026-08-17T16:00:00Z
con_000120_3,acc_000120,Beatriz,Vázquez,beatriz.vazquez@orulhealth.co.example,valid,Operations Coordinator,operations,ic,en,https://linkedin.example/in/beatriz-vazquez-431,2026-05-18T16:00:00Z,2024-12-10T16:00:00Z
con_000120_4,acc_000120,Valentina,Herrera,valentina.herrera@orulhealth.co.example,valid,Executive VP,executive,vp,en,https://linkedin.example/in/valentina-herrera-366,2026-07-27T16:00:00Z,2025-06-25T16:00:00Z
con_000121_1,acc_000121,Alejandro,Rivera,alejandro.rivera@perlis.co.example,valid,General Manager,executive,c_level,en,https://linkedin.example/in/alejandro-rivera-832,2026-05-22T16:00:00Z,2026-05-28T16:00:00Z
con_000121_2,acc_000121,Sebastián,Silva,sebastian.silva@perlis.co.example,unverified,Treasury Manager,finance,manager,en,https://linkedin.example/in/sebastian-silva-566,,2026-08-15T16:00:00Z
con_000121_3,acc_000121,Luis,Zamora,luis.zamora@perlis.co.example,valid,Accountant,finance,ic,en,https://linkedin.example/in/luis-zamora-603,2026-07-21T16:00:00Z,2026-03-21T16:00:00Z
con_000122_1,acc_000122,Javier,Martínez,javier.martinez@sagalfarms.mx.example,valid,Founder,executive,c_level,en,https://linkedin.example/in/javier-martinez-321,2026-05-03T16:00:00Z,2026-01-25T16:00:00Z
con_000122_2,acc_000122,Camila,Rodríguez,camila.rodriguez@sagalfarms.mx.example,valid,Director of Procurement,procurement,director,en,https://linkedin.example/in/camila-rodriguez-580,2026-06-11T16:00:00Z,2026-08-15T16:00:00Z
con_000123_1,acc_000123,Roberto,Rivera,roberto.rivera@ulca.co.example,valid,Director of IT,it,director,en,https://linkedin.example/in/roberto-rivera-716,2026-06-23T16:00:00Z,2025-07-31T16:00:00Z
con_000123_2,acc_000123,Patricia,Ruiz,patricia.ruiz@ulca.co.example,unverified,Accounts Payable Manager,finance,manager,en,https://linkedin.example/in/patricia-ruiz-959,,2025-08-23T16:00:00Z
con_000124_1,acc_000124,Guillermo,Maldonado,guillermo.maldonado@galtor.cl.example,valid,Buyer,procurement,ic,en,https://linkedin.example/in/guillermo-maldonado-241,2026-07-25T16:00:00Z,2026-02-01T16:00:00Z
con_000124_2,acc_000124,Patricia,Fernández,patricia.fernandez@galtor.cl.example,valid,Chief Financial Officer,finance,c_level,en,https://linkedin.example/in/patricia-fernandez-769,2026-07-10T16:00:00Z,2025-03-14T16:00:00Z
con_000124_3,acc_000124,Sebastián,Hernández,sebastian.hernandez@galtor.cl.example,valid,Director of Finance,finance,director,en,https://linkedin.example/in/sebastian-hernandez-114,2026-05-06T16:00:00Z,2024-08-15T16:00:00Z
con_000124_4,acc_000124,Manuel,Ortiz,manuel.ortiz@galtor.cl.example,unverified,CEO,executive,c_level,en,https://linkedin.example/in/manuel-ortiz-451,,2025-03-28T16:00:00Z
con_000124_5,acc_000124,Carlos,Zamora,carlos.zamora@galtor.cl.example,valid,Procurement Manager,procurement,manager,en,https://linkedin.example/in/carlos-zamora-118,2026-04-22T16:00:00Z,2026-01-21T16:00:00Z
con_000125_1,acc_000125,Daniela,Almeida,,missing,VP of Finance,finance,vp,en,https://linkedin.example/in/daniela-almeida-871,,2024-11-08T16:00:00Z
con_000125_2,acc_000125,Cláudio,Souza,claudiosouza43@yahoo.example,free_provider,Accounts Payable Analyst,finance,ic,en,https://linkedin.example/in/claudio-souza-291,,2026-01-27T16:00:00Z
con_000126_1,acc_000126,Mariana,Ramos,mariana.ramos@luzu.pe.example,valid,Director of IT,it,director,en,https://linkedin.example/in/mariana-ramos-131,2026-05-03T16:00:00Z,2025-02-24T16:00:00Z
con_000126_2,acc_000126,Raúl,Herrera,raul.herrera@luzu.pe.example,valid,Financial Analyst,finance,ic,en,https://linkedin.example/in/raul-herrera-604,2026-08-22T16:00:00Z,2026-07-17T16:00:00Z
con_000127_1,acc_000127,Beatriz,Guerrero,beatriz.guerrero@baver.mx.example,valid,Director of Finance,finance,director,en,https://linkedin.example/in/beatriz-guerrero-697,2026-06-01T16:00:00Z,2026-03-28T16:00:00Z
con_000127_2,acc_000127,Roberto,Flores,roberto.flores@baver.mx.example,valid,Accounts Payable Analyst,finance,ic,en,https://linkedin.example/in/roberto-flores-542,2026-05-15T16:00:00Z,2025-08-27T16:00:00Z
con_000127_3,acc_000127,Pilar,Pineda,pilar.pineda@baver.mx.example,valid,IT Manager,it,manager,en,https://linkedin.example/in/pilar-pineda-783,2026-04-04T16:00:00Z,2026-08-01T16:00:00Z
con_000128_1,acc_000128,Dulce,Rivera,dulce.rivera@moca.ar.example,valid,Director of Sourcing,procurement,director,en,https://linkedin.example/in/dulce-rivera-741,2026-09-09T16:00:00Z,2025-12-26T16:00:00Z
con_000129_1,acc_000129,Mónica,Ramos,monica.ramos@mogifoods.mx.example,catchall,Director of IT,it,director,en,https://linkedin.example/in/monica-ramos-935,,2025-07-11T16:00:00Z
con_000129_2,acc_000129,Manuel,García,manuel.garcia@mogifoods.mx.example,valid,Procurement Analyst,procurement,ic,en,https://linkedin.example/in/manuel-garcia-412,2026-06-24T16:00:00Z,2024-07-24T16:00:00Z
con_000129_3,acc_000129,Jorge,Aguilar,jorge.aguilar@mogifoods.mx.example,valid,CTO,it,c_level,en,https://linkedin.example/in/jorge-aguilar-343,2026-09-08T16:00:00Z,2024-04-15T16:00:00Z
con_000130_1,acc_000130,Beatriz,García,beatriz.garcia@cimogourmet.ar.example,valid,Founder,executive,c_level,en,https://linkedin.example/in/beatriz-garcia-969,2026-05-14T16:00:00Z,2025-09-30T16:00:00Z
con_000130_2,acc_000130,Pilar,Castro,pilar.castro@cimogourmet.ar.example,unverified,Procurement Manager,procurement,manager,en,https://linkedin.example/in/pilar-castro-258,,2025-05-15T16:00:00Z
con_000130_3,acc_000130,Lorena,Ruiz,lorena.ruiz@cimogourmet.ar.example,valid,Accounts Payable Analyst,finance,ic,en,https://linkedin.example/in/lorena-ruiz-213,2026-08-24T16:00:00Z,2024-11-08T16:00:00Z
con_000130_4,acc_000130,Raúl,Cárdenas,raul.cardenas@cimogourmet.ar.example,valid,Chief Procurement Officer,procurement,c_level,en,https://linkedin.example/in/raul-cardenas-588,2026-08-21T16:00:00Z,2025-08-08T16:00:00Z
con_000130_5,acc_000130,José,Cárdenas,jose.cardenas@cimogourmet.ar.example,valid,CFO,finance,c_level,en,https://linkedin.example/in/jose-cardenas-655,2026-09-14T16:00:00Z,2025-05-29T16:00:00Z
con_000131_1,acc_000131,Francisco,Herrera,francisco.herrera@panvimanufacturing.co.example,valid,IT Manager,it,manager,en,https://linkedin.example/in/francisco-herrera-493,2026-04-21T16:00:00Z,2025-05-12T16:00:00Z
con_000131_2,acc_000131,Javier,Pineda,javier.pineda@panvimanufacturing.co.example,valid,General Manager,executive,c_level,en,https://linkedin.example/in/javier-pineda-228,2026-07-24T16:00:00Z,2026-06-20T16:00:00Z
con_000132_1,acc_000132,Javier,Lara,javier.lara@dormar.co.example,valid,Accountant,finance,ic,en,https://linkedin.example/in/javier-lara-408,2026-04-20T16:00:00Z,2025-12-26T16:00:00Z
con_000133_1,acc_000133,Larissa,Almeida,larissa.almeida@tato.br.example,valid,CEO,executive,c_level,en,https://linkedin.example/in/larissa-almeida-820,2026-08-03T16:00:00Z,2026-08-29T16:00:00Z
con_000134_1,acc_000134,Vinícius,Martins,vinicius.martins@kari.br.example,valid,Treasury Manager,finance,manager,en,https://linkedin.example/in/vinicius-martins-301,2026-07-07T16:00:00Z,2025-02-15T16:00:00Z
con_000135_1,acc_000135,Natalia,Hernández,natalia.hernandez@viormanufacturing.co.example,valid,General Manager,executive,c_level,en,https://linkedin.example/in/natalia-hernandez-873,2026-06-24T16:00:00Z,2026-08-01T16:00:00Z
con_000136_1,acc_000136,Mauricio,Morales,mauricio.morales@gitrahealth.co.example,valid,Operations Manager,operations,manager,en,https://linkedin.example/in/mauricio-morales-715,2026-08-06T16:00:00Z,2026-07-04T16:00:00Z
con_000136_2,acc_000136,Víctor,Torres,victor.torres@gitrahealth.co.example,valid,VP of Finance,finance,vp,en,https://linkedin.example/in/victor-torres-666,2026-05-07T16:00:00Z,2025-09-26T16:00:00Z
con_000136_3,acc_000136,Camila,Contreras,camila.contreras@gitrahealth.co.example,valid,Director of Administration,other,director,en,https://linkedin.example/in/camila-contreras-211,2026-08-29T16:00:00Z,2026-03-07T16:00:00Z
con_000136_4,acc_000136,Verónica,Vargas,veronica.vargas@gitrahealth.co.example,valid,Treasury Manager,finance,manager,en,https://linkedin.example/in/veronica-vargas-897,2026-07-29T16:00:00Z,2025-12-18T16:00:00Z
con_000137_1,acc_000137,Elena,Medina,elena.medina@sagibeverages.mx.example,valid,Accountant,finance,ic,en,https://linkedin.example/in/elena-medina-141,2026-07-22T16:00:00Z,2026-04-25T16:00:00Z
con_000137_2,acc_000137,Rocío,Gutiérrez,rocio.gutierrez@sagibeverages.mx.example,valid,General Manager,executive,c_level,en,https://linkedin.example/in/rocio-gutierrez-212,2026-05-11T16:00:00Z,2025-03-24T16:00:00Z
con_000137_3,acc_000137,Julián,Pérez,julian.perez@sagibeverages.mx.example,valid,Founder,executive,c_level,en,https://linkedin.example/in/julian-perez-906,2026-04-25T16:00:00Z,2026-07-01T16:00:00Z
con_000138_1,acc_000138,Beatriz,Ramírez,beatriz.ramirez@renzutech.mx.example,valid,Procurement Analyst,procurement,ic,en,https://linkedin.example/in/beatriz-ramirez-792,2026-04-15T16:00:00Z,2024-09-25T16:00:00Z
con_000138_2,acc_000138,Ximena,Montoya,ximena.montoya@renzutech.mx.example,unverified,Systems Analyst,it,ic,en,https://linkedin.example/in/ximena-montoya-945,,2025-02-13T16:00:00Z
con_000139_1,acc_000139,Marcela,Sánchez,marcela.sanchez@lumin.cl.example,valid,Administrative Assistant,other,ic,en,https://linkedin.example/in/marcela-sanchez-374,2026-04-12T16:00:00Z,2025-07-25T16:00:00Z
con_000139_2,acc_000139,Team,Info,info@lumin.cl.example,role_based,Generic mailbox,other,ic,en,https://linkedin.example/in/team-info-428,,2024-06-12T16:00:00Z
con_000139_3,acc_000139,Francisco,Vázquez,francisco.vazquez@lumin.cl.example,valid,Systems Analyst,it,ic,en,https://linkedin.example/in/francisco-vazquez-795,2026-07-12T16:00:00Z,2025-01-11T16:00:00Z
con_000139_4,acc_000139,Marcela,Contreras,marcela.contreras@lumin.cl.example,valid,CEO,executive,c_level,en,https://linkedin.example/in/marcela-contreras-668,2026-04-08T16:00:00Z,2026-05-15T16:00:00Z
con_000140_1,acc_000140,Miguel,Escobar,miguel.escobar@vasol.ar.example,valid,Administrative Assistant,other,ic,en,https://linkedin.example/in/miguel-escobar-929,2026-08-30T16:00:00Z,2026-07-24T16:00:00Z
con_000140_2,acc_000140,Mauricio,Torres,mauricio.torres@vasol.ar.example,valid,Controller,finance,director,en,https://linkedin.example/in/mauricio-torres-391,2026-07-24T16:00:00Z,2024-08-09T16:00:00Z
con_000140_3,acc_000140,Leticia,Mendoza,leticia.mendoza@vasol.ar.example,valid,Director of Operations,operations,director,en,https://linkedin.example/in/leticia-mendoza-736,2026-09-05T16:00:00Z,2025-12-19T16:00:00Z
con_000141_1,acc_000141,Gabriela,Vega,gabriela.vega@giba.mx.example,valid,Director of Finance,finance,director,en,https://linkedin.example/in/gabriela-vega-846,2026-05-13T16:00:00Z,2026-03-03T16:00:00Z
con_000142_1,acc_000142,Manuel,Rivera,manuel.rivera@verem.co.example,valid,Founder,executive,c_level,en,https://linkedin.example/in/manuel-rivera-552,2026-08-07T16:00:00Z,2024-09-06T16:00:00Z
con_000142_2,acc_000142,Team,Info,info@verem.co.example,role_based,Generic mailbox,finance,ic,en,https://linkedin.example/in/team-info-581,,2024-05-25T16:00:00Z
con_000143_1,acc_000143,Team,Info,info@emqui.br.example,role_based,Generic mailbox,finance,ic,en,https://linkedin.example/in/team-info-514,,2025-05-14T16:00:00Z
con_000143_2,acc_000143,Juliana,Pereira,juliana.pereira@emqui.br.example,valid,Finance Manager,finance,manager,en,https://linkedin.example/in/juliana-pereira-168,2026-07-05T16:00:00Z,2025-03-05T16:00:00Z
con_000144_1,acc_000144,Ximena,Moreno,ximena.moreno@zucen.co.example,valid,Director of Procurement,procurement,director,en,https://linkedin.example/in/ximena-moreno-317,2026-08-26T16:00:00Z,2026-04-20T16:00:00Z
con_000144_2,acc_000144,Pablo,Medina,pablo.medina@zucen.co.example,valid,Procurement Analyst,procurement,ic,en,https://linkedin.example/in/pablo-medina-762,2026-08-08T16:00:00Z,2025-12-28T16:00:00Z
con_000145_1,acc_000145,Javier,Zamora,javier.zamora@marem.mx.example,valid,Accounts Payable Analyst,finance,ic,en,https://linkedin.example/in/javier-zamora-102,2026-06-19T16:00:00Z,2026-07-21T16:00:00Z
con_000145_2,acc_000145,Lorena,Vega,lorena.vega@marem.mx.example,valid,CFO,finance,c_level,en,https://linkedin.example/in/lorena-vega-749,2026-08-21T16:00:00Z,2025-05-04T16:00:00Z
con_000145_3,acc_000145,Sebastián,Aguilar,sebastian.aguilar@marem.mx.example,valid,CEO,executive,c_level,en,https://linkedin.example/in/sebastian-aguilar-574,2026-05-25T16:00:00Z,2025-10-05T16:00:00Z
con_000146_1,acc_000146,Víctor,Díaz,victor.diaz@vilodigital.co.example,valid,Director of People,hr,director,en,https://linkedin.example/in/victor-diaz-715,2026-05-17T16:00:00Z,2024-08-04T16:00:00Z
con_000146_2,acc_000146,Carolina,Ortiz,carolina.ortiz@vilodigital.co.example,valid,Accounts Payable Analyst,finance,ic,en,https://linkedin.example/in/carolina-ortiz-864,2026-06-04T16:00:00Z,2026-03-25T16:00:00Z
con_000146_3,acc_000146,César,Rojas,cesar.rojas@vilodigital.co.example,valid,Procurement Manager,procurement,manager,en,https://linkedin.example/in/cesar-rojas-756,2026-04-11T16:00:00Z,2025-01-12T16:00:00Z
con_000146_4,acc_000146,Santiago,Zamora,santiago.zamora@vilodigital.co.example,valid,Director of Procurement,procurement,director,en,https://linkedin.example/in/santiago-zamora-618,2026-05-05T16:00:00Z,2024-12-09T16:00:00Z
con_000147_1,acc_000147,Ignacio,Cárdenas,ignacio.cardenas@kacenmining.co.example,valid,Founder,executive,c_level,en,https://linkedin.example/in/ignacio-cardenas-218,2026-05-19T16:00:00Z,2026-04-10T16:00:00Z
con_000148_1,acc_000148,Francisco,Escobar,francisco.escobar@bafer.ar.example,valid,Director of Procurement,procurement,director,en,https://linkedin.example/in/francisco-escobar-759,2026-05-04T16:00:00Z,2026-09-16T16:00:00Z
con_000149_1,acc_000149,Marcelo,Carvalho,marcelo.carvalho@bellis.br.example,valid,Operations Coordinator,operations,ic,en,https://linkedin.example/in/marcelo-carvalho-979,2026-04-04T16:00:00Z,2025-02-15T16:00:00Z
con_000150_1,acc_000150,Verónica,Castillo,veronica.castillo@negiinstitute.co.example,valid,Accountant,finance,ic,en,https://linkedin.example/in/veronica-castillo-242,2026-04-07T16:00:00Z,2026-08-17T16:00:00Z
con_000150_2,acc_000150,Esteban,Ruiz,esteban.ruiz@negiinstitute.co.example,valid,Administration Manager,other,manager,en,https://linkedin.example/in/esteban-ruiz-583,2026-07-20T16:00:00Z,2026-05-11T16:00:00Z
con_000150_3,acc_000150,José,Maldonado,jose.maldonado@negiinstitute.co.example,valid,VP of Operations,operations,vp,en,https://linkedin.example/in/jose-maldonado-202,2026-04-24T16:00:00Z,2025-04-05T16:00:00Z
con_000150_4,acc_000150,Nicolás,Vega,nicolas.vega@negiinstitute.co.example,unverified,Chief Financial Officer,finance,c_level,en,https://linkedin.example/in/nicolas-vega-741,,2024-10-12T16:00:00Z
con_000151_1,acc_000151,Team,Info,info@gicihealth.co.example,role_based,Generic mailbox,operations,ic,en,https://linkedin.example/in/team-info-810,,2026-04-02T16:00:00Z
con_000151_2,acc_000151,Javier,Cortés,javier.cortes@gicihealth.co.example,valid,General Manager,executive,c_level,en,https://linkedin.example/in/javier-cortes-208,2026-09-08T16:00:00Z,2025-09-04T16:00:00Z
con_000152_1,acc_000152,Daniel,Morales,daniel.morales@pivi.co.example,unverified,General Manager,executive,c_level,en,https://linkedin.example/in/daniel-morales-926,,2024-07-24T16:00:00Z
con_000152_2,acc_000152,Raúl,Cárdenas,raul.cardenas@pivi.co.example,valid,Finance Manager,finance,manager,en,https://linkedin.example/in/raul-cardenas-778,2026-08-03T16:00:00Z,2024-05-02T16:00:00Z
con_000152_3,acc_000152,Mónica,Vargas,monica.vargas@pivi.co.example,valid,CFO,finance,c_level,en,https://linkedin.example/in/monica-vargas-327,2026-07-01T16:00:00Z,2024-04-16T16:00:00Z
con_000153_1,acc_000153,Lucas,Costa,lucas.costa@joqui.br.example,valid,Chief Financial Officer,finance,c_level,en,https://linkedin.example/in/lucas-costa-465,2026-04-20T16:00:00Z,2026-05-24T16:00:00Z
con_000154_1,acc_000154,Tomás,Arias,tomas.arias@empanfoods.pe.example,unverified,CHRO,hr,c_level,en,https://linkedin.example/in/tomas-arias-141,,2026-04-23T16:00:00Z
con_000154_2,acc_000154,Rocío,Sánchez,rocio.sanchez@empanfoods.pe.example,valid,HR Manager,hr,manager,en,https://linkedin.example/in/rocio-sanchez-506,2026-07-31T16:00:00Z,2024-04-29T16:00:00Z
con_000154_3,acc_000154,Paula,Aguilar,paula.aguilar@empanfoods.pe.example,valid,Director of Finance,finance,director,en,https://linkedin.example/in/paula-aguilar-924,2026-08-29T16:00:00Z,2025-03-12T16:00:00Z
con_000155_1,acc_000155,Verónica,Flores,veronica.flores@citra.mx.example,valid,Finance Manager,finance,manager,en,https://linkedin.example/in/veronica-flores-800,2026-09-21T16:00:00Z,2024-05-26T16:00:00Z
con_000155_2,acc_000155,Verónica,Salazar,,missing,Director of Treasury,finance,director,en,https://linkedin.example/in/veronica-salazar-883,,2025-03-21T16:00:00Z
con_000156_1,acc_000156,Diego,Fernández,diego.fernandez@arnex.ar.example,valid,Systems Analyst,it,ic,en,https://linkedin.example/in/diego-fernandez-633,2026-07-02T16:00:00Z,2026-06-05T16:00:00Z
con_000157_1,acc_000157,Lucas,Rocha,lucas.rocha@vatahotels.br.example,valid,Operations Manager,operations,manager,en,https://linkedin.example/in/lucas-rocha-250,2026-09-07T16:00:00Z,2024-09-01T16:00:00Z
con_000158_1,acc_000158,Pilar,Salazar,pilarsalazar72@yahoo.example,free_provider,Treasury Manager,finance,manager,en,https://linkedin.example/in/pilar-salazar-748,,2024-06-17T16:00:00Z
con_000158_2,acc_000158,Alejandro,Ramos,alejandro.ramos@yrapaninstitute.co.example,valid,Accountant,finance,ic,en,https://linkedin.example/in/alejandro-ramos-308,2026-05-24T16:00:00Z,2024-09-30T16:00:00Z
con_000159_1,acc_000159,João,Machado,joao.machado@mador.br.example,valid,Financial Analyst,finance,ic,en,https://linkedin.example/in/joao-machado-280,2026-04-10T16:00:00Z,2026-01-31T16:00:00Z
con_000159_2,acc_000159,Eduardo,Fernandes,eduardo.fernandes@mador.br.example,valid,Director of Procurement,procurement,director,en,https://linkedin.example/in/eduardo-fernandes-547,2026-05-08T16:00:00Z,2025-05-05T16:00:00Z
con_000160_1,acc_000160,Marcela,Vega,marcela.vega@zumingourmet.mx.example,valid,Administration Manager,other,manager,en,https://linkedin.example/in/marcela-vega-310,2026-08-23T16:00:00Z,2026-06-02T16:00:00Z
con_000161_1,acc_000161,Óscar,Rivera,oscar.rivera@arpimanufacturing.co.example,valid,Procurement Manager,procurement,manager,en,https://linkedin.example/in/oscar-rivera-284,2026-07-16T16:00:00Z,2024-07-18T16:00:00Z
con_000161_2,acc_000161,Team,Info,info@arpimanufacturing.co.example,role_based,Generic mailbox,procurement,ic,en,https://linkedin.example/in/team-info-147,,2024-06-22T16:00:00Z
con_000161_3,acc_000161,Dulce,Lara,dulce.lara@arpimanufacturing.co.example,unverified,Director of IT,it,director,en,https://linkedin.example/in/dulce-lara-151,,2026-03-08T16:00:00Z
con_000161_4,acc_000161,Mariana,Gutiérrez,mariana.gutierrez@arpimanufacturing.co.example,valid,General Manager,executive,c_level,en,https://linkedin.example/in/mariana-gutierrez-463,2026-08-26T16:00:00Z,2025-11-27T16:00:00Z
con_000162_1,acc_000162,Gabriel,Fernández,gabriel.fernandez@mincenhealth.pe.example,valid,CEO,executive,c_level,en,https://linkedin.example/in/gabriel-fernandez-714,2026-08-12T16:00:00Z,2026-07-25T16:00:00Z
con_000163_1,acc_000163,María,Fernández,maria.fernandez@margiagro.mx.example,valid,Accounts Payable Analyst,finance,ic,en,https://linkedin.example/in/maria-fernandez-639,2026-08-10T16:00:00Z,2026-03-31T16:00:00Z
con_000163_2,acc_000163,Adriana,Peña,adriana.pena@margiagro.mx.example,unverified,Financial Analyst,finance,ic,en,https://linkedin.example/in/adriana-pena-768,,2024-04-16T16:00:00Z
con_000163_3,acc_000163,Emilio,Chávez,emilio.chavez@margiagro.mx.example,unverified,Treasury Manager,finance,manager,en,https://linkedin.example/in/emilio-chavez-247,,2025-06-13T16:00:00Z
con_000164_1,acc_000164,Paulo,Oliveira,paulo.oliveira@perultourism.br.example,valid,Director of People,hr,director,en,https://linkedin.example/in/paulo-oliveira-613,2026-07-23T16:00:00Z,2025-03-29T16:00:00Z
con_000165_1,acc_000165,Mariana,Domínguez,mariana.dominguez@vacenmedical.mx.example,valid,IT Manager,it,manager,en,https://linkedin.example/in/mariana-dominguez-914,2026-07-09T16:00:00Z,2025-10-14T16:00:00Z
con_000165_2,acc_000165,Ricardo,Vega,ricardo.vega@vacenmedical.mx.example,valid,Operations Manager,operations,manager,en,https://linkedin.example/in/ricardo-vega-998,2026-04-28T16:00:00Z,2024-10-13T16:00:00Z
con_000166_1,acc_000166,Miguel,Rojas,miguel.rojas@perbel.ar.example,catchall,HR Manager,hr,manager,en,https://linkedin.example/in/miguel-rojas-294,,2024-05-19T16:00:00Z
con_000166_2,acc_000166,Team,Info,info@perbel.ar.example,role_based,Generic mailbox,other,ic,en,https://linkedin.example/in/team-info-500,,2025-10-14T16:00:00Z
con_000166_3,acc_000166,Team,Contacto,contacto@perbel.ar.example,role_based,Generic mailbox,procurement,ic,en,https://linkedin.example/in/team-contacto-529,,2024-12-15T16:00:00Z
con_000166_4,acc_000166,Julián,Arias,julian.arias@perbel.ar.example,valid,Operations Coordinator,operations,ic,en,https://linkedin.example/in/julian-arias-828,2026-08-24T16:00:00Z,2024-10-14T16:00:00Z
con_000168_1,acc_000168,Pilar,Castro,pilar.castro@yragal.mx.example,valid,Controller,finance,director,en,https://linkedin.example/in/pilar-castro-322,2026-04-09T16:00:00Z,2025-09-01T16:00:00Z
con_000168_2,acc_000168,Francisco,Reyes,francisco.reyes@yragal.mx.example,valid,IT Manager,it,manager,en,https://linkedin.example/in/francisco-reyes-564,2026-09-02T16:00:00Z,2026-03-28T16:00:00Z
con_000169_1,acc_000169,Carlos,Martins,carlos.martins@belor.br.example,valid,Executive VP,executive,vp,en,https://linkedin.example/in/carlos-martins-335,2026-09-20T16:00:00Z,2026-01-20T16:00:00Z
con_000169_2,acc_000169,Paulo,Costa,paulo.costa@belor.br.example,valid,HR Manager,hr,manager,en,https://linkedin.example/in/paulo-costa-222,2026-08-04T16:00:00Z,2026-05-27T16:00:00Z
con_000170_1,acc_000170,Patricia,Montoya,patricia.montoya @ordoindustries.co.example,invalid_syntax,Executive VP,executive,vp,en,https://linkedin.example/in/patricia-montoya-502,,2024-07-04T16:00:00Z
con_000170_2,acc_000170,Isabel,Escobar,isabel.escobar@ordoindustries.co.example,valid,CEO,executive,c_level,en,https://linkedin.example/in/isabel-escobar-605,2026-06-25T16:00:00Z,2025-08-22T16:00:00Z
con_000171_1,acc_000171,Luiza,Ferreira,luiza.ferreira@sabastudio.br.example,valid,Chief Financial Officer,finance,c_level,en,https://linkedin.example/in/luiza-ferreira-927,2026-08-09T16:00:00Z,2025-10-02T16:00:00Z
con_000171_2,acc_000171,Cláudio,Lopes,claudio.lopes@sabastudio.br.example,valid,Founder,executive,c_level,en,https://linkedin.example/in/claudio-lopes-720,2026-09-06T16:00:00Z,2025-02-23T16:00:00Z
con_000172_1,acc_000172,Beatriz,Pineda,beatriz.pineda@mosa.mx.example,valid,Accounts Payable Manager,finance,manager,en,https://linkedin.example/in/beatriz-pineda-445,2026-04-07T16:00:00Z,2025-06-04T16:00:00Z
con_000172_2,acc_000172,Elena,Romero,elena.romero@mosa.mx.example,valid,CTO,it,c_level,en,https://linkedin.example/in/elena-romero-617,2026-05-31T16:00:00Z,2025-10-24T16:00:00Z
con_000173_1,acc_000173,Andrea,Ortiz,andrea.ortiz@mamafreight.co.example,valid,Procurement Manager,procurement,manager,en,https://linkedin.example/in/andrea-ortiz-287,2026-06-29T16:00:00Z,2025-09-19T16:00:00Z
con_000173_2,acc_000173,Camila,Pérez,camila.perez@mamafreight.co.example,valid,VP of Finance,finance,vp,en,https://linkedin.example/in/camila-perez-312,2026-05-14T16:00:00Z,2025-10-10T16:00:00Z
con_000173_3,acc_000173,Team,Info,info@mamafreight.co.example,role_based,Generic mailbox,finance,ic,en,https://linkedin.example/in/team-info-582,,2026-05-17T16:00:00Z
con_000174_1,acc_000174,Pilar,Sánchez,pilar.sanchez@solpansystems.pe.example,valid,Accountant,finance,ic,en,https://linkedin.example/in/pilar-sanchez-609,2026-05-20T16:00:00Z,2025-11-30T16:00:00Z
con_000175_1,acc_000175,Francisco,Ponce,francisco.ponce@maniretail.mx.example,valid,CEO,executive,c_level,en,https://linkedin.example/in/francisco-ponce-917,2026-08-24T16:00:00Z,2025-10-16T16:00:00Z
con_000176_1,acc_000176,Francisco,Jiménez,francisco.jimenez@nexcen.mx.example,valid,Operations Manager,operations,manager,en,https://linkedin.example/in/francisco-jimenez-579,2026-05-26T16:00:00Z,2025-07-15T16:00:00Z
con_000177_1,acc_000177,Alejandro,Salazar,alejandro.salazar@ixem.cl.example,valid,Operations Manager,operations,manager,en,https://linkedin.example/in/alejandro-salazar-749,2026-09-20T16:00:00Z,2025-10-11T16:00:00Z
con_000177_2,acc_000177,Roberto,Reyes,,missing,Financial Analyst,finance,ic,en,https://linkedin.example/in/roberto-reyes-102,,2025-07-26T16:00:00Z
con_000177_3,acc_000177,Mariana,Gutiérrez,mariana.gutierrez@ixem.cl.example,valid,General Manager,executive,c_level,en,https://linkedin.example/in/mariana-gutierrez-445,2026-07-20T16:00:00Z,2024-11-03T16:00:00Z
con_000177_4,acc_000177,Gabriel,Pineda,gabrielpineda56@gmail.example,free_provider,Administrative Assistant,other,ic,en,https://linkedin.example/in/gabriel-pineda-157,,2024-12-16T16:00:00Z
con_000178_1,acc_000178,Luis,Cruz,luis.cruz@nexci.co.example,valid,VP of Finance,finance,vp,en,https://linkedin.example/in/luis-cruz-358,2026-08-22T16:00:00Z,2024-12-30T16:00:00Z
con_000178_2,acc_000178,Luis,Maldonado,luis.maldonado@nexci.co.example,valid,Accountant,finance,ic,en,https://linkedin.example/in/luis-maldonado-790,2026-04-28T16:00:00Z,2025-04-13T16:00:00Z
con_000178_3,acc_000178,Carlos,Moreno,carlos.moreno@nexci.co.example,unverified,Accounts Payable Manager,finance,manager,en,https://linkedin.example/in/carlos-moreno-195,,2025-12-29T16:00:00Z
con_000179_1,acc_000179,Leonardo,Marques,leonardo.marques@pilu.br.example,valid,Director of Treasury,finance,director,en,https://linkedin.example/in/leonardo-marques-129,2026-07-09T16:00:00Z,2025-03-04T16:00:00Z
con_000180_1,acc_000180,Beatriz,Rocha,beatriz.rocha@traarbuilders.br.example,valid,Administration Manager,other,manager,en,https://linkedin.example/in/beatriz-rocha-576,2026-05-09T16:00:00Z,2026-05-20T16:00:00Z
con_000181_1,acc_000181,Teresa,Escobar,teresa.escobar@dorvisystems.ar.example,valid,Founder,executive,c_level,en,https://linkedin.example/in/teresa-escobar-853,2026-07-18T16:00:00Z,2026-03-15T16:00:00Z
con_000181_2,acc_000181,Camila,Paredes,camila.paredes@dorvisystems.ar.example,valid,Operations Coordinator,operations,ic,en,https://linkedin.example/in/camila-paredes-836,2026-05-28T16:00:00Z,2026-02-01T16:00:00Z
con_000181_3,acc_000181,Team,Info,info@dorvisystems.ar.example,role_based,Generic mailbox,procurement,ic,en,https://linkedin.example/in/team-info-509,,2025-03-12T16:00:00Z
con_000182_1,acc_000182,Guillermo,Medina,guillermo.medina@netor.ar.example,unverified,Systems Analyst,it,ic,en,https://linkedin.example/in/guillermo-medina-835,,2024-07-27T16:00:00Z
con_000182_2,acc_000182,Luis,Gómez,luis.gomez@netor.ar.example,valid,HR Manager,hr,manager,en,https://linkedin.example/in/luis-gomez-953,2026-04-28T16:00:00Z,2025-06-16T16:00:00Z
con_000182_3,acc_000182,Leticia,Navarro,leticia.navarro@netor.ar.example,valid,Operations Coordinator,operations,ic,en,https://linkedin.example/in/leticia-navarro-991,2026-04-25T16:00:00Z,2025-12-09T16:00:00Z
con_000182_4,acc_000182,Rocío,Pérez,rocio.perez@netor.ar.example,valid,VP of Procurement,procurement,vp,en,https://linkedin.example/in/rocio-perez-494,2026-05-17T16:00:00Z,2025-02-03T16:00:00Z
con_000182_5,acc_000182,Sergio,Arias,sergio.arias@netor.ar.example,valid,VP of Finance,finance,vp,en,https://linkedin.example/in/sergio-arias-623,2026-07-24T16:00:00Z,2024-06-05T16:00:00Z
con_000183_1,acc_000183,Diego,Torres,diego.torres@ciferfoods.mx.example,valid,Controller,finance,director,en,https://linkedin.example/in/diego-torres-193,2026-09-16T16:00:00Z,2026-01-05T16:00:00Z
con_000183_2,acc_000183,Teresa,Torres,teresa.torres@ciferfoods.mx.example,unverified,Accounts Payable Analyst,finance,ic,en,https://linkedin.example/in/teresa-torres-141,,2025-09-05T16:00:00Z
con_000184_1,acc_000184,Adriana,Soto,adriana.soto@alci.co.example,valid,Chief Financial Officer,finance,c_level,en,https://linkedin.example/in/adriana-soto-316,2026-09-15T16:00:00Z,2026-05-23T16:00:00Z
con_000184_2,acc_000184,Sergio,Moreno,sergio.moreno@alci.co.example,valid,Administrative Assistant,other,ic,en,https://linkedin.example/in/sergio-moreno-387,2026-06-16T16:00:00Z,2025-07-28T16:00:00Z
con_000185_1,acc_000185,João,Andrade,joao.andrade@nexlu.br.example,valid,Finance Manager,finance,manager,en,https://linkedin.example/in/joao-andrade-277,2026-06-23T16:00:00Z,2026-07-24T16:00:00Z
con_000185_2,acc_000185,Rafael,Moreira,rafael.moreira@nexlu.br.example,valid,Treasury Manager,finance,manager,en,https://linkedin.example/in/rafael-moreira-453,2026-08-28T16:00:00Z,2026-09-25T16:00:00Z
con_000185_3,acc_000185,Juliana,Rodrigues,julianarodrigues40@outlook.example,free_provider,HR Manager,hr,manager,en,https://linkedin.example/in/juliana-rodrigues-483,,2025-08-24T16:00:00Z
con_000186_1,acc_000186,Esteban,Acosta,esteban.acosta@doma.mx.example,valid,Treasury Manager,finance,manager,en,https://linkedin.example/in/esteban-acosta-197,2026-07-22T16:00:00Z,2025-06-25T16:00:00Z
con_000186_2,acc_000186,César,Díaz,cesar.diaz@doma.mx.example,valid,Treasury Manager,finance,manager,en,https://linkedin.example/in/cesar-diaz-131,2026-08-05T16:00:00Z,2025-03-15T16:00:00Z
con_000186_3,acc_000186,Diego,Ramos,diego.ramos@doma.mx.example,valid,Procurement Analyst,procurement,ic,en,https://linkedin.example/in/diego-ramos-116,2026-09-15T16:00:00Z,2026-03-14T16:00:00Z
con_000186_4,acc_000186,Jorge,Contreras,jorge.contreras@@doma.mx.example,invalid_syntax,CEO,executive,c_level,en,https://linkedin.example/in/jorge-contreras-800,,2026-01-10T16:00:00Z
con_000186_5,acc_000186,Natalia,Fernández,natalia.fernandez@doma.mx.example,valid,Procurement Manager,procurement,manager,en,https://linkedin.example/in/natalia-fernandez-808,2026-06-05T16:00:00Z,2026-07-12T16:00:00Z
con_000187_1,acc_000187,Guillermo,Sánchez,,missing,Procurement Analyst,procurement,ic,en,https://linkedin.example/in/guillermo-sanchez-937,,2025-03-20T16:00:00Z
con_000187_2,acc_000187,Carlos,Paredes,carlos.paredes@locu.mx.example,valid,Operations Coordinator,operations,ic,en,https://linkedin.example/in/carlos-paredes-487,2026-05-09T16:00:00Z,2026-05-29T16:00:00Z
con_000188_1,acc_000188,Eduardo,Gomes,eduardo.gomes@sato.br.example,valid,Director of IT,it,director,en,https://linkedin.example/in/eduardo-gomes-253,2026-06-04T16:00:00Z,2026-08-06T16:00:00Z
con_000189_1,acc_000189,Marcela,Aguilar,marcela.aguilar@galvastudio.co.example,valid,Director of Sourcing,procurement,director,en,https://linkedin.example/in/marcela-aguilar-444,2026-09-16T16:00:00Z,2024-10-02T16:00:00Z
con_000190_1,acc_000190,Raúl,Maldonado,raul.maldonado@emneacademy.pe.example,valid,CEO,executive,c_level,en,https://linkedin.example/in/raul-maldonado-475,2026-05-09T16:00:00Z,2025-06-18T16:00:00Z
con_000191_1,acc_000191,Héctor,Navarro,hector.navarro@gima.cl.example,valid,Founder,executive,c_level,en,https://linkedin.example/in/hector-navarro-962,2026-07-28T16:00:00Z,2025-12-10T16:00:00Z
con_000191_2,acc_000191,Andrés,Hernández,andres.hernandez@gima.cl.example,valid,Executive VP,executive,vp,en,https://linkedin.example/in/andres-hernandez-746,2026-06-20T16:00:00Z,2024-08-14T16:00:00Z
con_000192_1,acc_000192,Diana,Martínez,diana.martinez@sollo.mx.example,valid,Treasury Manager,finance,manager,en,https://linkedin.example/in/diana-martinez-900,2026-04-07T16:00:00Z,2024-04-25T16:00:00Z
con_000192_2,acc_000192,Team,Info,info@sollo.mx.example,role_based,Generic mailbox,executive,ic,en,https://linkedin.example/in/team-info-107,,2026-04-27T16:00:00Z
con_000193_1,acc_000193,Daniel,Quintero,daniel.quintero@emal.mx.example,valid,Director of Operations,operations,director,en,https://linkedin.example/in/daniel-quintero-991,2026-08-04T16:00:00Z,2026-08-14T16:00:00Z
con_000193_2,acc_000193,Paula,García,paula.garcia@emal.mx.example,valid,Director of IT,it,director,en,https://linkedin.example/in/paula-garcia-349,2026-09-05T16:00:00Z,2024-07-29T16:00:00Z
con_000194_1,acc_000194,Fernanda,Santos,fernanda.santos@torjo.br.example,valid,Operations Manager,operations,manager,en,https://linkedin.example/in/fernanda-santos-221,2026-05-15T16:00:00Z,2026-09-25T16:00:00Z
con_000194_2,acc_000194,Cláudio,Fernandes,claudio.fernandes@torjo.br.example,valid,Director of Treasury,finance,director,en,https://linkedin.example/in/claudio-fernandes-881,2026-09-08T16:00:00Z,2026-02-16T16:00:00Z
con_000195_1,acc_000195,Lorena,Guerrero,lorena.guerrero@mabel.mx.example,valid,Founder,executive,c_level,en,https://linkedin.example/in/lorena-guerrero-265,2026-06-10T16:00:00Z,2026-01-31T16:00:00Z
con_000197_1,acc_000197,Carlos,Sánchez,carlos.sanchez@torlotravel.cl.example,valid,Operations Manager,operations,manager,en,https://linkedin.example/in/carlos-sanchez-536,2026-09-17T16:00:00Z,2024-06-22T16:00:00Z
con_000198_1,acc_000198,Mariana,Sánchez,mariana.sanchez@cuulmanufacturing.co.example,valid,Director of Procurement,procurement,director,en,https://linkedin.example/in/mariana-sanchez-158,2026-08-17T16:00:00Z,2026-03-25T16:00:00Z
con_000198_2,acc_000198,Juan,Escobar,juan.escobar@cuulmanufacturing.co.example,valid,Finance Manager,finance,manager,en,https://linkedin.example/in/juan-escobar-771,2026-09-12T16:00:00Z,2026-03-07T16:00:00Z
con_000198_3,acc_000198,Mauricio,Silva,mauricio.silva@cuulmanufacturing.co.example,valid,CEO,executive,c_level,en,https://linkedin.example/in/mauricio-silva-847,2026-06-24T16:00:00Z,2025-05-02T16:00:00Z
con_000198_4,acc_000198,Héctor,Arias,hector.arias@cuulmanufacturing.co.example,valid,Treasury Manager,finance,manager,en,https://linkedin.example/in/hector-arias-834,2026-07-06T16:00:00Z,2025-05-31T16:00:00Z
con_000198_5,acc_000198,Verónica,Flores,veronica.flores@cuulmanufacturing.co.example,valid,VP of Finance,finance,vp,en,https://linkedin.example/in/veronica-flores-303,2026-06-18T16:00:00Z,2026-04-25T16:00:00Z
con_000199_1,acc_000199,Gabriela,Reyes,gabriela.reyes@nexverbuilders.co.example,valid,Director of Finance,finance,director,en,https://linkedin.example/in/gabriela-reyes-836,2026-05-31T16:00:00Z,2024-09-08T16:00:00Z
con_000199_2,acc_000199,Team,Info,info@nexverbuilders.co.example,role_based,Generic mailbox,it,ic,en,https://linkedin.example/in/team-info-418,,2025-07-14T16:00:00Z
con_000199_3,acc_000199,José,Maldonado,jose.maldonado@nexverbuilders.co.example,valid,Administration Manager,other,manager,en,https://linkedin.example/in/jose-maldonado-411,2026-07-09T16:00:00Z,2026-03-03T16:00:00Z
con_000199_4,acc_000199,Víctor,Vargas,victor.vargas@nexverbuilders.co.example,valid,Administrative Assistant,other,ic,en,https://linkedin.example/in/victor-vargas-327,2026-08-28T16:00:00Z,2024-04-23T16:00:00Z
con_000200_1,acc_000200,Fernanda,Nunes,fernanda.nunes@quiqui.br.example,valid,Systems Analyst,it,ic,en,https://linkedin.example/in/fernanda-nunes-181,2026-07-12T16:00:00Z,2025-09-03T16:00:00Z
con_000200_2,acc_000200,Thiago,Machado,thiago.machado@quiqui.br.example,catchall,Treasury Manager,finance,manager,en,https://linkedin.example/in/thiago-machado-419,,2024-10-08T16:00:00Z
con_000200_3,acc_000200,Felipe,Andrade,felipe.andrade@quiqui.br.example,valid,Director of Operations,operations,director,en,https://linkedin.example/in/felipe-andrade-560,2026-09-20T16:00:00Z,2025-02-17T16:00:00Z
con_000201_1,acc_000201,Sergio,Maldonado,sergio.maldonado@arni.co.example,valid,Chief Financial Officer,finance,c_level,en,https://linkedin.example/in/sergio-maldonado-581,2026-05-07T16:00:00Z,2024-08-27T16:00:00Z
con_000201_2,acc_000201,Javier,Quintero,javier.quintero@arni.co.example,unverified,Chief Procurement Officer,procurement,c_level,en,https://linkedin.example/in/javier-quintero-323,,2024-09-19T16:00:00Z
con_000201_3,acc_000201,Raúl,Vega,raul.vega@arni.co.example,valid,HR Manager,hr,manager,en,https://linkedin.example/in/raul-vega-121,2026-07-16T16:00:00Z,2026-04-20T16:00:00Z
con_000202_1,acc_000202,Rocío,Vázquez,rocio.vazquez@pannex.co.example,valid,Buyer,procurement,ic,en,https://linkedin.example/in/rocio-vazquez-467,2026-08-12T16:00:00Z,2026-04-17T16:00:00Z
con_000203_1,acc_000203,Diana,Gómez,diana.gomez@belciacademy.mx.example,valid,Procurement Analyst,procurement,ic,en,https://linkedin.example/in/diana-gomez-633,2026-07-26T16:00:00Z,2025-06-18T16:00:00Z
con_000203_2,acc_000203,Leticia,Vega,leticia.vega@belciacademy.mx.example,valid,Accounts Payable Analyst,finance,ic,en,https://linkedin.example/in/leticia-vega-345,2026-09-19T16:00:00Z,2026-09-10T16:00:00Z
con_000203_3,acc_000203,Héctor,Ortiz,hector.ortiz@belciacademy.mx.example,valid,Accountant,finance,ic,en,https://linkedin.example/in/hector-ortiz-246,2026-07-25T16:00:00Z,2026-09-20T16:00:00Z
con_000203_4,acc_000203,José,Escobar,jose.escobar@belciacademy.mx.example,valid,Chief Financial Officer,finance,c_level,en,https://linkedin.example/in/jose-escobar-583,2026-07-12T16:00:00Z,2026-03-21T16:00:00Z
con_000204_1,acc_000204,Paula,Contreras,paula.contreras@rodo.co.example,valid,Director of IT,it,director,en,https://linkedin.example/in/paula-contreras-375,2026-08-03T16:00:00Z,2024-05-14T16:00:00Z
con_000204_2,acc_000204,Carolina,Arias,carolina.arias@rodo.co.example,valid,Executive VP,executive,vp,en,https://linkedin.example/in/carolina-arias-290,2026-09-05T16:00:00Z,2025-11-04T16:00:00Z
con_000204_3,acc_000204,Pablo,Cárdenas,pablo.cardenas@rodo.co.example,valid,VP of People,hr,vp,en,https://linkedin.example/in/pablo-cardenas-575,2026-06-26T16:00:00Z,2026-06-19T16:00:00Z
con_000205_1,acc_000205,Ximena,Salazar,ximena.salazar@dorpermanufacturing.ar.example,valid,Accountant,finance,ic,en,https://linkedin.example/in/ximena-salazar-889,2026-08-01T16:00:00Z,2025-03-28T16:00:00Z
con_000205_2,acc_000205,Carlos,Castillo,carlos.castillo@dorpermanufacturing.ar.example,unverified,Director of People,hr,director,en,https://linkedin.example/in/carlos-castillo-640,,2026-03-17T16:00:00Z
con_000206_1,acc_000206,César,Hernández,cesar.hernandez@altra.cl.example,valid,Director of Administration,other,director,en,https://linkedin.example/in/cesar-hernandez-158,2026-06-03T16:00:00Z,2024-07-26T16:00:00Z
con_000206_2,acc_000206,Elena,Ibarra,elena.ibarra@altra.cl.example,valid,Accountant,finance,ic,en,https://linkedin.example/in/elena-ibarra-952,2026-09-02T16:00:00Z,2024-05-24T16:00:00Z
con_000206_3,acc_000206,Team,Info,info@altra.cl.example,role_based,Generic mailbox,it,ic,en,https://linkedin.example/in/team-info-886,,2026-09-07T16:00:00Z
con_000207_1,acc_000207,Claudia,Rodríguez,claudia.rodriguez@joni.mx.example,unverified,Accountant,finance,ic,en,https://linkedin.example/in/claudia-rodriguez-870,,2025-03-02T16:00:00Z
con_000207_2,acc_000207,Mariana,Ramírez,mariana.ramirez@joni.mx.example,valid,General Manager,executive,c_level,en,https://linkedin.example/in/mariana-ramirez-406,2026-09-11T16:00:00Z,2025-12-26T16:00:00Z
con_000208_1,acc_000208,Juliana,Fernandes,juliana.fernandes@ninexadvisors.br.example,valid,Administration Manager,other,manager,en,https://linkedin.example/in/juliana-fernandes-369,2026-09-14T16:00:00Z,2026-06-29T16:00:00Z
con_000208_2,acc_000208,Paulo,Souza,paulo.souza@ninexadvisors.br.example,valid,HR Analyst,hr,ic,en,https://linkedin.example/in/paulo-souza-908,2026-09-19T16:00:00Z,2024-09-27T16:00:00Z
con_000209_1,acc_000209,Manuel,López,manuel.lopez@cimerenergy.mx.example,valid,Procurement Analyst,procurement,ic,en,https://linkedin.example/in/manuel-lopez-865,2026-08-20T16:00:00Z,2026-04-20T16:00:00Z
con_000210_1,acc_000210,Óscar,Contreras,oscar.contreras@kaba.mx.example,valid,Procurement Manager,procurement,manager,en,https://linkedin.example/in/oscar-contreras-463,2026-05-20T16:00:00Z,2026-04-21T16:00:00Z
con_000210_2,acc_000210,Diana,Medina,diana.medina@kaba.mx.example,valid,Administration Manager,other,manager,en,https://linkedin.example/in/diana-medina-349,2026-04-19T16:00:00Z,2025-03-12T16:00:00Z
con_000210_3,acc_000210,Gabriel,Sánchez,gabriel.sanchez@kaba.mx.example,valid,Treasury Manager,finance,manager,en,https://linkedin.example/in/gabriel-sanchez-114,2026-06-09T16:00:00Z,2026-04-15T16:00:00Z
con_000211_1,acc_000211,Alejandro,Medina,alejandro.medina@minsoldevelopments.mx.example,valid,Finance Manager,finance,manager,en,https://linkedin.example/in/alejandro-medina-463,2026-05-15T16:00:00Z,2024-10-03T16:00:00Z
con_000211_2,acc_000211,César,López,cesar.lopez@minsoldevelopments.mx.example,valid,Director of Operations,operations,director,en,https://linkedin.example/in/cesar-lopez-678,2026-07-15T16:00:00Z,2025-02-06T16:00:00Z
con_000212_1,acc_000212,Gabriel,Carvalho,gabriel.carvalho@emren.br.example,valid,Treasury Manager,finance,manager,en,https://linkedin.example/in/gabriel-carvalho-524,2026-04-06T16:00:00Z,2025-04-30T16:00:00Z
con_000213_1,acc_000213,Leonardo,Ribeiro,leonardo.ribeiro@liscenbeverages.br.example,valid,COO,operations,c_level,en,https://linkedin.example/in/leonardo-ribeiro-916,2026-04-18T16:00:00Z,2026-07-03T16:00:00Z
con_000213_2,acc_000213,Felipe,Nunes,felipe.nunes@liscenbeverages.br.example,valid,Executive VP,executive,vp,en,https://linkedin.example/in/felipe-nunes-852,2026-08-25T16:00:00Z,2024-06-19T16:00:00Z
con_000213_3,acc_000213,Mateus,Silva,mateus.silva@liscenbeverages.br.example,valid,Executive VP,executive,vp,en,https://linkedin.example/in/mateus-silva-326,2026-04-13T16:00:00Z,2026-05-01T16:00:00Z
con_000213_4,acc_000213,Mateus,Nunes,mateus.nunes@liscenbeverages.br.example,valid,Director of Operations,operations,director,en,https://linkedin.example/in/mateus-nunes-718,2026-05-05T16:00:00Z,2025-04-03T16:00:00Z
con_000214_1,acc_000214,Verónica,Cárdenas,veronica.cardenas@quiem.mx.example,valid,VP of People,hr,vp,en,https://linkedin.example/in/veronica-cardenas-220,2026-04-08T16:00:00Z,2025-02-13T16:00:00Z
con_000214_2,acc_000214,Víctor,Vega,victor.vega@quiem.mx.example,valid,Procurement Manager,procurement,manager,en,https://linkedin.example/in/victor-vega-140,2026-05-10T16:00:00Z,2025-09-28T16:00:00Z
con_000214_3,acc_000214,Marcela,Reyes,marcela.reyes@quiem.mx.example,valid,Director of Administration,other,director,en,https://linkedin.example/in/marcela-reyes-345,2026-06-15T16:00:00Z,2024-08-30T16:00:00Z
con_000215_1,acc_000215,Adriana,Lara,adrianalara69@yahoo.example,free_provider,Director of Sourcing,procurement,director,en,https://linkedin.example/in/adriana-lara-492,,2024-10-26T16:00:00Z
con_000215_2,acc_000215,Javier,Medina,javier.medina@tenmarfarms.co.example,valid,VP of Operations,operations,vp,en,https://linkedin.example/in/javier-medina-109,2026-06-10T16:00:00Z,2025-10-07T16:00:00Z
con_000215_3,acc_000215,Mariana,Escobar,mariana.escobar@tenmarfarms.co.example,valid,Executive VP,executive,vp,en,https://linkedin.example/in/mariana-escobar-478,2026-09-04T16:00:00Z,2024-11-05T16:00:00Z
con_000216_1,acc_000216,Santiago,Vázquez,santiago.vazquez@tato.co.example,valid,CFO,finance,c_level,en,https://linkedin.example/in/santiago-vazquez-316,2026-08-20T16:00:00Z,2025-12-04T16:00:00Z
con_000216_2,acc_000216,Guillermo,Moreno,guillermo.moreno@tato.co.example,valid,Treasury Manager,finance,manager,en,https://linkedin.example/in/guillermo-moreno-344,2026-06-15T16:00:00Z,2025-08-15T16:00:00Z
con_000216_3,acc_000216,Pablo,Ortiz,pablo.ortiz@tato.co.example,valid,Procurement Manager,procurement,manager,en,https://linkedin.example/in/pablo-ortiz-835,2026-05-02T16:00:00Z,2025-05-15T16:00:00Z
con_000216_4,acc_000216,Ximena,Vargas,ximena.vargas@tato.co.example,unverified,HR Analyst,hr,ic,en,https://linkedin.example/in/ximena-vargas-116,,2025-11-15T16:00:00Z
con_000217_1,acc_000217,Karla,Pérez,karla.perez@torarpetrochemicals.mx.example,valid,Accounts Payable Manager,finance,manager,en,https://linkedin.example/in/karla-perez-565,2026-05-01T16:00:00Z,2024-12-13T16:00:00Z
con_000218_1,acc_000218,Ricardo,Vargas,ricardo.vargas@solci.cl.example,valid,Accounts Payable Analyst,finance,ic,en,https://linkedin.example/in/ricardo-vargas-114,2026-05-22T16:00:00Z,2024-05-07T16:00:00Z
con_000219_1,acc_000219,Patricia,Contreras,patricia.contreras@ciul.mx.example,valid,General Manager,executive,c_level,en,https://linkedin.example/in/patricia-contreras-732,2026-09-07T16:00:00Z,2024-05-18T16:00:00Z
con_000220_1,acc_000220,Beatriz,Domínguez,beatriz.dominguez@tenfer.mx.example,valid,Accountant,finance,ic,en,https://linkedin.example/in/beatriz-dominguez-556,2026-07-19T16:00:00Z,2025-02-16T16:00:00Z
con_000221_1,acc_000221,Verónica,Contreras,veronica.contreras@pilo.co.example,valid,CFO,finance,c_level,en,https://linkedin.example/in/veronica-contreras-763,2026-05-23T16:00:00Z,2024-07-13T16:00:00Z
con_000221_2,acc_000221,Víctor,Romero,victor.romeropilo.co.example,invalid_syntax,CFO,finance,c_level,en,https://linkedin.example/in/victor-romero-622,,2025-03-09T16:00:00Z
con_000222_1,acc_000222,Pablo,Domínguez,pablo.dominguez@renva.mx.example,valid,Administrative Assistant,other,ic,en,https://linkedin.example/in/pablo-dominguez-886,2026-04-05T16:00:00Z,2024-10-06T16:00:00Z
con_000222_2,acc_000222,Gabriela,Pineda,gabriela.pineda@renva.mx.example,valid,CEO,executive,c_level,en,https://linkedin.example/in/gabriela-pineda-998,2026-07-12T16:00:00Z,2026-08-13T16:00:00Z
con_000223_1,acc_000223,Sofía,Castillo,sofia.castillo@tensastudio.co.example,valid,Founder,executive,c_level,en,https://linkedin.example/in/sofia-castillo-642,2026-07-14T16:00:00Z,2025-11-28T16:00:00Z
con_000224_1,acc_000224,Guillermo,Fernández,guillermo.fernandez@nidofoundation.ar.example,valid,General Manager,executive,c_level,en,https://linkedin.example/in/guillermo-fernandez-498,2026-04-20T16:00:00Z,2025-01-13T16:00:00Z
con_000225_1,acc_000225,Jorge,Cortés,jorge.cortes@cenalgourmet.cl.example,valid,Finance Manager,finance,manager,en,https://linkedin.example/in/jorge-cortes-638,2026-07-30T16:00:00Z,2025-03-29T16:00:00Z
con_000225_2,acc_000225,Sofía,Soto,sofia.soto@cenalgourmet.cl.example,valid,VP of Finance,finance,vp,en,https://linkedin.example/in/sofia-soto-830,2026-05-18T16:00:00Z,2026-05-23T16:00:00Z
con_000225_3,acc_000225,Mónica,Silva,monica.silva@cenalgourmet.cl.example,valid,General Manager,executive,c_level,en,https://linkedin.example/in/monica-silva-199,2026-06-05T16:00:00Z,2024-10-11T16:00:00Z
con_000225_4,acc_000225,Daniel,García,daniel.garcia@cenalgourmet.cl.example,valid,COO,operations,c_level,en,https://linkedin.example/in/daniel-garcia-469,2026-05-26T16:00:00Z,2025-11-19T16:00:00Z
con_000226_1,acc_000226,Elena,Acosta,elena.acosta@verroplastics.co.example,valid,CEO,executive,c_level,en,https://linkedin.example/in/elena-acosta-530,2026-07-28T16:00:00Z,2026-06-03T16:00:00Z
con_000226_2,acc_000226,Team,Info,info@verroplastics.co.example,role_based,Generic mailbox,procurement,ic,en,https://linkedin.example/in/team-info-556,,2026-09-25T16:00:00Z
con_000226_3,acc_000226,Karla,Fernández,karla.fernandez@verroplastics.co.example,valid,Administration Manager,other,manager,en,https://linkedin.example/in/karla-fernandez-901,2026-05-20T16:00:00Z,2026-06-16T16:00:00Z
con_000227_1,acc_000227,Camila,Ferreira,camila.ferreira@quinexmarketing.br.example,valid,Procurement Manager,procurement,manager,en,https://linkedin.example/in/camila-ferreira-330,2026-04-27T16:00:00Z,2026-05-18T16:00:00Z
con_000228_1,acc_000228,Adriana,Ramírez,adriana.ramirez@alor.co.example,valid,Operations Manager,operations,manager,en,https://linkedin.example/in/adriana-ramirez-446,2026-09-04T16:00:00Z,2025-03-22T16:00:00Z
con_000229_1,acc_000229,Santiago,López,santiago.lopez@mapan.co.example,valid,Founder,executive,c_level,en,https://linkedin.example/in/santiago-lopez-306,2026-06-26T16:00:00Z,2024-10-09T16:00:00Z
con_000230_1,acc_000230,Jorge,Arias,jorge.arias@alpi.cl.example,valid,Procurement Manager,procurement,manager,en,https://linkedin.example/in/jorge-arias-199,2026-09-17T16:00:00Z,2025-06-05T16:00:00Z
con_000230_2,acc_000230,Adriana,Escobar,adriana.escobar@alpi.cl.example,valid,CEO,executive,c_level,en,https://linkedin.example/in/adriana-escobar-904,2026-04-29T16:00:00Z,2025-09-17T16:00:00Z
con_000231_1,acc_000231,Emilio,Peña,emilio.pena@emnexagro.mx.example,valid,CHRO,hr,c_level,en,https://linkedin.example/in/emilio-pena-594,2026-08-28T16:00:00Z,2026-03-18T16:00:00Z
con_000231_2,acc_000231,Raúl,Rodríguez,raul.rodriguez@emnexagro.mx.example,valid,Administrative Assistant,other,ic,en,https://linkedin.example/in/raul-rodriguez-796,2026-08-31T16:00:00Z,2024-11-20T16:00:00Z
con_000231_3,acc_000231,Team,Info,info@emnexagro.mx.example,role_based,Generic mailbox,procurement,ic,en,https://linkedin.example/in/team-info-214,,2025-06-02T16:00:00Z
con_000231_4,acc_000231,Rocío,García,rocio.garcia@emnexagro.mx.example,valid,Financial Analyst,finance,ic,en,https://linkedin.example/in/rocio-garcia-561,2026-07-07T16:00:00Z,2024-11-02T16:00:00Z
con_000232_1,acc_000232,Mateus,Pereira,mateus.pereira@zuperfreight.br.example,valid,HR Analyst,hr,ic,en,https://linkedin.example/in/mateus-pereira-761,2026-06-25T16:00:00Z,2026-03-15T16:00:00Z
con_000232_2,acc_000232,Gabriel,Dias,gabriel.dias@zuperfreight,invalid_syntax,Finance Manager,finance,manager,en,https://linkedin.example/in/gabriel-dias-993,,2025-03-23T16:00:00Z
con_000232_3,acc_000232,Vanessa,Almeida,vanessa.almeida@zuperfreight.br.example,valid,Operations Manager,operations,manager,en,https://linkedin.example/in/vanessa-almeida-570,2026-08-05T16:00:00Z,2024-08-24T16:00:00Z
con_000233_1,acc_000233,Marcelo,Marques,marcelo.marques@solci.br.example,valid,Director of Finance,finance,director,en,https://linkedin.example/in/marcelo-marques-337,2026-06-04T16:00:00Z,2025-12-25T16:00:00Z
con_000233_2,acc_000233,Camila,Mendes,camila.mendes@solci.br.example,valid,Operations Manager,operations,manager,en,https://linkedin.example/in/camila-mendes-674,2026-04-04T16:00:00Z,2025-04-23T16:00:00Z
con_000234_1,acc_000234,Javier,Montoya,javier.montoya@piorrealty.co.example,valid,Chief Procurement Officer,procurement,c_level,en,https://linkedin.example/in/javier-montoya-350,2026-05-31T16:00:00Z,2025-03-11T16:00:00Z
con_000234_2,acc_000234,Laura,Hernández,laura.hernandez@piorrealty.co.example,valid,VP of Operations,operations,vp,en,https://linkedin.example/in/laura-hernandez-159,2026-08-27T16:00:00Z,2026-03-19T16:00:00Z
con_000235_1,acc_000235,Leticia,Ibarra,leticia.ibarra@momarlogistics.pe.example,valid,Finance Manager,finance,manager,en,https://linkedin.example/in/leticia-ibarra-764,2026-05-24T16:00:00Z,2026-04-07T16:00:00Z
con_000235_2,acc_000235,Teresa,Escobar,teresa.escobar@momarlogistics.pe.example,catchall,General Manager,executive,c_level,en,https://linkedin.example/in/teresa-escobar-141,,2025-09-14T16:00:00Z
con_000236_1,acc_000236,Camila,Oliveira,camila.oliveira@argiinstitute.br.example,valid,Operations Coordinator,operations,ic,en,https://linkedin.example/in/camila-oliveira-873,2026-07-23T16:00:00Z,2026-08-28T16:00:00Z
con_000236_2,acc_000236,Cláudio,Barbosa,claudiobarbosa82@gmail.example,free_provider,Director of Sourcing,procurement,director,en,https://linkedin.example/in/claudio-barbosa-596,,2024-06-02T16:00:00Z
con_000237_1,acc_000237,Camila,Andrade,camila.andrade@doro.br.example,valid,Accounts Payable Manager,finance,manager,en,https://linkedin.example/in/camila-andrade-391,2026-04-30T16:00:00Z,2024-04-26T16:00:00Z
con_000237_2,acc_000237,Rodrigo,Nunes,rodrigo.nunes@doro.br.example,valid,Systems Analyst,it,ic,en,https://linkedin.example/in/rodrigo-nunes-904,2026-04-23T16:00:00Z,2024-06-08T16:00:00Z
con_000237_3,acc_000237,Thiago,Pereira,thiago.pereira@doro.br.example,valid,CEO,executive,c_level,en,https://linkedin.example/in/thiago-pereira-888,2026-06-15T16:00:00Z,2026-04-04T16:00:00Z
con_000237_4,acc_000237,Rodrigo,Ribeiro,rodrigo.ribeiro@doro.br.example,valid,Director of Operations,operations,director,en,https://linkedin.example/in/rodrigo-ribeiro-780,2026-06-01T16:00:00Z,2025-08-23T16:00:00Z
con_000238_1,acc_000238,Marcela,Gómez,marcela.gomez@renferindustries.ar.example,valid,HR Manager,hr,manager,en,https://linkedin.example/in/marcela-gomez-421,2026-09-08T16:00:00Z,2024-10-08T16:00:00Z
con_000239_1,acc_000239,Santiago,González,santiago.gonzalez@dorsafarms.mx.example,valid,Operations Coordinator,operations,ic,en,https://linkedin.example/in/santiago-gonzalez-557,2026-04-13T16:00:00Z,2024-06-09T16:00:00Z
con_000239_2,acc_000239,Pilar,Cortés,pilar.cortes@dorsafarms.mx.example,valid,CHRO,hr,c_level,en,https://linkedin.example/in/pilar-cortes-436,2026-05-09T16:00:00Z,2025-04-10T16:00:00Z
con_000240_1,acc_000240,Javier,Arias,javier.arias@dorkabeverages.co.example,valid,CFO,finance,c_level,en,https://linkedin.example/in/javier-arias-156,2026-06-11T16:00:00Z,2026-09-08T16:00:00Z
con_000241_1,acc_000241,Camila,Castillo,camila.castillo@mocenhealth.co.example,valid,Accountant,finance,ic,en,https://linkedin.example/in/camila-castillo-508,2026-04-21T16:00:00Z,2024-05-28T16:00:00Z
con_000241_2,acc_000241,Guillermo,Ramírez,guillermo.ramirez@mocenhealth.co.example,valid,Director of Administration,other,director,en,https://linkedin.example/in/guillermo-ramirez-496,2026-07-13T16:00:00Z,2026-03-04T16:00:00Z
con_000242_1,acc_000242,Karla,Rivera,karla.rivera@centohealth.ar.example,valid,Systems Analyst,it,ic,en,https://linkedin.example/in/karla-rivera-564,2026-08-11T16:00:00Z,2025-10-06T16:00:00Z
con_000242_2,acc_000242,Héctor,Pérez,hector.perez@centohealth.ar.example,valid,Operations Manager,operations,manager,en,https://linkedin.example/in/hector-perez-323,2026-07-16T16:00:00Z,2024-06-18T16:00:00Z
con_000243_1,acc_000243,Camila,Guerrero,camila.guerrero@zualindustries.cl.example,valid,VP of Finance,finance,vp,en,https://linkedin.example/in/camila-guerrero-690,2026-09-11T16:00:00Z,2024-11-08T16:00:00Z
con_000243_2,acc_000243,Óscar,Rojas,oscar.rojas@zualindustries.cl.example,valid,Director of Administration,other,director,en,https://linkedin.example/in/oscar-rojas-494,2026-07-13T16:00:00Z,2025-01-22T16:00:00Z
con_000245_1,acc_000245,Sebastián,Pineda,sebastian.pineda@emtengourmet.mx.example,valid,Financial Analyst,finance,ic,en,https://linkedin.example/in/sebastian-pineda-597,2026-08-31T16:00:00Z,2024-12-21T16:00:00Z
con_000245_2,acc_000245,Adriana,Romero,adriana.romero@emtengourmet.mx.example,valid,Executive VP,executive,vp,en,https://linkedin.example/in/adriana-romero-735,2026-07-15T16:00:00Z,2024-09-24T16:00:00Z
con_000246_1,acc_000246,María,Contreras,maria.contreras@dormarenergy.mx.example,valid,Treasury Manager,finance,manager,en,https://linkedin.example/in/maria-contreras-817,2026-06-28T16:00:00Z,2024-09-23T16:00:00Z
con_000247_1,acc_000247,Esteban,Fernández,esteban.fernandez@dorsasecretariat.mx.example,unverified,Controller,finance,director,en,https://linkedin.example/in/esteban-fernandez-668,,2025-11-01T16:00:00Z
con_000247_2,acc_000247,Nicolás,Cortés,nicolas.cortes@dorsasecretariat.mx.example,valid,Chief Administrative Officer,other,c_level,en,https://linkedin.example/in/nicolas-cortes-778,2026-04-19T16:00:00Z,2025-07-31T16:00:00Z
con_000247_3,acc_000247,Adriana,Silva,adriana.silva@dorsasecretariat.mx.example,valid,Operations Coordinator,operations,ic,en,https://linkedin.example/in/adriana-silva-761,2026-09-07T16:00:00Z,2026-04-04T16:00:00Z
con_000248_1,acc_000248,Pilar,Paredes,pilar.paredes@rivi.co.example,valid,Director of Administration,other,director,en,https://linkedin.example/in/pilar-paredes-440,2026-09-26T16:00:00Z,2026-04-18T16:00:00Z
con_000248_2,acc_000248,Andrea,Zamora,andrea.zamora@rivi.co.example,valid,VP of Procurement,procurement,vp,en,https://linkedin.example/in/andrea-zamora-591,2026-06-29T16:00:00Z,2025-04-25T16:00:00Z
con_000249_1,acc_000249,Carlos,Rivera,carlos.rivera@alar.mx.example,valid,CFO,finance,c_level,en,https://linkedin.example/in/carlos-rivera-485,2026-05-26T16:00:00Z,2025-02-20T16:00:00Z
con_000249_2,acc_000249,Marcela,Montoya,marcela.montoya@alar.mx.example,valid,Administration Manager,other,manager,en,https://linkedin.example/in/marcela-montoya-632,2026-04-20T16:00:00Z,2025-05-01T16:00:00Z
con_000249_3,acc_000249,Miguel,Zamora,miguel.zamora@alar.mx.example,unverified,Treasury Manager,finance,manager,en,https://linkedin.example/in/miguel-zamora-607,,2024-06-06T16:00:00Z
con_000250_1,acc_000250,Verónica,Morales,veronica.morales@galmarmanufacturing.mx.example,valid,HR Analyst,hr,ic,en,https://linkedin.example/in/veronica-morales-757,2026-05-13T16:00:00Z,2024-12-22T16:00:00Z
con_000250_2,acc_000250,Elena,Gutiérrez,elena.gutierrez@galmarmanufacturing.mx.example,valid,Chief Procurement Officer,procurement,c_level,en,https://linkedin.example/in/elena-gutierrez-632,2026-06-19T16:00:00Z,2026-07-24T16:00:00Z
con_000251_1,acc_000251,Carolina,Ramos,carolina.ramos@satradevelopments.mx.example,valid,Chief Financial Officer,finance,c_level,en,https://linkedin.example/in/carolina-ramos-951,2026-04-06T16:00:00Z,2025-09-12T16:00:00Z
con_000251_2,acc_000251,Gabriel,Domínguez,gabriel.dominguez@satradevelopments.mx.example,valid,Director of Administration,other,director,en,https://linkedin.example/in/gabriel-dominguez-327,2026-08-28T16:00:00Z,2024-06-15T16:00:00Z
con_000251_3,acc_000251,Laura,Escobar,lauraescobar42@gmail.example,free_provider,Treasury Manager,finance,manager,en,https://linkedin.example/in/laura-escobar-708,,2025-01-13T16:00:00Z
con_000252_1,acc_000252,Sebastián,Cárdenas,sebastian.cardenas@kaviconsulting.co.example,valid,Director of Treasury,finance,director,en,https://linkedin.example/in/sebastian-cardenas-547,2026-09-17T16:00:00Z,2024-08-12T16:00:00Z
con_000253_1,acc_000253,Felipe,Nunes,felipe.nunes@cencenmanufacturing.br.example,valid,VP of Finance,finance,vp,en,https://linkedin.example/in/felipe-nunes-329,2026-08-31T16:00:00Z,2026-07-23T16:00:00Z
con_000253_2,acc_000253,Paulo,Almeida,paulo.almeida@cencenmanufacturing.br.example,valid,General Manager,executive,c_level,en,https://linkedin.example/in/paulo-almeida-152,2026-08-27T16:00:00Z,2024-07-05T16:00:00Z
con_000253_3,acc_000253,Isabela,Nascimento,isabela.nascimento@cencenmanufacturing.br.example,unverified,Executive VP,executive,vp,en,https://linkedin.example/in/isabela-nascimento-819,,2025-04-26T16:00:00Z
con_000254_1,acc_000254,Claudia,Quintero,claudia.quintero@kafoclinic.mx.example,valid,General Manager,executive,c_level,en,https://linkedin.example/in/claudia-quintero-957,2026-09-25T16:00:00Z,2026-06-19T16:00:00Z
con_000255_1,acc_000255,Ana,Nascimento,ana.nascimento@marix.br.example,valid,Accounts Payable Analyst,finance,ic,en,https://linkedin.example/in/ana-nascimento-632,2026-04-24T16:00:00Z,2025-12-21T16:00:00Z
con_000256_1,acc_000256,César,Peña,cesar.pena@aldofreight.co.example,valid,Procurement Manager,procurement,manager,en,https://linkedin.example/in/cesar-pena-667,2026-07-02T16:00:00Z,2026-02-14T16:00:00Z
con_000256_2,acc_000256,Juan,Cruz,,missing,Procurement Manager,procurement,manager,en,https://linkedin.example/in/juan-cruz-862,,2026-08-07T16:00:00Z
con_000256_3,acc_000256,Raúl,Ibarra,raul.ibarra@aldofreight.co.example,valid,CEO,executive,c_level,en,https://linkedin.example/in/raul-ibarra-830,2026-08-16T16:00:00Z,2026-03-24T16:00:00Z
con_000256_4,acc_000256,Mariana,Fernández,mariana.fernandez@aldofreight.co.example,valid,VP of Operations,operations,vp,en,https://linkedin.example/in/mariana-fernandez-363,2026-09-17T16:00:00Z,2026-03-02T16:00:00Z
con_000257_1,acc_000257,Tomás,Gutiérrez,tomas.gutierrez@giquimercantile.co.example,valid,IT Manager,it,manager,en,https://linkedin.example/in/tomas-gutierrez-969,2026-07-29T16:00:00Z,2025-09-26T16:00:00Z
con_000257_2,acc_000257,Elena,Domínguez,elena.dominguez@giquimercantile.co.example,valid,Treasury Manager,finance,manager,en,https://linkedin.example/in/elena-dominguez-855,2026-06-02T16:00:00Z,2024-09-16T16:00:00Z
con_000257_3,acc_000257,Beatriz,González,,missing,Accountant,finance,ic,en,https://linkedin.example/in/beatriz-gonzalez-821,,2025-03-30T16:00:00Z
con_000257_4,acc_000257,Óscar,Zamora,oscar.zamora@giquimercantile.co.example,valid,CEO,executive,c_level,en,https://linkedin.example/in/oscar-zamora-802,2026-07-21T16:00:00Z,2025-10-11T16:00:00Z
con_000258_1,acc_000258,Team,Info,info@cajo.mx.example,role_based,Generic mailbox,procurement,ic,en,https://linkedin.example/in/team-info-926,,2025-02-06T16:00:00Z
con_000258_2,acc_000258,Leticia,Bravo,leticia.bravo@cajo.mx.example,valid,Executive VP,executive,vp,en,https://linkedin.example/in/leticia-bravo-356,2026-08-10T16:00:00Z,2024-06-08T16:00:00Z
con_000259_1,acc_000259,Rafael,Fernandes,rafael.fernandes@arrenfreight.br.example,valid,Operations Manager,operations,manager,en,https://linkedin.example/in/rafael-fernandes-769,2026-05-27T16:00:00Z,2024-06-08T16:00:00Z
con_000259_2,acc_000259,Fernanda,Soares,fernanda.soares@arrenfreight.br.example,valid,Chief Financial Officer,finance,c_level,en,https://linkedin.example/in/fernanda-soares-258,2026-09-13T16:00:00Z,2025-07-17T16:00:00Z
con_000259_3,acc_000259,Renata,Vieira,renata.vieira@arrenfreight.br.example,catchall,Controller,finance,director,en,https://linkedin.example/in/renata-vieira-141,,2026-01-03T16:00:00Z
con_000260_1,acc_000260,Sofía,Gómez,sofia.gomez@nexper.mx.example,valid,Director of Treasury,finance,director,en,https://linkedin.example/in/sofia-gomez-607,2026-04-17T16:00:00Z,2025-01-19T16:00:00Z
con_000260_2,acc_000260,Team,Info,info@nexper.mx.example,role_based,Generic mailbox,finance,ic,en,https://linkedin.example/in/team-info-647,,2024-08-16T16:00:00Z
con_000260_3,acc_000260,Sebastián,López,sebastian.lopez@nexper.mx.example,valid,Operations Coordinator,operations,ic,en,https://linkedin.example/in/sebastian-lopez-957,2026-08-13T16:00:00Z,2025-04-04T16:00:00Z
con_000261_1,acc_000261,Team,Info,info@ciminlogistics.ar.example,role_based,Generic mailbox,it,ic,en,https://linkedin.example/in/team-info-352,,2025-07-07T16:00:00Z
con_000261_2,acc_000261,Team,Contacto,contacto@ciminlogistics.ar.example,role_based,Generic mailbox,executive,ic,en,https://linkedin.example/in/team-contacto-722,,2024-10-25T16:00:00Z
con_000261_3,acc_000261,Sebastián,Torres,sebastian.torres@ciminlogistics.ar.example,valid,Operations Manager,operations,manager,en,https://linkedin.example/in/sebastian-torres-420,2026-08-17T16:00:00Z,2026-07-02T16:00:00Z
con_000261_4,acc_000261,Daniel,Sánchez,daniel.sanchez@ciminlogistics.ar.example,valid,Founder,executive,c_level,en,https://linkedin.example/in/daniel-sanchez-116,2026-05-05T16:00:00Z,2025-09-05T16:00:00Z
con_000262_1,acc_000262,Esteban,Escobar,esteban.escobar@vijodigital.ar.example,valid,Executive VP,executive,vp,en,https://linkedin.example/in/esteban-escobar-829,2026-07-31T16:00:00Z,2025-07-01T16:00:00Z
con_000262_2,acc_000262,Javier,Ruiz,javier.ruiz@vijodigital.ar.example,valid,CTO,it,c_level,en,https://linkedin.example/in/javier-ruiz-337,2026-08-11T16:00:00Z,2026-08-01T16:00:00Z
con_000263_1,acc_000263,Team,Info,info@permaeducation.pe.example,role_based,Generic mailbox,finance,ic,en,https://linkedin.example/in/team-info-609,,2024-08-26T16:00:00Z
con_000263_2,acc_000263,Luis,Valdés,luis.valdes@permaeducation.pe.example,valid,Financial Analyst,finance,ic,en,https://linkedin.example/in/luis-valdes-425,2026-07-11T16:00:00Z,2026-02-15T16:00:00Z
con_000264_1,acc_000264,Lorena,Bravo,lorena.bravo@quitorhealth.co.example,valid,Accounts Payable Analyst,finance,ic,en,https://linkedin.example/in/lorena-bravo-651,2026-06-10T16:00:00Z,2025-12-19T16:00:00Z
con_000264_2,acc_000264,Alejandro,Ramos,alejandro.ramos@quitorhealth.co.example,valid,General Manager,executive,c_level,en,https://linkedin.example/in/alejandro-ramos-513,2026-04-08T16:00:00Z,2024-12-11T16:00:00Z
con_000265_1,acc_000265,Camila,Soares,camila.soares@pidorgourmet.br.example,valid,Accounts Payable Manager,finance,manager,en,https://linkedin.example/in/camila-soares-260,2026-08-20T16:00:00Z,2025-11-11T16:00:00Z
con_000266_1,acc_000266,Rafael,Castillo,rafael.castillo@marbaadvisors.mx.example,valid,Director of Operations,operations,director,en,https://linkedin.example/in/rafael-castillo-368,2026-08-07T16:00:00Z,2025-02-13T16:00:00Z
con_000266_2,acc_000266,Camila,Quintero,camila.quintero@marbaadvisors.mx.example,valid,Procurement Manager,procurement,manager,en,https://linkedin.example/in/camila-quintero-460,2026-07-17T16:00:00Z,2025-11-28T16:00:00Z
con_000267_1,acc_000267,Diana,Maldonado,,missing,Operations Manager,operations,manager,en,https://linkedin.example/in/diana-maldonado-929,,2024-04-29T16:00:00Z
con_000267_2,acc_000267,Sebastián,Reyes,sebastianreyes98@yahoo.example,free_provider,Treasury Manager,finance,manager,en,https://linkedin.example/in/sebastian-reyes-178,,2025-05-17T16:00:00Z
con_000267_3,acc_000267,Paula,Castro,,missing,Director of Finance,finance,director,en,https://linkedin.example/in/paula-castro-503,,2025-05-07T16:00:00Z
con_000267_4,acc_000267,Team,Info,info@yraarhealth.ar.example,role_based,Generic mailbox,hr,ic,en,https://linkedin.example/in/team-info-771,,2025-08-13T16:00:00Z
con_000268_1,acc_000268,Team,Info,info@emar.ar.example,role_based,Generic mailbox,other,ic,en,https://linkedin.example/in/team-info-229,,2025-08-20T16:00:00Z
con_000268_2,acc_000268,Alejandro,Herrera,alejandro.herrera@emar.ar.example,valid,COO,operations,c_level,en,https://linkedin.example/in/alejandro-herrera-101,2026-04-29T16:00:00Z,2025-06-13T16:00:00Z
con_000268_3,acc_000268,Juan,Escobar,juan.escobar@emar.ar.example,valid,IT Manager,it,manager,en,https://linkedin.example/in/juan-escobar-149,2026-05-07T16:00:00Z,2026-01-16T16:00:00Z
con_000268_4,acc_000268,Sebastián,Ramos,sebastian.ramos@emar.ar.example,valid,Director of Operations,operations,director,en,https://linkedin.example/in/sebastian-ramos-566,2026-07-11T16:00:00Z,2025-05-01T16:00:00Z
con_000269_1,acc_000269,Mariana,Ruiz,mariana.ruiz@renlis.mx.example,valid,Chief Administrative Officer,other,c_level,en,https://linkedin.example/in/mariana-ruiz-987,2026-04-26T16:00:00Z,2024-12-02T16:00:00Z
con_000269_2,acc_000269,Team,Info,info@renlis.mx.example,role_based,Generic mailbox,finance,ic,en,https://linkedin.example/in/team-info-132,,2024-06-14T16:00:00Z
con_000271_1,acc_000271,Guillermo,Jiménez,guillermo.jimenez@mocumedical.ar.example,valid,Chief Financial Officer,finance,c_level,en,https://linkedin.example/in/guillermo-jimenez-984,2026-06-17T16:00:00Z,2026-02-22T16:00:00Z
con_000272_1,acc_000272,Beatriz,Cárdenas,beatriz.cardenas@moyra.mx.example,valid,Operations Manager,operations,manager,en,https://linkedin.example/in/beatriz-cardenas-979,2026-04-25T16:00:00Z,2025-03-06T16:00:00Z
con_000272_2,acc_000272,Fernanda,Flores,fernanda.flores@moyra.mx.example,valid,Finance Manager,finance,manager,en,https://linkedin.example/in/fernanda-flores-161,2026-08-13T16:00:00Z,2026-01-23T16:00:00Z
con_000272_3,acc_000272,Carlos,Rivera,carlos.rivera@moyra.mx.example,valid,Financial Analyst,finance,ic,en,https://linkedin.example/in/carlos-rivera-683,2026-04-11T16:00:00Z,2024-10-17T16:00:00Z
con_000272_4,acc_000272,Adriana,Jiménez,adriana.jimenez@moyra.mx.example,valid,Systems Analyst,it,ic,en,https://linkedin.example/in/adriana-jimenez-881,2026-04-18T16:00:00Z,2025-09-26T16:00:00Z
con_000272_5,acc_000272,Verónica,Pérez,veronica.perez@moyra.mx.example,valid,Director of Treasury,finance,director,en,https://linkedin.example/in/veronica-perez-895,2026-05-15T16:00:00Z,2026-05-17T16:00:00Z
con_000273_1,acc_000273,Rocío,Ramírez,rocio.ramirez@cucufreight.mx.example,unverified,Accounts Payable Manager,finance,manager,en,https://linkedin.example/in/rocio-ramirez-642,,2025-03-26T16:00:00Z
con_000273_2,acc_000273,Mauricio,Flores,mauricio.flores@cucufreight.mx.example,valid,Director of Procurement,procurement,director,en,https://linkedin.example/in/mauricio-flores-186,2026-04-16T16:00:00Z,2024-06-08T16:00:00Z
con_000274_1,acc_000274,Rafael,Rivera,rafael.rivera@fervi.mx.example,valid,Chief Financial Officer,finance,c_level,en,https://linkedin.example/in/rafael-rivera-991,2026-04-13T16:00:00Z,2024-08-19T16:00:00Z
con_000274_2,acc_000274,Manuel,Ramírez,manuelramirez70@gmail.example,free_provider,Accounts Payable Manager,finance,manager,en,https://linkedin.example/in/manuel-ramirez-600,,2025-07-05T16:00:00Z
con_000275_1,acc_000275,Ricardo,Cortés,ricardo.cortes@solnex.mx.example,valid,Director of Operations,operations,director,en,https://linkedin.example/in/ricardo-cortes-166,2026-07-14T16:00:00Z,2025-05-06T16:00:00Z
con_000275_2,acc_000275,Ricardo,López,ricardolopez4@outlook.example,free_provider,Buyer,procurement,ic,en,https://linkedin.example/in/ricardo-lopez-504,,2026-05-31T16:00:00Z
con_000276_1,acc_000276,Gabriela,Ramos,gabriela.ramos@baix.co.example,valid,Director of People,hr,director,en,https://linkedin.example/in/gabriela-ramos-274,2026-06-17T16:00:00Z,2025-09-06T16:00:00Z
con_000276_2,acc_000276,Juan,Cortés,juan.cortes@baix.co.example,unverified,Financial Analyst,finance,ic,en,https://linkedin.example/in/juan-cortes-233,,2024-06-15T16:00:00Z
con_000277_1,acc_000277,Adriana,Quintero,adriana.quintero@mojo.mx.example,valid,Finance Manager,finance,manager,en,https://linkedin.example/in/adriana-quintero-482,2026-05-22T16:00:00Z,2024-12-24T16:00:00Z
con_000278_1,acc_000278,Andrés,Salazar,andres.salazar@vergalbuilders.cl.example,valid,COO,operations,c_level,en,https://linkedin.example/in/andres-salazar-250,2026-06-20T16:00:00Z,2024-07-23T16:00:00Z
con_000278_2,acc_000278,Natalia,Flores,natalia.flores@vergalbuilders.cl.example,valid,Director of Operations,operations,director,en,https://linkedin.example/in/natalia-flores-133,2026-07-12T16:00:00Z,2026-05-03T16:00:00Z
con_000278_3,acc_000278,Elena,Pérez,elena.perez@vergalbuilders.cl.example,valid,Operations Coordinator,operations,ic,en,https://linkedin.example/in/elena-perez-965,2026-04-12T16:00:00Z,2024-10-31T16:00:00Z
con_000279_1,acc_000279,Pablo,Flores,pablo.flores@batra.co.example,valid,Director of Sourcing,procurement,director,en,https://linkedin.example/in/pablo-flores-144,2026-07-29T16:00:00Z,2025-04-22T16:00:00Z
con_000280_1,acc_000280,Claudia,Martínez,claudia.martinez@viforealty.mx.example,valid,Administration Manager,other,manager,en,https://linkedin.example/in/claudia-martinez-466,2026-04-17T16:00:00Z,2026-08-11T16:00:00Z
con_000280_2,acc_000280,Santiago,Díaz,santiago.diaz@viforealty.mx.example,valid,Procurement Analyst,procurement,ic,en,https://linkedin.example/in/santiago-diaz-349,2026-04-14T16:00:00Z,2026-02-26T16:00:00Z
con_000281_1,acc_000281,Ricardo,Silva,ricardosilva58@gmail.example,free_provider,Accountant,finance,ic,en,https://linkedin.example/in/ricardo-silva-603,,2024-07-02T16:00:00Z
con_000281_2,acc_000281,Sebastián,Flores,sebastian.flores@belpandigital.mx.example,valid,Chief Financial Officer,finance,c_level,en,https://linkedin.example/in/sebastian-flores-494,2026-08-24T16:00:00Z,2026-03-21T16:00:00Z
con_000281_3,acc_000281,Ricardo,García,ricardo.garcia@belpandigital.mx.example,valid,Treasury Manager,finance,manager,en,https://linkedin.example/in/ricardo-garcia-308,2026-08-06T16:00:00Z,2026-02-03T16:00:00Z
con_000282_1,acc_000282,Rodrigo,Ribeiro,rodrigo.ribeiro@solgal.br.example,valid,Administrative Assistant,other,ic,en,https://linkedin.example/in/rodrigo-ribeiro-558,2026-05-20T16:00:00Z,2026-08-31T16:00:00Z
con_000282_2,acc_000282,Daniela,Moreira,daniela.moreira@solgal.br.example,valid,IT Manager,it,manager,en,https://linkedin.example/in/daniela-moreira-401,2026-09-16T16:00:00Z,2024-12-16T16:00:00Z
con_000282_3,acc_000282,Rodrigo,Rodrigues,rodrigo.rodrigues@solgal.br.example,valid,Accounts Payable Manager,finance,manager,en,https://linkedin.example/in/rodrigo-rodrigues-635,2026-07-25T16:00:00Z,2025-10-09T16:00:00Z
con_000282_4,acc_000282,Larissa,Vieira,larissa.vieira@solgal.br.example,valid,Founder,executive,c_level,en,https://linkedin.example/in/larissa-vieira-212,2026-07-06T16:00:00Z,2025-03-08T16:00:00Z
con_000283_1,acc_000283,Miguel,Martínez,miguel.martinez@panro.mx.example,unverified,Director of Finance,finance,director,en,https://linkedin.example/in/miguel-martinez-118,,2026-01-15T16:00:00Z
con_000283_2,acc_000283,Karla,Guerrero,karla.guerrero@panro.mx.example,valid,Operations Manager,operations,manager,en,https://linkedin.example/in/karla-guerrero-537,2026-08-27T16:00:00Z,2026-08-20T16:00:00Z
con_000284_1,acc_000284,Carolina,Cortés,carolinacortes89@outlook.example,free_provider,Financial Analyst,finance,ic,en,https://linkedin.example/in/carolina-cortes-663,,2024-05-13T16:00:00Z
con_000284_2,acc_000284,Leticia,Ruiz,leticia.ruiz@arsa.mx.example,valid,HR Manager,hr,manager,en,https://linkedin.example/in/leticia-ruiz-397,2026-08-27T16:00:00Z,2026-09-24T16:00:00Z
con_000284_3,acc_000284,Manuel,Quintero,manuel.quintero@arsa.mx.example,valid,Chief Financial Officer,finance,c_level,en,https://linkedin.example/in/manuel-quintero-681,2026-09-16T16:00:00Z,2024-10-22T16:00:00Z
con_000284_4,acc_000284,Sofía,Aguilar,,missing,COO,operations,c_level,en,https://linkedin.example/in/sofia-aguilar-421,,2024-09-08T16:00:00Z
con_000285_1,acc_000285,Valentina,Ibarra,valentina.ibarra@panni.mx.example,unverified,Executive VP,executive,vp,en,https://linkedin.example/in/valentina-ibarra-328,,2024-12-12T16:00:00Z
con_000285_2,acc_000285,Mónica,García,monica.garcia@panni.mx.example,valid,Buyer,procurement,ic,en,https://linkedin.example/in/monica-garcia-417,2026-05-25T16:00:00Z,2025-02-06T16:00:00Z
con_000286_1,acc_000286,Isabela,Barbosa,isabela.barbosa@mintradevelopments.br.example,valid,Accounts Payable Analyst,finance,ic,en,https://linkedin.example/in/isabela-barbosa-417,2026-06-27T16:00:00Z,2026-02-03T16:00:00Z
con_000287_1,acc_000287,Andrea,Domínguez,andrea.dominguez@taka.mx.example,valid,Treasury Manager,finance,manager,en,https://linkedin.example/in/andrea-dominguez-500,2026-07-16T16:00:00Z,2025-02-09T16:00:00Z
con_000287_2,acc_000287,Rocío,Díaz,rocio.diaz@taka.mx.example,catchall,Accountant,finance,ic,en,https://linkedin.example/in/rocio-diaz-680,,2025-03-18T16:00:00Z
con_000288_1,acc_000288,Paulo,Alves,paulo.alves@zutor.br.example,valid,Director of Finance,finance,director,en,https://linkedin.example/in/paulo-alves-431,2026-04-10T16:00:00Z,2025-11-04T16:00:00Z
con_000288_2,acc_000288,Camila,Costa,camila.costa@zutor.br.example,valid,Director of Finance,finance,director,en,https://linkedin.example/in/camila-costa-248,2026-09-18T16:00:00Z,2026-08-29T16:00:00Z
con_000288_3,acc_000288,João,Freitas,joao.freitas@zutor.br.example,valid,Executive VP,executive,vp,en,https://linkedin.example/in/joao-freitas-868,2026-08-26T16:00:00Z,2025-07-01T16:00:00Z
con_000289_1,acc_000289,Sergio,Pérez,sergio.perez@lismotech.ar.example,valid,Financial Analyst,finance,ic,en,https://linkedin.example/in/sergio-perez-606,2026-07-25T16:00:00Z,2026-08-10T16:00:00Z
con_000289_2,acc_000289,Fernanda,Morales,fernanda.morales@lismotech.ar.example,valid,Director of Finance,finance,director,en,https://linkedin.example/in/fernanda-morales-966,2026-04-10T16:00:00Z,2025-12-21T16:00:00Z
con_000289_3,acc_000289,Óscar,Navarro,oscar.navarro@lismotech.ar.example,valid,Director of Procurement,procurement,director,en,https://linkedin.example/in/oscar-navarro-410,2026-07-31T16:00:00Z,2026-09-21T16:00:00Z
con_000289_4,acc_000289,Team,Info,info@lismotech.ar.example,role_based,Generic mailbox,operations,ic,en,https://linkedin.example/in/team-info-142,,2026-09-10T16:00:00Z
con_000290_1,acc_000290,Esteban,Vargas,esteban.vargas@ulmerpetrochemicals.cl.example,valid,Chief Procurement Officer,procurement,c_level,en,https://linkedin.example/in/esteban-vargas-891,2026-05-31T16:00:00Z,2025-07-30T16:00:00Z
con_000290_2,acc_000290,Roberto,Martínez,roberto.martinez@ulmerpetrochemicals.cl.example,valid,Treasury Manager,finance,manager,en,https://linkedin.example/in/roberto-martinez-289,2026-04-28T16:00:00Z,2025-09-07T16:00:00Z
con_000290_3,acc_000290,Sergio,Vázquez,sergio.vazquez@ulmerpetrochemicals.cl.example,valid,Procurement Manager,procurement,manager,en,https://linkedin.example/in/sergio-vazquez-263,2026-07-01T16:00:00Z,2026-07-16T16:00:00Z
con_000290_4,acc_000290,Roberto,Vázquez,roberto.vazquez@ulmerpetrochemicals.cl.example,unverified,Director of Operations,operations,director,en,https://linkedin.example/in/roberto-vazquez-549,,2025-04-04T16:00:00Z
con_000291_1,acc_000291,Gabriela,Navarro,gabriela.navarro@tari.mx.example,valid,Procurement Analyst,procurement,ic,en,https://linkedin.example/in/gabriela-navarro-706,2026-05-14T16:00:00Z,2026-01-08T16:00:00Z
con_000292_1,acc_000292,Alejandro,Medina,alejandro.medina@pancicargo.mx.example,valid,Procurement Manager,procurement,manager,en,https://linkedin.example/in/alejandro-medina-520,2026-04-29T16:00:00Z,2025-05-21T16:00:00Z
con_000293_1,acc_000293,Patrícia,Moreira,patricia.moreira@panniconsulting.br.example,valid,Director of Operations,operations,director,en,https://linkedin.example/in/patricia-moreira-211,2026-05-19T16:00:00Z,2025-01-14T16:00:00Z
con_000294_1,acc_000294,Luis,Fernández,luis.fernandez@tenper.mx.example,valid,Director of Finance,finance,director,en,https://linkedin.example/in/luis-fernandez-197,2026-06-23T16:00:00Z,2024-08-12T16:00:00Z
con_000294_2,acc_000294,Teresa,López,teresa.lopez@tenper.mx.example,valid,Administration Manager,other,manager,en,https://linkedin.example/in/teresa-lopez-155,2026-05-19T16:00:00Z,2025-10-02T16:00:00Z
con_000295_1,acc_000295,Sebastián,Escobar,sebastian.escobar@galro.mx.example,valid,Director of Sourcing,procurement,director,en,https://linkedin.example/in/sebastian-escobar-708,2026-04-26T16:00:00Z,2024-11-22T16:00:00Z
con_000295_2,acc_000295,Claudia,Domínguez,claudia.dominguez@galro.mx.example,valid,CFO,finance,c_level,en,https://linkedin.example/in/claudia-dominguez-196,2026-08-18T16:00:00Z,2025-08-03T16:00:00Z
con_000295_3,acc_000295,Andrés,Zamora,andres.zamora@galro.mx.example,valid,Director of IT,it,director,en,https://linkedin.example/in/andres-zamora-473,2026-07-02T16:00:00Z,2025-08-23T16:00:00Z
con_000296_1,acc_000296,Santiago,Acosta,santiago.acosta@martenbeverages.co.example,valid,COO,operations,c_level,en,https://linkedin.example/in/santiago-acosta-880,2026-09-26T16:00:00Z,2026-03-19T16:00:00Z
con_000297_1,acc_000297,Verónica,Jiménez,veronica.jimenez@tatoindustries.co.example,valid,Financial Analyst,finance,ic,en,https://linkedin.example/in/veronica-jimenez-354,2026-05-16T16:00:00Z,2024-09-23T16:00:00Z
con_000297_2,acc_000297,Carolina,Castro,carolina.castro@tatoindustries.co.example,valid,General Manager,executive,c_level,en,https://linkedin.example/in/carolina-castro-555,2026-06-19T16:00:00Z,2024-12-22T16:00:00Z
con_000297_3,acc_000297,Manuel,Peña,manuel.pena@tatoindustries.co.example,valid,CEO,executive,c_level,en,https://linkedin.example/in/manuel-pena-666,2026-06-12T16:00:00Z,2024-10-11T16:00:00Z
con_000297_4,acc_000297,Elena,Arias,elena.arias@tatoindustries.co.example,valid,Accounts Payable Analyst,finance,ic,en,https://linkedin.example/in/elena-arias-444,2026-05-31T16:00:00Z,2026-06-19T16:00:00Z
con_000297_5,acc_000297,Adriana,Montoya,adriana.montoya@tatoindustries.co.example,valid,Operations Manager,operations,manager,en,https://linkedin.example/in/adriana-montoya-380,2026-05-05T16:00:00Z,2025-06-05T16:00:00Z
con_000298_1,acc_000298,Beatriz,Ruiz,beatriz.ruiz@perniclinic.mx.example,valid,VP of People,hr,vp,en,https://linkedin.example/in/beatriz-ruiz-460,2026-09-21T16:00:00Z,2025-07-01T16:00:00Z
con_000299_1,acc_000299,Alejandro,Contreras,alejandro.contreras@fofertech.ar.example,valid,Systems Analyst,it,ic,en,https://linkedin.example/in/alejandro-contreras-856,2026-07-07T16:00:00Z,2024-10-24T16:00:00Z
con_000299_2,acc_000299,Miguel,Romero,miguel.romero@fofertech.ar.example,valid,Operations Coordinator,operations,ic,en,https://linkedin.example/in/miguel-romero-340,2026-06-04T16:00:00Z,2026-03-29T16:00:00Z
con_000300_1,acc_000300,Luis,Lara,luis.lara@galbelfoundation.mx.example,valid,Treasury Manager,finance,manager,en,https://linkedin.example/in/luis-lara-923,2026-08-04T16:00:00Z,2026-05-29T16:00:00Z
con_000300_2,acc_000300,Mariana,Bravo,mariana.bravo@galbelfoundation.mx.example,valid,VP of Finance,finance,vp,en,https://linkedin.example/in/mariana-bravo-326,2026-06-10T16:00:00Z,2025-12-28T16:00:00Z
con_000301_1,acc_000301,Santiago,Flores,santiago.flores@giva.mx.example,valid,Director of Sourcing,procurement,director,en,https://linkedin.example/in/santiago-flores-638,2026-05-01T16:00:00Z,2024-08-31T16:00:00Z
con_000301_2,acc_000301,Gabriela,Acosta,gabriela.acosta@giva.mx.example,valid,Accountant,finance,ic,en,https://linkedin.example/in/gabriela-acosta-860,2026-09-07T16:00:00Z,2025-02-23T16:00:00Z
con_000301_3,acc_000301,Héctor,Flores,hector.flores@giva.mx.example,unverified,Director of Operations,operations,director,en,https://linkedin.example/in/hector-flores-338,,2026-03-08T16:00:00Z
con_000301_4,acc_000301,Ricardo,Sánchez,ricardo.sanchez@giva.mx.example,valid,Treasury Manager,finance,manager,en,https://linkedin.example/in/ricardo-sanchez-283,2026-09-14T16:00:00Z,2025-01-23T16:00:00Z
con_000302_1,acc_000302,Claudia,Zamora,claudia.zamora@fermin.mx.example,valid,Executive VP,executive,vp,en,https://linkedin.example/in/claudia-zamora-558,2026-08-22T16:00:00Z,2025-11-18T16:00:00Z
con_000302_2,acc_000302,Santiago,Rivera,santiago.rivera@fermin.mx.example,valid,COO,operations,c_level,en,https://linkedin.example/in/santiago-rivera-473,2026-08-30T16:00:00Z,2026-03-06T16:00:00Z
con_000302_3,acc_000302,Sebastián,Escobar,sebastian.escobar@fermin.mx.example,valid,Chief Financial Officer,finance,c_level,en,https://linkedin.example/in/sebastian-escobar-462,2026-09-23T16:00:00Z,2025-01-24T16:00:00Z
con_000302_4,acc_000302,Daniel,Reyes,daniel.reyes@fermin.mx.example,valid,CEO,executive,c_level,en,https://linkedin.example/in/daniel-reyes-418,2026-05-25T16:00:00Z,2025-01-08T16:00:00Z
con_000302_5,acc_000302,Carolina,Cruz,carolina.cruz@fermin.mx.example,valid,Operations Coordinator,operations,ic,en,https://linkedin.example/in/carolina-cruz-353,2026-08-11T16:00:00Z,2025-12-16T16:00:00Z
con_000303_1,acc_000303,Lorena,Contreras,lorena.contreras@quiverhealth.ar.example,valid,CTO,it,c_level,en,https://linkedin.example/in/lorena-contreras-321,2026-07-29T16:00:00Z,2024-12-08T16:00:00Z
con_000303_2,acc_000303,César,Ortiz,cesar.ortiz@quiverhealth.ar.example,valid,Treasury Manager,finance,manager,en,https://linkedin.example/in/cesar-ortiz-802,2026-08-08T16:00:00Z,2026-08-02T16:00:00Z
con_000303_3,acc_000303,Karla,Ponce,karla.ponce@quiverhealth.ar.example,valid,Operations Manager,operations,manager,en,https://linkedin.example/in/karla-ponce-125,2026-09-11T16:00:00Z,2024-10-12T16:00:00Z
con_000303_4,acc_000303,Valentina,Jiménez,valentina.jimenez@quiverhealth.ar.example,valid,Treasury Manager,finance,manager,en,https://linkedin.example/in/valentina-jimenez-429,2026-08-11T16:00:00Z,2025-03-30T16:00:00Z
con_000304_1,acc_000304,Esteban,Maldonado,esteban.maldonado@rocifoods.ar.example,valid,General Manager,executive,c_level,en,https://linkedin.example/in/esteban-maldonado-803,2026-06-16T16:00:00Z,2024-07-21T16:00:00Z
con_000304_2,acc_000304,Teresa,Flores,teresa.flores@rocifoods.ar.example,valid,Director of People,hr,director,en,https://linkedin.example/in/teresa-flores-198,2026-08-13T16:00:00Z,2026-05-14T16:00:00Z
con_000305_1,acc_000305,Valentina,Domínguez,valentina.dominguez@cenca.mx.example,valid,VP of People,hr,vp,en,https://linkedin.example/in/valentina-dominguez-776,2026-07-03T16:00:00Z,2025-09-23T16:00:00Z
con_000306_1,acc_000306,Rafael,Zamora,rafael.zamora@altor.mx.example,valid,Operations Coordinator,operations,ic,en,https://linkedin.example/in/rafael-zamora-789,2026-04-28T16:00:00Z,2025-04-04T16:00:00Z
con_000307_1,acc_000307,Karla,Cárdenas,karlacardenas64@hotmail.example,free_provider,IT Manager,it,manager,en,https://linkedin.example/in/karla-cardenas-869,,2026-05-24T16:00:00Z
con_000308_1,acc_000308,Paulo,Rodrigues,paulo.rodrigues@quisa.br.example,valid,Director of Treasury,finance,director,en,https://linkedin.example/in/paulo-rodrigues-449,2026-08-22T16:00:00Z,2025-08-31T16:00:00Z
con_000308_2,acc_000308,Fernanda,Nunes,fernanda.nunes@quisa.br.example,valid,Director of Administration,other,director,en,https://linkedin.example/in/fernanda-nunes-355,2026-06-17T16:00:00Z,2024-08-18T16:00:00Z
con_000308_3,acc_000308,Daniela,Fernandes,daniela.fernandes@quisa.br.example,unverified,Accounts Payable Analyst,finance,ic,en,https://linkedin.example/in/daniela-fernandes-580,,2026-07-17T16:00:00Z
con_000308_4,acc_000308,Juliana,Rodrigues,juliana.rodrigues@quisa.br.example,valid,Operations Coordinator,operations,ic,en,https://linkedin.example/in/juliana-rodrigues-441,2026-08-13T16:00:00Z,2024-04-20T16:00:00Z
con_000309_1,acc_000309,Mauricio,Castillo,mauricio.castillo@ulgalsystems.mx.example,valid,Controller,finance,director,en,https://linkedin.example/in/mauricio-castillo-466,2026-05-09T16:00:00Z,2024-06-12T16:00:00Z
con_000310_1,acc_000310,Ximena,Cortés,,missing,Systems Analyst,it,ic,en,https://linkedin.example/in/ximena-cortes-949,,2026-08-18T16:00:00Z
con_000310_2,acc_000310,Adriana,Fernández,adriana.fernandez@arqui.mx.example,valid,Administrative Assistant,other,ic,en,https://linkedin.example/in/adriana-fernandez-250,2026-05-28T16:00:00Z,2025-11-27T16:00:00Z
con_000310_3,acc_000310,Raúl,Valdés,raul.valdes@arqui.mx.example,valid,General Manager,executive,c_level,en,https://linkedin.example/in/raul-valdes-901,2026-06-02T16:00:00Z,2024-08-12T16:00:00Z
con_000311_1,acc_000311,Verónica,Peña,veronica.pena@mincafarms.ar.example,valid,Operations Manager,operations,manager,en,https://linkedin.example/in/veronica-pena-963,2026-05-10T16:00:00Z,2024-12-08T16:00:00Z
con_000312_1,acc_000312,Sofía,Pineda,sofia.pineda@samacargo,invalid_syntax,Director of Operations,operations,director,en,https://linkedin.example/in/sofia-pineda-165,,2024-10-09T16:00:00Z
con_000312_2,acc_000312,Julián,Peña,julian.pena@samacargo.mx.example,catchall,VP of Procurement,procurement,vp,en,https://linkedin.example/in/julian-pena-731,,2025-11-26T16:00:00Z
con_000313_1,acc_000313,Diego,López,diego.lopez@roemdigital.mx.example,valid,Executive VP,executive,vp,en,https://linkedin.example/in/diego-lopez-409,2026-06-25T16:00:00Z,2024-08-20T16:00:00Z
con_000314_1,acc_000314,Leticia,López,leticia.lopez@zudor.co.example,valid,Procurement Manager,procurement,manager,en,https://linkedin.example/in/leticia-lopez-147,2026-09-06T16:00:00Z,2025-12-09T16:00:00Z
con_000314_2,acc_000314,Fernanda,González,fernanda.gonzalez@zudor.co.example,valid,Accounts Payable Analyst,finance,ic,en,https://linkedin.example/in/fernanda-gonzalez-655,2026-06-18T16:00:00Z,2025-08-06T16:00:00Z
con_000315_1,acc_000315,Ximena,Reyes,ximena.reyes@toorsystems.co.example,valid,Finance Manager,finance,manager,en,https://linkedin.example/in/ximena-reyes-616,2026-05-11T16:00:00Z,2025-04-11T16:00:00Z
con_000315_2,acc_000315,Tomás,Cortés,tomas.cortes@toorsystems.co.example,valid,Controller,finance,director,en,https://linkedin.example/in/tomas-cortes-561,2026-06-12T16:00:00Z,2024-07-05T16:00:00Z
con_000316_1,acc_000316,María,Ibarra,maria.ibarra@nextoclinic,invalid_syntax,Director of Procurement,procurement,director,en,https://linkedin.example/in/maria-ibarra-422,,2025-08-11T16:00:00Z
con_000316_2,acc_000316,Diego,Arias,diegoarias13@gmail.example,free_provider,Director of Treasury,finance,director,en,https://linkedin.example/in/diego-arias-668,,2026-03-01T16:00:00Z
con_000316_3,acc_000316,Patricia,Rojas,patricia.rojas@nextoclinic.mx.example,catchall,COO,operations,c_level,en,https://linkedin.example/in/patricia-rojas-801,,2024-09-15T16:00:00Z
con_000317_1,acc_000317,Marcela,Sánchez,marcela.sanchez@moca.co.example,valid,Financial Analyst,finance,ic,en,https://linkedin.example/in/marcela-sanchez-318,2026-05-01T16:00:00Z,2026-01-13T16:00:00Z
con_000318_1,acc_000318,Emilio,Soto,emilio.soto@maixsystems.ar.example,valid,Treasury Manager,finance,manager,en,https://linkedin.example/in/emilio-soto-818,2026-06-27T16:00:00Z,2024-05-14T16:00:00Z
con_000318_2,acc_000318,Diego,Rojas,diego.rojas@maixsystems.ar.example,valid,Director of Treasury,finance,director,en,https://linkedin.example/in/diego-rojas-430,2026-06-15T16:00:00Z,2026-03-02T16:00:00Z
con_000319_1,acc_000319,Felipe,Freitas,felipe.freitas@lulosystems.br.example,catchall,Procurement Manager,procurement,manager,en,https://linkedin.example/in/felipe-freitas-900,,2025-04-01T16:00:00Z
con_000319_2,acc_000319,Team,Info,info@lulosystems.br.example,role_based,Generic mailbox,finance,ic,en,https://linkedin.example/in/team-info-165,,2026-01-20T16:00:00Z
con_000319_3,acc_000319,Paulo,Souza,,missing,Director of Treasury,finance,director,en,https://linkedin.example/in/paulo-souza-254,,2025-06-23T16:00:00Z
con_000319_4,acc_000319,Rodrigo,Vieira,rodrigovieira27@hotmail.example,free_provider,VP of Finance,finance,vp,en,https://linkedin.example/in/rodrigo-vieira-679,,2026-04-15T16:00:00Z
con_000319_5,acc_000319,Thiago,Santos,thiagosantos87@yahoo.example,free_provider,Executive VP,executive,vp,en,https://linkedin.example/in/thiago-santos-750,,2025-07-12T16:00:00Z
con_000320_1,acc_000320,Marcela,Vega,marcela.vega@doriharvest.cl.example,valid,HR Manager,hr,manager,en,https://linkedin.example/in/marcela-vega-623,2026-06-09T16:00:00Z,2025-10-15T16:00:00Z
con_000320_2,acc_000320,Alejandro,Rodríguez,alejandro.rodriguez@doriharvest.cl.example,valid,CEO,executive,c_level,en,https://linkedin.example/in/alejandro-rodriguez-186,2026-08-25T16:00:00Z,2025-05-27T16:00:00Z
con_000320_3,acc_000320,Marcela,Medina,marcela.medina@doriharvest.cl.example,valid,Director of IT,it,director,en,https://linkedin.example/in/marcela-medina-211,2026-05-25T16:00:00Z,2024-05-21T16:00:00Z
con_000321_1,acc_000321,Diana,Díaz,diana.diaz@ixpansystems.mx.example,valid,COO,operations,c_level,en,https://linkedin.example/in/diana-diaz-109,2026-04-27T16:00:00Z,2025-03-09T16:00:00Z
con_000322_1,acc_000322,Diana,Ruiz,diana.ruiz@balisservices.mx.example,valid,Founder,executive,c_level,en,https://linkedin.example/in/diana-ruiz-235,2026-05-04T16:00:00Z,2024-05-16T16:00:00Z
con_000323_1,acc_000323,Mariana,Rodríguez,mariana.rodriguez@piorrealty.co.example,valid,Accountant,finance,ic,en,https://linkedin.example/in/mariana-rodriguez-260,2026-07-14T16:00:00Z,2025-04-20T16:00:00Z
con_000323_2,acc_000323,José,Guerrero,jose.guerrero@piorrealty.co.example,catchall,IT Manager,it,manager,en,https://linkedin.example/in/jose-guerrero-693,,2025-10-20T16:00:00Z
con_000323_3,acc_000323,Javier,Vargas,javier.vargas@piorrealty.co.example,valid,Administrative Assistant,other,ic,en,https://linkedin.example/in/javier-vargas-925,2026-04-17T16:00:00Z,2024-12-22T16:00:00Z
con_000323_4,acc_000323,Javier,Montoya,javier.montoya@piorrealty.co.example,valid,Chief Procurement Officer,procurement,c_level,en,https://linkedin.example/in/javier-montoya-350,2026-05-31T16:00:00Z,2025-03-11T16:00:00Z
con_000324_1,acc_000324,Thiago,Rodrigues,thiago.rodrigues@dorbastudio.br.example,valid,Director of Operations,operations,director,en,https://linkedin.example/in/thiago-rodrigues-190,2026-09-18T16:00:00Z,2024-11-03T16:00:00Z
con_000324_2,acc_000324,Mariana,Freitas,mariana.freitas@dorbastudio.br.example,valid,VP of Administration,other,vp,en,https://linkedin.example/in/mariana-freitas-874,2026-08-12T16:00:00Z,2026-05-21T16:00:00Z
con_000324_3,acc_000324,Juliana,Fernandes,juliana.fernandes@dorbastudio.br.example,valid,Director of Treasury,finance,director,en,https://linkedin.example/in/juliana-fernandes-968,2026-06-29T16:00:00Z,2025-03-06T16:00:00Z
con_000325_1,acc_000325,Andrés,Rojas,andres.rojas@allu.mx.example,valid,Director of Sourcing,procurement,director,en,https://linkedin.example/in/andres-rojas-332,2026-09-18T16:00:00Z,2025-03-02T16:00:00Z
con_000326_1,acc_000326,Team,Info,info@giferharvest.mx.example,role_based,Generic mailbox,operations,ic,en,https://linkedin.example/in/team-info-566,,2025-10-25T16:00:00Z
con_000326_2,acc_000326,Guillermo,Rivera,guillermo.rivera@giferharvest.mx.example,valid,Administration Manager,other,manager,en,https://linkedin.example/in/guillermo-rivera-741,2026-05-06T16:00:00Z,2025-05-23T16:00:00Z
con_000326_3,acc_000326,Mónica,Escobar,monica.escobar@giferharvest.mx.example,valid,Director of Operations,operations,director,en,https://linkedin.example/in/monica-escobar-822,2026-05-28T16:00:00Z,2026-01-12T16:00:00Z
con_000327_1,acc_000327,José,Cárdenas,jose.cardenas@fosahotels.mx.example,valid,Director of Administration,other,director,en,https://linkedin.example/in/jose-cardenas-521,2026-05-30T16:00:00Z,2026-09-18T16:00:00Z
con_000328_1,acc_000328,Héctor,Díaz,hectordiaz91@outlook.example,free_provider,Operations Manager,operations,manager,en,https://linkedin.example/in/hector-diaz-908,,2025-05-11T16:00:00Z
con_000328_2,acc_000328,Diego,Guerrero,diegoguerrero94@outlook.example,free_provider,Founder,executive,c_level,en,https://linkedin.example/in/diego-guerrero-309,,2025-06-17T16:00:00Z
con_000328_3,acc_000328,Isabel,Morales,,missing,CEO,executive,c_level,en,https://linkedin.example/in/isabel-morales-960,,2025-07-24T16:00:00Z
con_000328_4,acc_000328,Leticia,Ramírez,leticia.ramirez@cumahealth.mx.example,catchall,Director of People,hr,director,en,https://linkedin.example/in/leticia-ramirez-688,,2025-01-06T16:00:00Z
con_000329_1,acc_000329,Karla,Rivera,karla.rivera@torcenenergy.mx.example,valid,HR Manager,hr,manager,en,https://linkedin.example/in/karla-rivera-108,2026-06-20T16:00:00Z,2024-06-26T16:00:00Z
con_000329_2,acc_000329,Karla,Castro,karla.castro@torcenenergy.mx.example,valid,Operations Manager,operations,manager,en,https://linkedin.example/in/karla-castro-993,2026-07-10T16:00:00Z,2024-07-04T16:00:00Z
con_000329_3,acc_000329,Lorena,López,lorena.lopez@torcenenergy.mx.example,valid,Procurement Manager,procurement,manager,en,https://linkedin.example/in/lorena-lopez-667,2026-06-12T16:00:00Z,2026-07-09T16:00:00Z
con_000330_1,acc_000330,Natalia,Hernández,natalia.hernandez@ixba.ar.example,valid,Director of Sourcing,procurement,director,en,https://linkedin.example/in/natalia-hernandez-356,2026-04-15T16:00:00Z,2025-05-06T16:00:00Z
con_000330_2,acc_000330,Beatriz,Cortés,beatriz.cortes@ixba.ar.example,valid,Accountant,finance,ic,en,https://linkedin.example/in/beatriz-cortes-578,2026-09-24T16:00:00Z,2026-08-09T16:00:00Z
con_000331_1,acc_000331,Sofía,Rodríguez,sofia.rodriguez@nexper.mx.example,valid,Operations Coordinator,operations,ic,en,https://linkedin.example/in/sofia-rodriguez-472,2026-04-17T16:00:00Z,2025-01-19T16:00:00Z
con_000331_2,acc_000331,Dulce,Vega,dulce.vega@nexper.mx.example,valid,General Manager,executive,c_level,en,https://linkedin.example/in/dulce-vega-558,2026-05-08T16:00:00Z,2024-08-07T16:00:00Z
con_000331_3,acc_000331,Óscar,Pineda,oscar.pineda@nexper.mx.example,valid,Director of Sourcing,procurement,director,en,https://linkedin.example/in/oscar-pineda-256,2026-09-21T16:00:00Z,2025-07-31T16:00:00Z
con_000331_4,acc_000331,Lorena,Cortés,lorena.cortes@nexper.mx.example,valid,Director of Sourcing,procurement,director,en,https://linkedin.example/in/lorena-cortes-758,2026-05-22T16:00:00Z,2026-04-09T16:00:00Z
con_000331_5,acc_000331,Sofía,Gómez,sofia.gomez@nexper.mx.example,valid,Director of Treasury,finance,director,en,https://linkedin.example/in/sofia-gomez-607,2026-04-17T16:00:00Z,2025-01-19T16:00:00Z
con_000332_1,acc_000332,Esteban,Ramírez,esteban.ramirez@vernesystems.mx.example,valid,Accountant,finance,ic,en,https://linkedin.example/in/esteban-ramirez-971,2026-04-11T16:00:00Z,2024-09-04T16:00:00Z
con_000333_1,acc_000333,Ximena,Valdés,ximena.valdes@tofer.co.example,valid,Treasury Manager,finance,manager,en,https://linkedin.example/in/ximena-valdes-989,2026-04-22T16:00:00Z,2024-09-13T16:00:00Z
con_000333_2,acc_000333,Gabriela,Hernández,gabriela.hernandez@tofer.co.example,valid,IT Manager,it,manager,en,https://linkedin.example/in/gabriela-hernandez-233,2026-04-24T16:00:00Z,2025-08-12T16:00:00Z
con_000334_1,acc_000334,Sergio,Moreno,sergiomoreno55@yahoo.example,free_provider,Operations Manager,operations,manager,en,https://linkedin.example/in/sergio-moreno-672,,2024-10-29T16:00:00Z
con_000334_2,acc_000334,Claudia,Martínez,,missing,Director of Administration,other,director,en,https://linkedin.example/in/claudia-martinez-566,,2025-07-12T16:00:00Z
con_000335_1,acc_000335,Ximena,Fernández,ximena.fernandez@meror.co.example,valid,Chief Procurement Officer,procurement,c_level,en,https://linkedin.example/in/ximena-fernandez-262,2026-07-16T16:00:00Z,2026-08-31T16:00:00Z
con_000335_2,acc_000335,Diana,López,diana.lopez@meror.co.example,valid,Accounts Payable Analyst,finance,ic,en,https://linkedin.example/in/diana-lopez-180,2026-09-10T16:00:00Z,2025-02-14T16:00:00Z
con_000336_1,acc_000336,Ximena,Rivera,ximena.rivera@kaulmanufacturing.co.example,valid,Administrative Assistant,other,ic,en,https://linkedin.example/in/ximena-rivera-568,2026-07-02T16:00:00Z,2025-01-13T16:00:00Z
con_000337_1,acc_000337,Paula,Pérez,paula.perez@balu.mx.example,valid,IT Manager,it,manager,en,https://linkedin.example/in/paula-perez-914,2026-08-10T16:00:00Z,2025-12-29T16:00:00Z
con_000338_1,acc_000338,Camila,Escobar,camila.escobar@roul.co.example,valid,Operations Manager,operations,manager,en,https://linkedin.example/in/camila-escobar-821,2026-05-28T16:00:00Z,2025-08-10T16:00:00Z
con_000338_2,acc_000338,Elena,Díaz,elena.diaz@roul.co.example,valid,Financial Analyst,finance,ic,en,https://linkedin.example/in/elena-diaz-553,2026-06-27T16:00:00Z,2026-06-29T16:00:00Z
con_000339_1,acc_000339,Larissa,Rodrigues,larissa.rodrigues@marlis.br.example,valid,Buyer,procurement,ic,en,https://linkedin.example/in/larissa-rodrigues-993,2026-05-13T16:00:00Z,2024-08-31T16:00:00Z
con_000340_1,acc_000340,Ana,Moreira,ana.moreira@cuca.br.example,valid,General Manager,executive,c_level,en,https://linkedin.example/in/ana-moreira-449,2026-08-30T16:00:00Z,2025-05-30T16:00:00Z
con_000340_2,acc_000340,Paulo,Fernandes,paulo.fernandes@cuca.br.example,valid,Accounts Payable Analyst,finance,ic,en,https://linkedin.example/in/paulo-fernandes-173,2026-04-17T16:00:00Z,2026-01-17T16:00:00Z
con_000340_3,acc_000340,João,Andrade,joao.andrade@cuca.br.example,valid,Accountant,finance,ic,en,https://linkedin.example/in/joao-andrade-988,2026-08-11T16:00:00Z,2025-01-09T16:00:00Z
con_000341_1,acc_000341,Diego,Castillo,diego.castillo@zupibuilders.mx.example,valid,Finance Manager,finance,manager,en,https://linkedin.example/in/diego-castillo-845,2026-08-25T16:00:00Z,2025-02-01T16:00:00Z
con_000341_2,acc_000341,Rafael,Valdés,rafael.valdes@zupibuilders.mx.example,valid,Chief Financial Officer,finance,c_level,en,https://linkedin.example/in/rafael-valdes-567,2026-07-19T16:00:00Z,2025-11-21T16:00:00Z
con_000342_1,acc_000342,Gabriel,Fernández,gabriel.fernandez@renixmanufacturing.ar.example,valid,General Manager,executive,c_level,en,https://linkedin.example/in/gabriel-fernandez-179,2026-04-05T16:00:00Z,2026-07-14T16:00:00Z
con_000342_2,acc_000342,Manuel,Ibarra,manuel.ibarra@renixmanufacturing.ar.example,valid,CEO,executive,c_level,en,https://linkedin.example/in/manuel-ibarra-483,2026-04-23T16:00:00Z,2024-09-26T16:00:00Z
con_000342_3,acc_000342,Sofía,Silva,sofia.silva@renixmanufacturing.ar.example,valid,Chief Procurement Officer,procurement,c_level,en,https://linkedin.example/in/sofia-silva-238,2026-09-16T16:00:00Z,2024-10-04T16:00:00Z
con_000343_1,acc_000343,Miguel,Ibarra,miguel.ibarra@zulis.mx.example,valid,Finance Manager,finance,manager,en,https://linkedin.example/in/miguel-ibarra-655,2026-07-12T16:00:00Z,2025-12-11T16:00:00Z
con_000344_1,acc_000344,Dulce,Medina,dulce.medina@lover.mx.example,valid,Founder,executive,c_level,en,https://linkedin.example/in/dulce-medina-774,2026-09-09T16:00:00Z,2025-01-16T16:00:00Z
con_000344_2,acc_000344,Elena,Peña,elenapena99@hotmail.example,free_provider,Director of Finance,finance,director,en,https://linkedin.example/in/elena-pena-358,,2025-05-29T16:00:00Z
con_000344_3,acc_000344,Isabel,Castro,isabel.castro@lover.mx.example,valid,Accountant,finance,ic,en,https://linkedin.example/in/isabel-castro-618,2026-07-10T16:00:00Z,2025-08-21T16:00:00Z
con_000345_1,acc_000345,Diego,Cárdenas,diego.cardenas@lucaplastics.mx.example,valid,Buyer,procurement,ic,en,https://linkedin.example/in/diego-cardenas-793,2026-05-11T16:00:00Z,2026-09-03T16:00:00Z
con_000346_1,acc_000346,Héctor,Silva,hector.silva@ciix.co.example,valid,Operations Manager,operations,manager,en,https://linkedin.example/in/hector-silva-977,2026-06-24T16:00:00Z,2024-08-30T16:00:00Z
con_000346_2,acc_000346,Marcela,Flores,marcela.flores@ciix.co.example,valid,Accountant,finance,ic,en,https://linkedin.example/in/marcela-flores-503,2026-08-09T16:00:00Z,2026-09-14T16:00:00Z
con_000346_3,acc_000346,Óscar,Vargas,oscar.vargas@ciix.co.example,valid,CHRO,hr,c_level,en,https://linkedin.example/in/oscar-vargas-123,2026-06-14T16:00:00Z,2024-12-11T16:00:00Z
con_000347_1,acc_000347,Karla,Torres,karla.torres@vacahealth.co.example,valid,General Manager,executive,c_level,en,https://linkedin.example/in/karla-torres-685,2026-08-31T16:00:00Z,2025-11-09T16:00:00Z
con_000347_2,acc_000347,Team,Info,info@vacahealth.co.example,role_based,Generic mailbox,procurement,ic,en,https://linkedin.example/in/team-info-514,,2024-10-06T16:00:00Z
con_000348_1,acc_000348,Fernanda,Nunes,fernanda.nunes@nexpiagro.br.example,valid,Director of Operations,operations,director,en,https://linkedin.example/in/fernanda-nunes-954,2026-07-24T16:00:00Z,2026-04-13T16:00:00Z
con_000348_2,acc_000348,Cláudio,Fernandes,claudio.fernandes@nexpiagro.br.example,valid,VP of Technology,it,vp,en,https://linkedin.example/in/claudio-fernandes-978,2026-05-19T16:00:00Z,2024-04-19T16:00:00Z
con_000349_1,acc_000349,Jorge,Acosta,jorge.acosta@martramedical.mx.example,valid,Director of People,hr,director,en,https://linkedin.example/in/jorge-acosta-402,2026-09-08T16:00:00Z,2025-07-07T16:00:00Z
con_000349_2,acc_000349,Juan,Reyes,juan.reyesmartramedical.mx.example,invalid_syntax,Executive VP,executive,vp,en,https://linkedin.example/in/juan-reyes-426,,2025-05-03T16:00:00Z
con_000349_3,acc_000349,Gabriel,Valdés,gabriel.valdes@martramedical.mx.example,valid,Administration Manager,other,manager,en,https://linkedin.example/in/gabriel-valdes-783,2026-05-04T16:00:00Z,2025-11-06T16:00:00Z
con_000349_4,acc_000349,Alejandro,Moreno,alejandro.moreno@martramedical.mx.example,valid,Controller,finance,director,en,https://linkedin.example/in/alejandro-moreno-240,2026-05-14T16:00:00Z,2025-04-29T16:00:00Z
con_000349_5,acc_000349,Valentina,Cortés,valentina.cortes@martramedical.mx.example,unverified,VP of Technology,it,vp,en,https://linkedin.example/in/valentina-cortes-983,,2024-07-30T16:00:00Z
con_000350_1,acc_000350,Esteban,Ramos,esteban.ramos@joemmining.ar.example,valid,Accounts Payable Analyst,finance,ic,en,https://linkedin.example/in/esteban-ramos-439,2026-08-09T16:00:00Z,2024-06-15T16:00:00Z
con_000350_2,acc_000350,Team,Info,info@joemmining.ar.example,role_based,Generic mailbox,procurement,ic,en,https://linkedin.example/in/team-info-586,,2025-06-01T16:00:00Z
con_000350_3,acc_000350,Carlos,Ramírez,carlos.ramirez@joemmining.ar.example,valid,Accountant,finance,ic,en,https://linkedin.example/in/carlos-ramirez-310,2026-05-24T16:00:00Z,2024-11-05T16:00:00Z
con_000350_4,acc_000350,Valentina,Díaz,valentina.diaz@joemmining.ar.example,valid,Director of IT,it,director,en,https://linkedin.example/in/valentina-diaz-803,2026-08-24T16:00:00Z,2025-08-28T16:00:00Z
con_000350_5,acc_000350,Mariana,Jiménez,mariana.jimenez@joemmining.ar.example,valid,VP of Operations,operations,vp,en,https://linkedin.example/in/mariana-jimenez-448,2026-06-18T16:00:00Z,2024-10-07T16:00:00Z
con_000351_1,acc_000351,Team,Info,info@torri.mx.example,role_based,Generic mailbox,hr,ic,en,https://linkedin.example/in/team-info-842,,2024-07-12T16:00:00Z
con_000351_2,acc_000351,Diego,Vargas,diego.vargas@torri.mx.example,catchall,Controller,finance,director,en,https://linkedin.example/in/diego-vargas-923,,2024-10-06T16:00:00Z
con_000351_3,acc_000351,Fernanda,Cárdenas,,missing,HR Manager,hr,manager,en,https://linkedin.example/in/fernanda-cardenas-396,,2026-06-23T16:00:00Z
con_000352_1,acc_000352,João,Rodrigues,joao.rodrigues@tominfreight.br.example,valid,VP of Procurement,procurement,vp,en,https://linkedin.example/in/joao-rodrigues-885,2026-06-27T16:00:00Z,2024-09-27T16:00:00Z
con_000352_2,acc_000352,Isabela,Nunes,isabela.nunes@tominfreight.br.example,valid,Executive VP,executive,vp,en,https://linkedin.example/in/isabela-nunes-674,2026-05-18T16:00:00Z,2025-06-20T16:00:00Z
con_000353_1,acc_000353,Carlos,Carvalho,carlos.carvalho@nexnifreight.br.example,valid,Operations Coordinator,operations,ic,en,https://linkedin.example/in/carlos-carvalho-728,2026-09-17T16:00:00Z,2026-03-20T16:00:00Z
con_000353_2,acc_000353,Paulo,Souza,paulo.souza@nexnifreight.br.example,catchall,Buyer,procurement,ic,en,https://linkedin.example/in/paulo-souza-698,,2025-12-07T16:00:00Z
con_000353_3,acc_000353,Beatriz,Lopes,beatriz.lopes@nexnifreight.br.example,unverified,General Manager,executive,c_level,en,https://linkedin.example/in/beatriz-lopes-786,,2026-06-13T16:00:00Z
con_000354_1,acc_000354,Cláudio,Rodrigues,claudio.rodrigues@ricuplastics.br.example,valid,Chief Financial Officer,finance,c_level,en,https://linkedin.example/in/claudio-rodrigues-970,2026-07-06T16:00:00Z,2024-07-07T16:00:00Z
con_000354_2,acc_000354,Rodrigo,Rodrigues,rodrigo.rodrigues@ricuplastics.br.example,valid,CEO,executive,c_level,en,https://linkedin.example/in/rodrigo-rodrigues-286,2026-05-28T16:00:00Z,2024-12-22T16:00:00Z
con_000355_1,acc_000355,María,Cortés,maria.cortes@nigigourmet.pe.example,valid,Administration Manager,other,manager,en,https://linkedin.example/in/maria-cortes-533,2026-09-09T16:00:00Z,2026-09-01T16:00:00Z
con_000355_2,acc_000355,Manuel,Morales,manuel.morales@nigigourmet.pe.example,valid,Administration Manager,other,manager,en,https://linkedin.example/in/manuel-morales-829,2026-08-28T16:00:00Z,2024-06-24T16:00:00Z
con_000355_3,acc_000355,Tomás,Ibarra,tomas.ibarra@nigigourmet.pe.example,valid,Director of IT,it,director,en,https://linkedin.example/in/tomas-ibarra-490,2026-04-23T16:00:00Z,2024-10-01T16:00:00Z
con_000356_1,acc_000356,Javier,Mendoza,javier.mendoza@sollisgourmet.mx.example,valid,Founder,executive,c_level,en,https://linkedin.example/in/javier-mendoza-343,2026-06-22T16:00:00Z,2026-09-09T16:00:00Z
con_000356_2,acc_000356,Pablo,Zamora,pablo.zamora@sollisgourmet.mx.example,valid,Accounts Payable Manager,finance,manager,en,https://linkedin.example/in/pablo-zamora-750,2026-05-24T16:00:00Z,2025-12-24T16:00:00Z
con_000356_3,acc_000356,Francisco,Martínez,francisco.martinez@sollisgourmet.mx.example,valid,General Manager,executive,c_level,en,https://linkedin.example/in/francisco-martinez-413,2026-07-05T16:00:00Z,2024-07-14T16:00:00Z
con_000356_4,acc_000356,Juan,Martínez,juan.martinez@sollisgourmet.mx.example,valid,Founder,executive,c_level,en,https://linkedin.example/in/juan-martinez-596,2026-05-06T16:00:00Z,2024-09-27T16:00:00Z
con_000357_1,acc_000357,César,Pineda,cesar.pineda@neix.co.example,valid,CHRO,hr,c_level,en,https://linkedin.example/in/cesar-pineda-103,2026-08-26T16:00:00Z,2025-06-09T16:00:00Z
con_000358_1,acc_000358,Sebastián,Martínez,sebastian.martinez@galmarmedia.mx.example,valid,Chief Administrative Officer,other,c_level,en,https://linkedin.example/in/sebastian-martinez-522,2026-09-10T16:00:00Z,2026-04-04T16:00:00Z
con_000358_2,acc_000358,Juan,Arias,juan.arias@galmarmedia.mx.example,valid,CTO,it,c_level,en,https://linkedin.example/in/juan-arias-162,2026-09-18T16:00:00Z,2024-09-09T16:00:00Z
con_000359_1,acc_000359,Ximena,Paredes,ximena.paredes@emmotrading.mx.example,catchall,Director of Finance,finance,director,en,https://linkedin.example/in/ximena-paredes-586,,2025-11-15T16:00:00Z
con_000359_2,acc_000359,Sofía,Arias,sofia.arias@emmotrading.mx.example,valid,Operations Manager,operations,manager,en,https://linkedin.example/in/sofia-arias-922,2026-05-10T16:00:00Z,2025-02-12T16:00:00Z
con_000359_3,acc_000359,Diana,Ortiz,diana.ortiz@emmotrading.mx.example,valid,Treasury Manager,finance,manager,en,https://linkedin.example/in/diana-ortiz-595,2026-07-05T16:00:00Z,2026-08-20T16:00:00Z
con_000360_1,acc_000360,Guillermo,Valdés,guillermo.valdes@yravitech.mx.example,valid,Executive VP,executive,vp,en,https://linkedin.example/in/guillermo-valdes-739,2026-08-11T16:00:00Z,2024-09-08T16:00:00Z
con_000360_2,acc_000360,Valentina,Torres,valentina.torres@yravitech.mx.example,valid,Accounts Payable Analyst,finance,ic,en,https://linkedin.example/in/valentina-torres-814,2026-09-03T16:00:00Z,2026-08-13T16:00:00Z
con_000360_3,acc_000360,Raúl,Gómez,raul.gomez@yravitech.mx.example,valid,COO,operations,c_level,en,https://linkedin.example/in/raul-gomez-743,2026-07-07T16:00:00Z,2025-11-26T16:00:00Z
con_000360_4,acc_000360,Daniel,García,daniel.garcia@yravitech.mx.example,valid,Chief Administrative Officer,other,c_level,en,https://linkedin.example/in/daniel-garcia-990,2026-07-20T16:00:00Z,2025-12-08T16:00:00Z
con_000360_5,acc_000360,Tomás,González,tomas.gonzalez@yravitech.mx.example,valid,Director of Administration,other,director,en,https://linkedin.example/in/tomas-gonzalez-295,2026-09-26T16:00:00Z,2025-03-03T16:00:00Z
con_000361_1,acc_000361,Mariana,Andrade,mariana.andrade@renbeltrading.br.example,valid,IT Manager,it,manager,en,https://linkedin.example/in/mariana-andrade-300,2026-05-18T16:00:00Z,2025-04-26T16:00:00Z
con_000362_1,acc_000362,César,Chávez,cesar.chavez@verva.mx.example,valid,Accountant,finance,ic,en,https://linkedin.example/in/cesar-chavez-607,2026-07-22T16:00:00Z,2026-05-19T16:00:00Z
con_000362_2,acc_000362,Miguel,Bravo,miguel.bravo@verva.mx.example,valid,Administrative Assistant,other,ic,en,https://linkedin.example/in/miguel-bravo-827,2026-08-17T16:00:00Z,2025-01-21T16:00:00Z
con_000362_3,acc_000362,Mariana,Morales,mariana.morales@verva.mx.example,unverified,Director of Operations,operations,director,en,https://linkedin.example/in/mariana-morales-731,,2024-08-20T16:00:00Z
con_000362_4,acc_000362,Diego,Rivera,diego.rivera@verva.mx.example,valid,HR Manager,hr,manager,en,https://linkedin.example/in/diego-rivera-164,2026-05-03T16:00:00Z,2026-02-15T16:00:00Z
con_000363_1,acc_000363,Bruno,Dias,bruno.dias@ulsolsystems.br.example,valid,Founder,executive,c_level,en,https://linkedin.example/in/bruno-dias-440,2026-07-26T16:00:00Z,2024-07-29T16:00:00Z
con_000363_2,acc_000363,Larissa,Fernandes,larissa.fernandes@ulsolsystems.br.example,valid,Accounts Payable Manager,finance,manager,en,https://linkedin.example/in/larissa-fernandes-729,2026-08-04T16:00:00Z,2025-10-13T16:00:00Z
con_000364_1,acc_000364,Adriana,Medina,adriana.medina@culu.pe.example,valid,COO,operations,c_level,en,https://linkedin.example/in/adriana-medina-281,2026-06-28T16:00:00Z,2026-07-21T16:00:00Z
con_000364_2,acc_000364,Claudia,Fernández,claudia.fernandez@culu.pe.example.,invalid_syntax,Procurement Manager,procurement,manager,en,https://linkedin.example/in/claudia-fernandez-816,,2024-09-21T16:00:00Z
con_000364_3,acc_000364,Mariana,Escobar,mariana.escobar@culu.pe.example,valid,Accounts Payable Manager,finance,manager,en,https://linkedin.example/in/mariana-escobar-657,2026-09-20T16:00:00Z,2026-01-31T16:00:00Z
con_000364_4,acc_000364,Carolina,Montoya,carolina.montoya@culu.pe.example,valid,Procurement Manager,procurement,manager,en,https://linkedin.example/in/carolina-montoya-533,2026-07-14T16:00:00Z,2026-07-03T16:00:00Z
con_000365_1,acc_000365,Pablo,López,pablo.lopez@alca.ar.example,valid,Director of Finance,finance,director,en,https://linkedin.example/in/pablo-lopez-656,2026-08-08T16:00:00Z,2025-04-20T16:00:00Z
con_000366_1,acc_000366,Emilio,Guerrero,,missing,Founder,executive,c_level,en,https://linkedin.example/in/emilio-guerrero-152,,2026-08-06T16:00:00Z
con_000366_2,acc_000366,Rafael,Vázquez,rafael.vazquez@sava.co.example,valid,Financial Analyst,finance,ic,en,https://linkedin.example/in/rafael-vazquez-829,2026-06-27T16:00:00Z,2024-10-08T16:00:00Z
con_000367_1,acc_000367,Valentina,Montoya,valentina.montoya@gibeltrading.pe.example,valid,Director of Sourcing,procurement,director,en,https://linkedin.example/in/valentina-montoya-764,2026-09-03T16:00:00Z,2026-04-08T16:00:00Z
con_000367_2,acc_000367,Patricia,Reyes,patricia.reyes@gibeltrading.pe.example,valid,Accounts Payable Analyst,finance,ic,en,https://linkedin.example/in/patricia-reyes-747,2026-04-04T16:00:00Z,2025-07-09T16:00:00Z
con_000367_3,acc_000367,Miguel,Contreras,miguel.contreras@gibeltrading.pe.example,valid,CFO,finance,c_level,en,https://linkedin.example/in/miguel-contreras-419,2026-05-29T16:00:00Z,2025-05-14T16:00:00Z
con_000368_1,acc_000368,Teresa,Fernández,teresa.fernandez@pando.mx.example,valid,Accountant,finance,ic,en,https://linkedin.example/in/teresa-fernandez-404,2026-06-12T16:00:00Z,2025-04-03T16:00:00Z
con_000368_2,acc_000368,Raúl,Lara,raul.lara@pando.mx.example,valid,Director of Operations,operations,director,en,https://linkedin.example/in/raul-lara-964,2026-07-07T16:00:00Z,2025-04-27T16:00:00Z
con_000369_1,acc_000369,Pablo,Rojas,pablo.rojas@minta.co.example,unverified,CEO,executive,c_level,en,https://linkedin.example/in/pablo-rojas-833,,2025-09-18T16:00:00Z
con_000369_2,acc_000369,Víctor,Domínguez,victor.dominguez@minta.co.example,valid,Operations Manager,operations,manager,en,https://linkedin.example/in/victor-dominguez-336,2026-04-08T16:00:00Z,2026-08-17T16:00:00Z
con_000370_1,acc_000370,Francisco,Maldonado,francisco.maldonado@sani.cl.example,valid,Procurement Manager,procurement,manager,en,https://linkedin.example/in/francisco-maldonado-135,2026-09-20T16:00:00Z,2025-08-28T16:00:00Z
con_000370_2,acc_000370,Ignacio,Cruz,ignacio.cruz@sani.cl.example,valid,Director of Finance,finance,director,en,https://linkedin.example/in/ignacio-cruz-746,2026-09-23T16:00:00Z,2026-01-06T16:00:00Z
con_000371_1,acc_000371,Lorena,Morales,lorena.morales@moma.co.example,valid,Director of Operations,operations,director,en,https://linkedin.example/in/lorena-morales-385,2026-07-10T16:00:00Z,2025-07-19T16:00:00Z
con_000371_2,acc_000371,María,Castro,maria.castro@moma.co.example,valid,Treasury Manager,finance,manager,en,https://linkedin.example/in/maria-castro-518,2026-07-25T16:00:00Z,2024-04-16T16:00:00Z
con_000371_3,acc_000371,Mariana,Aguilar,mariana.aguilar@moma.co.example,valid,Systems Analyst,it,ic,en,https://linkedin.example/in/mariana-aguilar-769,2026-09-14T16:00:00Z,2024-06-07T16:00:00Z
con_000371_4,acc_000371,Team,Info,info@moma.co.example,role_based,Generic mailbox,executive,ic,en,https://linkedin.example/in/team-info-141,,2025-08-27T16:00:00Z
con_000372_1,acc_000372,Eduardo,Ferreira,eduardo.ferreira@nebabeverages.br.example,valid,IT Manager,it,manager,en,https://linkedin.example/in/eduardo-ferreira-694,2026-04-30T16:00:00Z,2025-09-12T16:00:00Z
con_000372_2,acc_000372,Fernanda,Ribeiro,fernanda.ribeiro@nebabeverages.br.example,valid,Director of IT,it,director,en,https://linkedin.example/in/fernanda-ribeiro-145,2026-04-07T16:00:00Z,2025-03-13T16:00:00Z
con_000372_3,acc_000372,Fernanda,Marques,fernanda.marques@nebabeverages.br.example,valid,CFO,finance,c_level,en,https://linkedin.example/in/fernanda-marques-761,2026-09-17T16:00:00Z,2025-03-15T16:00:00Z
con_000373_1,acc_000373,Dulce,Maldonado,dulce.maldonado@neixservices.mx.example,valid,IT Manager,it,manager,en,https://linkedin.example/in/dulce-maldonado-665,2026-05-04T16:00:00Z,2024-12-28T16:00:00Z
con_000373_2,acc_000373,Fernanda,Torres,fernanda.torres@neixservices.mx.example,valid,Director of IT,it,director,en,https://linkedin.example/in/fernanda-torres-148,2026-04-15T16:00:00Z,2025-10-23T16:00:00Z
con_000373_3,acc_000373,Raúl,Jiménez,raul.jimenez@neixservices,invalid_syntax,Procurement Manager,procurement,manager,en,https://linkedin.example/in/raul-jimenez-700,,2025-11-11T16:00:00Z
con_000373_4,acc_000373,María,Ibarra,maria.ibarra@neixservices.mx.example,valid,Buyer,procurement,ic,en,https://linkedin.example/in/maria-ibarra-875,2026-08-06T16:00:00Z,2026-02-15T16:00:00Z
con_000373_5,acc_000373,Team,Info,info@neixservices.mx.example,role_based,Generic mailbox,finance,ic,en,https://linkedin.example/in/team-info-222,,2026-04-23T16:00:00Z
con_000374_1,acc_000374,Víctor,Herrera,victor.herrera@nexto.mx.example.,invalid_syntax,Director of Finance,finance,director,en,https://linkedin.example/in/victor-herrera-485,,2026-07-19T16:00:00Z
con_000374_2,acc_000374,Diana,Castro,diana.castro@nexto.mx.example,valid,Treasury Manager,finance,manager,en,https://linkedin.example/in/diana-castro-217,2026-07-09T16:00:00Z,2025-10-17T16:00:00Z
con_000375_1,acc_000375,Carolina,Fernández,carolina.fernandez@lojo.co.example,valid,VP of Administration,other,vp,en,https://linkedin.example/in/carolina-fernandez-101,2026-05-31T16:00:00Z,2024-07-23T16:00:00Z
con_000375_2,acc_000375,Paula,Rodríguez,paula.rodriguez@lojo.co.example,valid,Administration Manager,other,manager,en,https://linkedin.example/in/paula-rodriguez-792,2026-04-30T16:00:00Z,2024-07-20T16:00:00Z
con_000376_1,acc_000376,Diego,Díaz,diego.diaz@kaoradvisors.cl.example,valid,Chief Procurement Officer,procurement,c_level,en,https://linkedin.example/in/diego-diaz-263,2026-07-27T16:00:00Z,2024-11-01T16:00:00Z
con_000376_2,acc_000376,Nicolás,Medina,nicolas.medina@kaoradvisors.cl.example,valid,Procurement Analyst,procurement,ic,en,https://linkedin.example/in/nicolas-medina-718,2026-08-12T16:00:00Z,2026-08-07T16:00:00Z
con_000376_3,acc_000376,Guillermo,González,guillermo.gonzalez@kaoradvisors.cl.example,unverified,Accounts Payable Manager,finance,manager,en,https://linkedin.example/in/guillermo-gonzalez-584,,2025-05-10T16:00:00Z
con_000376_4,acc_000376,Team,Info,info@kaoradvisors.cl.example,role_based,Generic mailbox,hr,ic,en,https://linkedin.example/in/team-info-442,,2026-06-21T16:00:00Z
con_000377_1,acc_000377,Andrea,Fernández,andrea.fernandez@moverfarms.mx.example,valid,Chief Financial Officer,finance,c_level,en,https://linkedin.example/in/andrea-fernandez-243,2026-06-21T16:00:00Z,2024-08-21T16:00:00Z
con_000377_2,acc_000377,Diego,Reyes,diego.reyes@moverfarms.mx.example,valid,CTO,it,c_level,en,https://linkedin.example/in/diego-reyes-919,2026-05-29T16:00:00Z,2025-06-22T16:00:00Z
con_000378_1,acc_000378,Karla,Fernández,karla.fernandez@panmer.mx.example,valid,CEO,executive,c_level,en,https://linkedin.example/in/karla-fernandez-955,2026-05-20T16:00:00Z,2024-06-27T16:00:00Z
con_000378_2,acc_000378,Tomás,Peña,tomas.pena@panmer.mx.example,valid,CHRO,hr,c_level,en,https://linkedin.example/in/tomas-pena-915,2026-04-18T16:00:00Z,2026-01-15T16:00:00Z
con_000379_1,acc_000379,Guillermo,Acosta,guillermo.acosta@galix.mx.example,valid,Director of Sourcing,procurement,director,en,https://linkedin.example/in/guillermo-acosta-988,2026-07-19T16:00:00Z,2025-02-22T16:00:00Z
con_000379_2,acc_000379,Víctor,Navarro,victor.navarro@galix.mx.example,valid,Systems Analyst,it,ic,en,https://linkedin.example/in/victor-navarro-186,2026-04-11T16:00:00Z,2024-08-11T16:00:00Z
con_000379_3,acc_000379,Rocío,Guerrero,rocio.guerrero@galix.mx.example,valid,Systems Analyst,it,ic,en,https://linkedin.example/in/rocio-guerrero-551,2026-07-02T16:00:00Z,2025-10-11T16:00:00Z
con_000379_4,acc_000379,Teresa,Rodríguez,teresa.rodriguez@galix.mx.example,valid,CFO,finance,c_level,en,https://linkedin.example/in/teresa-rodriguez-166,2026-08-27T16:00:00Z,2026-05-28T16:00:00Z
con_000380_1,acc_000380,Víctor,Jiménez,victor.jimenez@cici.co.example,valid,Procurement Manager,procurement,manager,en,https://linkedin.example/in/victor-jimenez-912,2026-04-07T16:00:00Z,2026-06-12T16:00:00Z
con_000380_2,acc_000380,Patricia,Chávez,patricia.chavez@cici.co.example.,invalid_syntax,Controller,finance,director,en,https://linkedin.example/in/patricia-chavez-855,,2026-02-13T16:00:00Z
con_000380_3,acc_000380,Sebastián,Flores,sebastian.flores@cici.co.example,valid,HR Manager,hr,manager,en,https://linkedin.example/in/sebastian-flores-760,2026-06-01T16:00:00Z,2024-07-19T16:00:00Z
con_000381_1,acc_000381,Isabela,Machado,isabela.machado@jone.br.example,valid,Chief Financial Officer,finance,c_level,en,https://linkedin.example/in/isabela-machado-153,2026-06-24T16:00:00Z,2025-10-25T16:00:00Z
con_000382_1,acc_000382,Diego,Medina,diego.medina@cacu.mx.example,unverified,Procurement Analyst,procurement,ic,en,https://linkedin.example/in/diego-medina-408,,2025-06-21T16:00:00Z
con_000382_2,acc_000382,Rafael,Maldonado,rafael.maldonado@cacu.mx.example,valid,Executive VP,executive,vp,en,https://linkedin.example/in/rafael-maldonado-397,2026-08-01T16:00:00Z,2026-06-10T16:00:00Z
con_000382_3,acc_000382,Mónica,Rivera,monica.rivera@cacu.mx.example,valid,VP of Finance,finance,vp,en,https://linkedin.example/in/monica-rivera-994,2026-06-26T16:00:00Z,2026-03-11T16:00:00Z
con_000383_1,acc_000383,Eduardo,Souza,eduardo.souza@perpantravel.br.example,valid,Administrative Assistant,other,ic,en,https://linkedin.example/in/eduardo-souza-945,2026-05-10T16:00:00Z,2026-04-10T16:00:00Z
con_000384_1,acc_000384,Mónica,González,monica.gonzalez@ixmar.co.example,valid,Procurement Manager,procurement,manager,en,https://linkedin.example/in/monica-gonzalez-736,2026-08-04T16:00:00Z,2026-03-07T16:00:00Z
con_000385_1,acc_000385,Team,Info,info@katoconsulting.br.example,role_based,Generic mailbox,finance,ic,en,https://linkedin.example/in/team-info-352,,2024-09-18T16:00:00Z
con_000385_2,acc_000385,Tatiana,Soares,tatiana.soares@katoconsulting.br.example,valid,Founder,executive,c_level,en,https://linkedin.example/in/tatiana-soares-118,2026-04-05T16:00:00Z,2024-11-19T16:00:00Z
con_000386_1,acc_000386,Ximena,Arias,ximena.arias@trataclinic.co.example,valid,Director of People,hr,director,en,https://linkedin.example/in/ximena-arias-341,2026-04-07T16:00:00Z,2026-02-01T16:00:00Z
con_000386_2,acc_000386,Pilar,Navarro,pilar.navarro@trataclinic.co.example,catchall,Buyer,procurement,ic,en,https://linkedin.example/in/pilar-navarro-414,,2025-07-25T16:00:00Z
con_000387_1,acc_000387,Diego,Guerrero,diego.guerrero@doci.ar.example,valid,Procurement Analyst,procurement,ic,en,https://linkedin.example/in/diego-guerrero-859,2026-05-17T16:00:00Z,2025-03-06T16:00:00Z
con_000387_2,acc_000387,Ignacio,Sánchez,ignacio.sanchez@doci.ar.example,valid,Founder,executive,c_level,en,https://linkedin.example/in/ignacio-sanchez-881,2026-08-07T16:00:00Z,2024-09-07T16:00:00Z
con_000387_3,acc_000387,Sofía,Fernández,sofia.fernandez@doci.ar.example,valid,Accounts Payable Manager,finance,manager,en,https://linkedin.example/in/sofia-fernandez-297,2026-07-04T16:00:00Z,2026-03-26T16:00:00Z
con_000387_4,acc_000387,Camila,Ibarra,camila.ibarra@doci.ar.example,valid,Director of Finance,finance,director,en,https://linkedin.example/in/camila-ibarra-146,2026-07-01T16:00:00Z,2025-10-22T16:00:00Z
con_000388_1,acc_000388,Rafael,Rocha,rafael.rocha@joba.br.example,valid,Director of Operations,operations,director,en,https://linkedin.example/in/rafael-rocha-888,2026-07-02T16:00:00Z,2024-11-16T16:00:00Z
con_000388_2,acc_000388,Larissa,Ferreira,larissa.ferreira@joba.br.example,valid,Accountant,finance,ic,en,https://linkedin.example/in/larissa-ferreira-875,2026-07-02T16:00:00Z,2025-03-04T16:00:00Z
con_000389_1,acc_000389,Guillermo,Ramírez,guillermo.ramirez@mocenhealth.co.example,valid,Director of Administration,other,director,en,https://linkedin.example/in/guillermo-ramirez-496,2026-07-13T16:00:00Z,2026-03-04T16:00:00Z
con_000390_1,acc_000390,Dulce,Jiménez,dulce.jimenez@yramin.co.example,valid,CTO,it,c_level,en,https://linkedin.example/in/dulce-jimenez-757,2026-04-17T16:00:00Z,2025-09-24T16:00:00Z
con_000390_2,acc_000390,Lorena,Escobar,lorena.escobar@yramin.co.example,valid,Administrative Assistant,other,ic,en,https://linkedin.example/in/lorena-escobar-410,2026-08-27T16:00:00Z,2025-09-23T16:00:00Z
con_000390_3,acc_000390,Patricia,Cárdenas,,missing,Chief Administrative Officer,other,c_level,en,https://linkedin.example/in/patricia-cardenas-185,,2026-06-17T16:00:00Z
con_000390_4,acc_000390,César,Silva,cesar.silva@yramin.co.example,valid,Administrative Assistant,other,ic,en,https://linkedin.example/in/cesar-silva-472,2026-08-06T16:00:00Z,2026-08-29T16:00:00Z
con_000390_5,acc_000390,Daniel,Ramos,daniel.ramos@yramin.co.example,valid,Operations Manager,operations,manager,en,https://linkedin.example/in/daniel-ramos-980,2026-05-18T16:00:00Z,2024-08-16T16:00:00Z
con_000391_1,acc_000391,Luiza,Lopes,luiza.lopes@basol.br.example,valid,Founder,executive,c_level,en,https://linkedin.example/in/luiza-lopes-155,2026-09-19T16:00:00Z,2025-06-08T16:00:00Z
con_000391_2,acc_000391,Camila,Oliveira,camila.oliveira@basol.br.example,valid,CTO,it,c_level,en,https://linkedin.example/in/camila-oliveira-173,2026-08-08T16:00:00Z,2025-09-03T16:00:00Z
con_000391_3,acc_000391,Eduardo,Silva,eduardo.silva@basol.br.example,valid,Systems Analyst,it,ic,en,https://linkedin.example/in/eduardo-silva-812,2026-05-09T16:00:00Z,2025-03-22T16:00:00Z
con_000392_1,acc_000392,Eduardo,Martins,eduardo.martins@sava.br.example,valid,Director of Operations,operations,director,en,https://linkedin.example/in/eduardo-martins-495,2026-07-21T16:00:00Z,2025-06-06T16:00:00Z
con_000392_2,acc_000392,Renata,Andrade,renataandrade99@gmail.example,free_provider,Financial Analyst,finance,ic,en,https://linkedin.example/in/renata-andrade-105,,2026-03-06T16:00:00Z
con_000393_1,acc_000393,Jorge,Silva,jorge.silva@rorotrading.mx.example,valid,Director of Operations,operations,director,en,https://linkedin.example/in/jorge-silva-428,2026-07-31T16:00:00Z,2025-06-15T16:00:00Z
con_000394_1,acc_000394,Leonardo,Costa,leonardo.costa@variagro.br.example,valid,Director of Treasury,finance,director,en,https://linkedin.example/in/leonardo-costa-423,2026-06-20T16:00:00Z,2024-09-03T16:00:00Z
con_000394_2,acc_000394,Renata,Silva,renata.silva@variagro.br.example,valid,Operations Manager,operations,manager,en,https://linkedin.example/in/renata-silva-617,2026-06-06T16:00:00Z,2026-03-24T16:00:00Z
con_000394_3,acc_000394,Isabela,Marques,isabela.marquesvariagro.br.example,invalid_syntax,Executive VP,executive,vp,en,https://linkedin.example/in/isabela-marques-250,,2025-07-24T16:00:00Z
con_000394_4,acc_000394,Mariana,Oliveira,mariana.oliveira@variagro.br.example,valid,Operations Coordinator,operations,ic,en,https://linkedin.example/in/mariana-oliveira-241,2026-07-13T16:00:00Z,2024-07-13T16:00:00Z
con_000394_5,acc_000394,Felipe,Freitas,felipe.freitas@variagro.br.example,valid,Administration Manager,other,manager,en,https://linkedin.example/in/felipe-freitas-338,2026-08-04T16:00:00Z,2025-04-05T16:00:00Z
con_000395_1,acc_000395,Jorge,Maldonado,jorge.maldonado@ixfer.co.example,valid,Accounts Payable Manager,finance,manager,en,https://linkedin.example/in/jorge-maldonado-894,2026-04-20T16:00:00Z,2024-09-04T16:00:00Z
con_000395_2,acc_000395,Karla,Cortés,,missing,Accounts Payable Analyst,finance,ic,en,https://linkedin.example/in/karla-cortes-667,,2025-08-08T16:00:00Z
con_000395_3,acc_000395,Manuel,Castro,manuel.castro@ixfer.co.example,valid,Treasury Manager,finance,manager,en,https://linkedin.example/in/manuel-castro-748,2026-09-22T16:00:00Z,2026-05-28T16:00:00Z
con_000396_1,acc_000396,Beatriz,Alves,beatriz.alves@kafermercantile.br.example,valid,Procurement Manager,procurement,manager,en,https://linkedin.example/in/beatriz-alves-435,2026-08-20T16:00:00Z,2025-01-15T16:00:00Z
con_000396_2,acc_000396,Daniela,Ribeiro,daniela.ribeiro@kafermercantile.br.example,unverified,Founder,executive,c_level,en,https://linkedin.example/in/daniela-ribeiro-750,,2025-10-04T16:00:00Z
con_000397_1,acc_000397,Beatriz,Gutiérrez,beatriz.gutierrez@capanharvest.cl.example,valid,Founder,executive,c_level,en,https://linkedin.example/in/beatriz-gutierrez-287,2026-04-24T16:00:00Z,2026-06-29T16:00:00Z
con_000397_2,acc_000397,Ximena,Zamora,ximena.zamora@capanharvest.cl.example,valid,Director of Operations,operations,director,en,https://linkedin.example/in/ximena-zamora-532,2026-09-26T16:00:00Z,2025-12-15T16:00:00Z
con_000398_1,acc_000398,Cláudio,Rodrigues,claudio.rodrigues@joix.br.example,valid,Accounts Payable Manager,finance,manager,en,https://linkedin.example/in/claudio-rodrigues-647,2026-04-22T16:00:00Z,2025-08-23T16:00:00Z
con_000398_2,acc_000398,Carlos,Mendes,carlos.mendes@joix.br.example,valid,CEO,executive,c_level,en,https://linkedin.example/in/carlos-mendes-346,2026-08-30T16:00:00Z,2026-04-01T16:00:00Z
con_000399_1,acc_000399,Alejandro,Castillo,alejandrocastillo64@yahoo.example,free_provider,Director of Administration,other,director,en,https://linkedin.example/in/alejandro-castillo-846,,2025-02-27T16:00:00Z
con_000399_2,acc_000399,Isabel,Vázquez,isabel.vazquez@marma.co.example,unverified,COO,operations,c_level,en,https://linkedin.example/in/isabel-vazquez-682,,2026-06-30T16:00:00Z
con_000399_3,acc_000399,Ricardo,Soto,ricardo.soto@marma.co.example,valid,Director of Administration,other,director,en,https://linkedin.example/in/ricardo-soto-910,2026-08-22T16:00:00Z,2026-01-16T16:00:00Z
con_000400_1,acc_000400,Pilar,Cárdenas,pilar.cardenas@marfotech.pe.example,valid,Financial Analyst,finance,ic,en,https://linkedin.example/in/pilar-cardenas-338,2026-08-21T16:00:00Z,2025-10-26T16:00:00Z
con_000400_2,acc_000400,Alejandro,Romero,alejandro.romero@marfotech.pe.example,valid,VP of Finance,finance,vp,en,https://linkedin.example/in/alejandro-romero-579,2026-06-22T16:00:00Z,2024-10-19T16:00:00Z
con_000400_3,acc_000400,Andrés,Bravo,andres.bravo@marfotech.pe.example,valid,CHRO,hr,c_level,en,https://linkedin.example/in/andres-bravo-231,2026-05-17T16:00:00Z,2024-10-03T16:00:00Z
con_000400_4,acc_000400,Mónica,Paredes,monica.paredes@marfotech.pe.example,valid,Accounts Payable Analyst,finance,ic,en,https://linkedin.example/in/monica-paredes-299,2026-07-18T16:00:00Z,2026-01-21T16:00:00Z
con_000401_1,acc_000401,Paulo,Moreira,paulo.moreira@feryrafarms.br.example,valid,HR Analyst,hr,ic,en,https://linkedin.example/in/paulo-moreira-252,2026-06-03T16:00:00Z,2025-10-26T16:00:00Z
con_000401_2,acc_000401,Vanessa,Lopes,vanessa.lopes@feryrafarms.br.example,valid,Treasury Manager,finance,manager,en,https://linkedin.example/in/vanessa-lopes-680,2026-08-25T16:00:00Z,2025-03-07T16:00:00Z
con_000401_3,acc_000401,Luiza,Pereira,luiza.pereira@feryrafarms.br.example,valid,Director of IT,it,director,en,https://linkedin.example/in/luiza-pereira-894,2026-07-03T16:00:00Z,2024-12-01T16:00:00Z
con_000401_4,acc_000401,Felipe,Lima,felipe.lima@feryrafarms.br.example,valid,Accounts Payable Manager,finance,manager,en,https://linkedin.example/in/felipe-lima-101,2026-05-07T16:00:00Z,2026-07-21T16:00:00Z
con_000402_1,acc_000402,Rafael,Fernandes,rafael.fernandes@mingalservices.br.example,unverified,Treasury Manager,finance,manager,en,https://linkedin.example/in/rafael-fernandes-341,,2026-06-30T16:00:00Z
con_000402_2,acc_000402,Camila,Dias,camila.dias@mingalservices.br.example,valid,VP of Procurement,procurement,vp,en,https://linkedin.example/in/camila-dias-406,2026-06-11T16:00:00Z,2026-03-04T16:00:00Z
con_000402_3,acc_000402,Team,Info,info@mingalservices.br.example,role_based,Generic mailbox,operations,ic,en,https://linkedin.example/in/team-info-692,,2026-09-19T16:00:00Z
con_000403_1,acc_000403,Mateus,Fernandes,mateus.fernandes@bacifarms.br.example,valid,VP of Finance,finance,vp,en,https://linkedin.example/in/mateus-fernandes-793,2026-08-17T16:00:00Z,2025-10-20T16:00:00Z
con_000403_2,acc_000403,Leonardo,Freitas,leonardo.freitas@bacifarms.br.example,valid,Operations Coordinator,operations,ic,en,https://linkedin.example/in/leonardo-freitas-425,2026-08-25T16:00:00Z,2025-07-25T16:00:00Z
con_000404_1,acc_000404,Alejandro,Sánchez,alejandro.sanchez@quinieducation.cl.example,valid,Director of Finance,finance,director,en,https://linkedin.example/in/alejandro-sanchez-741,2026-06-13T16:00:00Z,2024-09-30T16:00:00Z
con_000404_2,acc_000404,Team,Info,info@quinieducation.cl.example,role_based,Generic mailbox,procurement,ic,en,https://linkedin.example/in/team-info-402,,2024-05-14T16:00:00Z
con_000405_1,acc_000405,Tomás,Martínez,tomas.martinez@cicitravel.mx.example,valid,Operations Manager,operations,manager,en,https://linkedin.example/in/tomas-martinez-254,2026-09-26T16:00:00Z,2024-04-28T16:00:00Z
con_000405_2,acc_000405,Mauricio,Romero,mauricio.romero@cicitravel.mx.example,valid,Procurement Manager,procurement,manager,en,https://linkedin.example/in/mauricio-romero-533,2026-08-29T16:00:00Z,2024-10-02T16:00:00Z
con_000405_3,acc_000405,Javier,Cortés,javier.cortes@cicitravel.mx.example,valid,Accounts Payable Manager,finance,manager,en,https://linkedin.example/in/javier-cortes-569,2026-09-10T16:00:00Z,2026-05-05T16:00:00Z
con_000406_1,acc_000406,Pilar,Guerrero,pilar.guerrero@cial.pe.example,valid,Director of Operations,operations,director,en,https://linkedin.example/in/pilar-guerrero-940,2026-06-29T16:00:00Z,2024-05-09T16:00:00Z
con_000406_2,acc_000406,Claudia,Bravo,claudia.bravo@cial.pe.example,valid,CEO,executive,c_level,en,https://linkedin.example/in/claudia-bravo-986,2026-09-09T16:00:00Z,2024-09-19T16:00:00Z
con_000407_1,acc_000407,Nicolás,Ruiz,nicolas.ruiz@cujo.mx.example,catchall,Treasury Manager,finance,manager,en,https://linkedin.example/in/nicolas-ruiz-582,,2024-05-02T16:00:00Z
con_000407_2,acc_000407,Francisco,Ruiz,francisco.ruiz@cujo.mx.example,valid,VP of Finance,finance,vp,en,https://linkedin.example/in/francisco-ruiz-256,2026-08-18T16:00:00Z,2024-04-15T16:00:00Z
con_000408_1,acc_000408,Rafael,Lima,rafael.lima@saver.br.example,valid,Accounts Payable Analyst,finance,ic,en,https://linkedin.example/in/rafael-lima-340,2026-06-20T16:00:00Z,2025-07-28T16:00:00Z
con_000408_2,acc_000408,Team,Info,info@saver.br.example,role_based,Generic mailbox,procurement,ic,en,https://linkedin.example/in/team-info-822,,2026-05-16T16:00:00Z
con_000408_3,acc_000408,Mariana,Andrade,mariana.andrade@saver.br.example,catchall,Accounts Payable Analyst,finance,ic,en,https://linkedin.example/in/mariana-andrade-468,,2025-07-09T16:00:00Z
con_000408_4,acc_000408,Larissa,Costa,larissa.costa@saver.br.example,catchall,HR Analyst,hr,ic,en,https://linkedin.example/in/larissa-costa-858,,2024-07-11T16:00:00Z
con_000409_1,acc_000409,Adriana,Maldonado,adriana.maldonado@lumer.cl.example,valid,VP of Finance,finance,vp,en,https://linkedin.example/in/adriana-maldonado-351,2026-09-26T16:00:00Z,2026-04-05T16:00:00Z
con_000410_1,acc_000410,Tatiana,Carvalho,tatiana.carvalho@dofo.br.example,valid,Treasury Manager,finance,manager,en,https://linkedin.example/in/tatiana-carvalho-558,2026-07-29T16:00:00Z,2026-03-08T16:00:00Z
con_000411_1,acc_000411,Adriana,Gómez,adriana.gomez@nexma.mx.example,valid,Accounts Payable Manager,finance,manager,en,https://linkedin.example/in/adriana-gomez-257,2026-09-05T16:00:00Z,2024-12-28T16:00:00Z
con_000411_2,acc_000411,Raúl,Guerrero,raul.guerrero@nexma.mx.example,valid,Procurement Manager,procurement,manager,en,https://linkedin.example/in/raul-guerrero-612,2026-05-12T16:00:00Z,2026-05-20T16:00:00Z
con_000411_3,acc_000411,Guillermo,Cruz,guillermo.cruz@nexma.mx.example,valid,Accounts Payable Analyst,finance,ic,en,https://linkedin.example/in/guillermo-cruz-491,2026-07-13T16:00:00Z,2025-06-19T16:00:00Z
con_000411_4,acc_000411,Sofía,Medina,sofia.medina@nexma.mx.example,valid,Director of Finance,finance,director,en,https://linkedin.example/in/sofia-medina-631,2026-09-22T16:00:00Z,2025-11-01T16:00:00Z
con_000412_1,acc_000412,Francisco,Herrera,francisco.herrera@belsol.pe.example,valid,General Manager,executive,c_level,en,https://linkedin.example/in/francisco-herrera-880,2026-07-11T16:00:00Z,2025-10-23T16:00:00Z
con_000412_2,acc_000412,Paula,Díaz,paula.diaz@belsol.pe.example,valid,Operations Manager,operations,manager,en,https://linkedin.example/in/paula-diaz-828,2026-07-21T16:00:00Z,2024-12-30T16:00:00Z
con_000412_3,acc_000412,Esteban,Ramos,esteban.ramos@belsol.pe.example,valid,Finance Manager,finance,manager,en,https://linkedin.example/in/esteban-ramos-301,2026-06-27T16:00:00Z,2025-04-14T16:00:00Z
con_000413_1,acc_000413,Andrés,Navarro,andres.navarro@tormar.pe.example,valid,Systems Analyst,it,ic,en,https://linkedin.example/in/andres-navarro-208,2026-04-10T16:00:00Z,2025-04-02T16:00:00Z
con_000413_2,acc_000413,Miguel,Jiménez,miguel.jimenez@tormar.pe.example,valid,Executive VP,executive,vp,en,https://linkedin.example/in/miguel-jimenez-754,2026-08-17T16:00:00Z,2026-02-27T16:00:00Z
con_000413_3,acc_000413,Esteban,Hernández,esteban.hernandez@tormar.pe.example,valid,Finance Manager,finance,manager,en,https://linkedin.example/in/esteban-hernandez-682,2026-04-26T16:00:00Z,2025-02-08T16:00:00Z
con_000414_1,acc_000414,Daniela,Rodrigues,daniela.rodrigues@rifo.br.example,valid,Founder,executive,c_level,en,https://linkedin.example/in/daniela-rodrigues-523,2026-04-08T16:00:00Z,2025-03-20T16:00:00Z
con_000415_1,acc_000415,Mariana,Navarro,,missing,Director of Treasury,finance,director,en,https://linkedin.example/in/mariana-navarro-842,,2024-12-09T16:00:00Z
con_000415_2,acc_000415,Carlos,Vargas,carlos.vargas@tenpaninstitute.mx.example,valid,Chief Financial Officer,finance,c_level,en,https://linkedin.example/in/carlos-vargas-538,2026-06-28T16:00:00Z,2024-07-06T16:00:00Z
con_000415_3,acc_000415,Pilar,Lara,pilar.lara@tenpaninstitute.mx.example,valid,Director of Administration,other,director,en,https://linkedin.example/in/pilar-lara-885,2026-07-12T16:00:00Z,2026-08-22T16:00:00Z
con_000416_1,acc_000416,Gabriel,Rojas,gabriel.rojas@lisrimercantile.mx.example,valid,Finance Manager,finance,manager,en,https://linkedin.example/in/gabriel-rojas-308,2026-06-10T16:00:00Z,2025-06-18T16:00:00Z
con_000416_2,acc_000416,Carolina,Acosta,carolina.acosta@lisrimercantile.mx.example,valid,Procurement Manager,procurement,manager,en,https://linkedin.example/in/carolina-acosta-617,2026-07-04T16:00:00Z,2024-07-10T16:00:00Z
con_000416_3,acc_000416,Pablo,Montoya,pablo.montoya@lisrimercantile.mx.example,catchall,Buyer,procurement,ic,en,https://linkedin.example/in/pablo-montoya-390,,2024-12-09T16:00:00Z
con_000417_1,acc_000417,Gabriela,Morales,gabriela.morales@samobuilders.ar.example,valid,Director of Administration,other,director,en,https://linkedin.example/in/gabriela-morales-116,2026-06-24T16:00:00Z,2026-03-30T16:00:00Z
con_000417_2,acc_000417,Elena,Guerrero,elena.guerrero@samobuilders.ar.example,valid,Operations Manager,operations,manager,en,https://linkedin.example/in/elena-guerrero-288,2026-09-19T16:00:00Z,2026-04-01T16:00:00Z
con_000417_3,acc_000417,Andrea,Vargas,andrea.vargas@samobuilders.ar.example,unverified,VP of Finance,finance,vp,en,https://linkedin.example/in/andrea-vargas-812,,2025-06-18T16:00:00Z
con_000418_1,acc_000418,Mariana,Martins,mariana.martins@cenver.br.example,unverified,Director of Procurement,procurement,director,en,https://linkedin.example/in/mariana-martins-940,,2025-07-08T16:00:00Z
con_000418_2,acc_000418,Ana,Souza,ana.souza@cenver.br.example,unverified,Administration Manager,other,manager,en,https://linkedin.example/in/ana-souza-447,,2024-07-09T16:00:00Z
con_000419_1,acc_000419,Fernanda,Ruiz,fernanda.ruiz@riorfreight.ar.example,valid,Administrative Assistant,other,ic,en,https://linkedin.example/in/fernanda-ruiz-943,2026-04-09T16:00:00Z,2025-04-17T16:00:00Z
con_000419_2,acc_000419,Marcela,Díaz,marcela.diaz@riorfreight.ar.example,valid,HR Analyst,hr,ic,en,https://linkedin.example/in/marcela-diaz-555,2026-06-05T16:00:00Z,2026-07-01T16:00:00Z
con_000420_1,acc_000420,Mónica,Castillo,monica.castillo@lisdoragro.mx.example,unverified,Director of Procurement,procurement,director,en,https://linkedin.example/in/monica-castillo-246,,2026-08-14T16:00:00Z
con_000420_2,acc_000420,Laura,Moreno,laura.moreno@lisdoragro.mx.example,unverified,Chief Financial Officer,finance,c_level,en,https://linkedin.example/in/laura-moreno-776,,2025-02-06T16:00:00Z
con_000421_1,acc_000421,Lucas,Souza,lucas.souza@doar.br.example,valid,Director of Administration,other,director,en,https://linkedin.example/in/lucas-souza-281,2026-04-22T16:00:00Z,2024-05-20T16:00:00Z
con_000422_1,acc_000422,Roberto,Cruz,roberto.cruz@perem.mx.example,valid,Executive VP,executive,vp,en,https://linkedin.example/in/roberto-cruz-524,2026-08-18T16:00:00Z,2024-10-03T16:00:00Z
con_000423_1,acc_000423,Tatiana,Andrade,tatiana.andrade@lumatech.br.example,valid,Procurement Analyst,procurement,ic,en,https://linkedin.example/in/tatiana-andrade-833,2026-07-05T16:00:00Z,2025-10-08T16:00:00Z
con_000423_2,acc_000423,Renata,Rocha,renata.rocha@lumatech.br.example,valid,IT Manager,it,manager,en,https://linkedin.example/in/renata-rocha-602,2026-04-11T16:00:00Z,2025-11-14T16:00:00Z
con_000423_3,acc_000423,Gabriel,Freitas,gabriel.freitas@lumatech.br.example,valid,CEO,executive,c_level,en,https://linkedin.example/in/gabriel-freitas-961,2026-04-09T16:00:00Z,2025-11-16T16:00:00Z
con_000423_4,acc_000423,Isabela,Rocha,isabela.rocha@lumatech.br.example,valid,Systems Analyst,it,ic,en,https://linkedin.example/in/isabela-rocha-917,2026-04-09T16:00:00Z,2024-08-19T16:00:00Z
con_000424_1,acc_000424,Patrícia,Barbosa,patricia.barbosa@saarmarketing.br.example,valid,Director of Treasury,finance,director,en,https://linkedin.example/in/patricia-barbosa-923,2026-09-18T16:00:00Z,2024-05-06T16:00:00Z
con_000424_2,acc_000424,Luiza,Moreira,luiza.moreira@saarmarketing.br.example,valid,Director of IT,it,director,en,https://linkedin.example/in/luiza-moreira-730,2026-09-19T16:00:00Z,2024-10-24T16:00:00Z
con_000425_1,acc_000425,Santiago,Sánchez,santiagosanchez48@yahoo.example,free_provider,Financial Analyst,finance,ic,en,https://linkedin.example/in/santiago-sanchez-119,,2024-06-08T16:00:00Z
con_000425_2,acc_000425,Santiago,Salazar,santiago.salazar@niba.mx.example,valid,Finance Manager,finance,manager,en,https://linkedin.example/in/santiago-salazar-807,2026-07-25T16:00:00Z,2025-08-13T16:00:00Z
con_000426_1,acc_000426,Víctor,Bravo,victor.bravo@luvitech.ar.example,valid,Operations Coordinator,operations,ic,en,https://linkedin.example/in/victor-bravo-204,2026-07-17T16:00:00Z,2025-06-28T16:00:00Z
con_000426_2,acc_000426,Juan,Moreno,juan.moreno@luvitech.ar.example,valid,VP of Operations,operations,vp,en,https://linkedin.example/in/juan-moreno-664,2026-05-19T16:00:00Z,2024-10-19T16:00:00Z
con_000426_3,acc_000426,Héctor,Cárdenas,hector.cardenas@luvitech.ar.example,valid,Buyer,procurement,ic,en,https://linkedin.example/in/hector-cardenas-764,2026-06-28T16:00:00Z,2025-02-19T16:00:00Z
con_000426_4,acc_000426,Guillermo,Ramírez,guillermo.ramirez@luvitech.ar.example,valid,Director of Treasury,finance,director,en,https://linkedin.example/in/guillermo-ramirez-818,2026-04-12T16:00:00Z,2025-05-28T16:00:00Z
con_000426_5,acc_000426,Natalia,Cortés,natalia.cortes@luvitech.ar.example,valid,Director of People,hr,director,en,https://linkedin.example/in/natalia-cortes-530,2026-04-30T16:00:00Z,2025-10-01T16:00:00Z
con_000427_1,acc_000427,María,Pérez,maria.perez@bapantrading.cl.example,valid,Systems Analyst,it,ic,en,https://linkedin.example/in/maria-perez-653,2026-07-28T16:00:00Z,2026-08-30T16:00:00Z
con_000428_1,acc_000428,Daniel,Rojas,daniel.rojas@cencen.mx.example,valid,General Manager,executive,c_level,en,https://linkedin.example/in/daniel-rojas-250,2026-06-19T16:00:00Z,2025-05-30T16:00:00Z
con_000428_2,acc_000428,Nicolás,Lara,,missing,CEO,executive,c_level,en,https://linkedin.example/in/nicolas-lara-296,,2024-08-20T16:00:00Z
con_000428_3,acc_000428,Isabel,Quintero,isabel.quintero@cencen.mx.example,valid,VP of People,hr,vp,en,https://linkedin.example/in/isabel-quintero-145,2026-06-23T16:00:00Z,2024-11-11T16:00:00Z
con_000429_1,acc_000429,Claudia,Navarro,claudia.navarro@kaixadvisors.mx.example,valid,COO,operations,c_level,en,https://linkedin.example/in/claudia-navarro-354,2026-07-11T16:00:00Z,2025-12-31T16:00:00Z
con_000429_2,acc_000429,Manuel,Jiménez,manuel.jimenez@kaixadvisors.mx.example,valid,HR Manager,hr,manager,en,https://linkedin.example/in/manuel-jimenez-857,2026-07-15T16:00:00Z,2024-12-07T16:00:00Z
con_000430_1,acc_000430,Luis,Silva,luis.silva@rini.mx.example,valid,VP of Finance,finance,vp,en,https://linkedin.example/in/luis-silva-897,2026-08-04T16:00:00Z,2025-05-02T16:00:00Z
con_000430_2,acc_000430,Roberto,Aguilar,roberto.aguilar@rini.mx.example,valid,Operations Coordinator,operations,ic,en,https://linkedin.example/in/roberto-aguilar-339,2026-04-05T16:00:00Z,2025-09-05T16:00:00Z
con_000431_1,acc_000431,César,Jiménez,cesarjimenez7@outlook.example,free_provider,Accounts Payable Manager,finance,manager,en,https://linkedin.example/in/cesar-jimenez-884,,2025-04-30T16:00:00Z
con_000431_2,acc_000431,César,Sánchez,cesar.sanchez@minnex.co.example,valid,Accounts Payable Manager,finance,manager,en,https://linkedin.example/in/cesar-sanchez-194,2026-04-25T16:00:00Z,2026-02-05T16:00:00Z
con_000432_1,acc_000432,Carolina,Ramos,carolina.ramos@fopi.mx.example,valid,Systems Analyst,it,ic,en,https://linkedin.example/in/carolina-ramos-317,2026-06-03T16:00:00Z,2026-02-22T16:00:00Z
con_000432_2,acc_000432,Miguel,Rivera,miguel.rivera@fopi.mx.example,valid,Executive VP,executive,vp,en,https://linkedin.example/in/miguel-rivera-323,2026-09-10T16:00:00Z,2024-04-20T16:00:00Z
con_000433_1,acc_000433,Andrés,Ramírez,andres.ramirez@alpirealty.co.example,valid,CEO,executive,c_level,en,https://linkedin.example/in/andres-ramirez-748,2026-07-14T16:00:00Z,2025-02-17T16:00:00Z
con_000433_2,acc_000433,Óscar,Gómez,oscar.gomez@alpirealty.co.example,valid,Director of Sourcing,procurement,director,en,https://linkedin.example/in/oscar-gomez-188,2026-05-27T16:00:00Z,2025-05-12T16:00:00Z
con_000433_3,acc_000433,Ximena,Castro,ximena.castro@alpirealty.co.example,valid,Accountant,finance,ic,en,https://linkedin.example/in/ximena-castro-121,2026-09-08T16:00:00Z,2026-09-09T16:00:00Z
con_000434_1,acc_000434,Manuel,Domínguez,manuel.dominguez@ixzubeverages.co.example,valid,Director of Finance,finance,director,en,https://linkedin.example/in/manuel-dominguez-713,2026-06-08T16:00:00Z,2024-08-12T16:00:00Z
con_000435_1,acc_000435,Bruno,Martins,bruno.martins@mover.br.example,valid,Finance Manager,finance,manager,en,https://linkedin.example/in/bruno-martins-264,2026-08-06T16:00:00Z,2026-09-06T16:00:00Z
con_000435_2,acc_000435,Tatiana,Souza,tatiana.souza@mover.br.example,valid,CEO,executive,c_level,en,https://linkedin.example/in/tatiana-souza-726,2026-06-21T16:00:00Z,2026-01-26T16:00:00Z
con_000436_1,acc_000436,Carolina,Ortiz,carolina.ortiz@emtra.cl.example,unverified,IT Manager,it,manager,en,https://linkedin.example/in/carolina-ortiz-320,,2025-01-31T16:00:00Z
con_000436_2,acc_000436,Miguel,Domínguez,miguel.dominguez@emtra.cl.example,valid,Procurement Manager,procurement,manager,en,https://linkedin.example/in/miguel-dominguez-753,2026-08-30T16:00:00Z,2025-10-29T16:00:00Z
con_000437_1,acc_000437,Leticia,González,leticia.gonzalez@viverhealth.mx.example,valid,Chief Procurement Officer,procurement,c_level,en,https://linkedin.example/in/leticia-gonzalez-666,2026-04-07T16:00:00Z,2025-01-03T16:00:00Z
con_000437_2,acc_000437,Patricia,González,patricia.gonzalez@viverhealth.mx.example,valid,CTO,it,c_level,en,https://linkedin.example/in/patricia-gonzalez-763,2026-06-12T16:00:00Z,2024-10-23T16:00:00Z
con_000438_1,acc_000438,Vinícius,Martins,vinicius.martins@verkamanufacturing.br.example,valid,Accounts Payable Manager,finance,manager,en,https://linkedin.example/in/vinicius-martins-152,2026-05-18T16:00:00Z,2026-03-26T16:00:00Z
con_000438_2,acc_000438,Daniela,Oliveira,daniela.oliveira@verkamanufacturing.br.example,valid,Director of Operations,operations,director,en,https://linkedin.example/in/daniela-oliveira-564,2026-09-03T16:00:00Z,2024-09-30T16:00:00Z
con_000439_1,acc_000439,Rafael,Santos,rafael.santos@samotech.br.example,valid,Founder,executive,c_level,en,https://linkedin.example/in/rafael-santos-147,2026-08-26T16:00:00Z,2026-03-01T16:00:00Z
con_000440_1,acc_000440,Beatriz,Dias,beatriz.dias@solorharvest.br.example,valid,Founder,executive,c_level,en,https://linkedin.example/in/beatriz-dias-672,2026-09-08T16:00:00Z,2025-06-28T16:00:00Z
con_000440_2,acc_000440,Leonardo,Oliveira,leonardo.oliveira@solorharvest.br.example,unverified,Procurement Manager,procurement,manager,en,https://linkedin.example/in/leonardo-oliveira-868,,2026-03-03T16:00:00Z
con_000441_1,acc_000441,Vinícius,Lima,vinicius.lima@tenqui.br.example,valid,Procurement Analyst,procurement,ic,en,https://linkedin.example/in/vinicius-lima-264,2026-05-19T16:00:00Z,2025-06-23T16:00:00Z
con_000442_1,acc_000442,Daniel,Domínguez,daniel.dominguez@lunexlogistics.co.example,valid,HR Analyst,hr,ic,en,https://linkedin.example/in/daniel-dominguez-624,2026-06-03T16:00:00Z,2025-01-02T16:00:00Z
con_000442_2,acc_000442,Claudia,Torres,claudia.torres@lunexlogistics.co.example,valid,Director of Finance,finance,director,en,https://linkedin.example/in/claudia-torres-673,2026-09-17T16:00:00Z,2024-12-09T16:00:00Z
con_000442_3,acc_000442,César,Ibarra,cesar.ibarra@lunexlogistics.co.example,valid,Accountant,finance,ic,en,https://linkedin.example/in/cesar-ibarra-546,2026-07-22T16:00:00Z,2025-09-04T16:00:00Z
con_000443_1,acc_000443,María,Gómez,maria.gomez@vernecargo.mx.example,valid,CEO,executive,c_level,en,https://linkedin.example/in/maria-gomez-847,2026-06-12T16:00:00Z,2024-05-25T16:00:00Z
con_000443_2,acc_000443,Gabriel,Montoya,gabriel.montoya@vernecargo.mx.example,valid,VP of Operations,operations,vp,en,https://linkedin.example/in/gabriel-montoya-231,2026-08-29T16:00:00Z,2026-07-30T16:00:00Z
con_000444_1,acc_000444,Cláudio,Gomes,claudio.gomes@quidoservices.br.example,unverified,Administrative Assistant,other,ic,en,https://linkedin.example/in/claudio-gomes-902,,2025-11-24T16:00:00Z
con_000444_2,acc_000444,Isabela,Gomes,isabela.gomes@quidoservices.br.example,valid,Operations Coordinator,operations,ic,en,https://linkedin.example/in/isabela-gomes-558,2026-09-08T16:00:00Z,2024-05-17T16:00:00Z
con_000444_3,acc_000444,Team,Info,info@quidoservices.br.example,role_based,Generic mailbox,hr,ic,en,https://linkedin.example/in/team-info-692,,2026-02-16T16:00:00Z
con_000444_4,acc_000444,Gabriel,Marques,gabriel.marques@quidoservices.br.example,valid,Director of Treasury,finance,director,en,https://linkedin.example/in/gabriel-marques-670,2026-08-16T16:00:00Z,2024-04-30T16:00:00Z
con_000445_1,acc_000445,Alejandro,Soto,alejandro.soto@baten.co.example,valid,CFO,finance,c_level,en,https://linkedin.example/in/alejandro-soto-529,2026-08-20T16:00:00Z,2024-05-07T16:00:00Z
con_000446_1,acc_000446,Santiago,Soto,santiago.soto@pidoretail.mx.example,valid,CEO,executive,c_level,en,https://linkedin.example/in/santiago-soto-296,2026-09-15T16:00:00Z,2024-10-12T16:00:00Z
con_000446_2,acc_000446,Roberto,Flores,roberto.flores@pidoretail.mx.example,unverified,Founder,executive,c_level,en,https://linkedin.example/in/roberto-flores-698,,2025-10-28T16:00:00Z
con_000446_3,acc_000446,Alejandro,Lara,alejandro.lara@pidoretail.mx.example,valid,Founder,executive,c_level,en,https://linkedin.example/in/alejandro-lara-147,2026-09-24T16:00:00Z,2025-12-27T16:00:00Z
con_000447_1,acc_000447,Leonardo,Almeida,leonardo.almeida@cenquibuilders.br.example,valid,Procurement Manager,procurement,manager,en,https://linkedin.example/in/leonardo-almeida-461,2026-04-27T16:00:00Z,2025-09-13T16:00:00Z
con_000447_2,acc_000447,Carlos,Rodrigues,carlos.rodrigues@cenquibuilders.br.example,valid,General Manager,executive,c_level,en,https://linkedin.example/in/carlos-rodrigues-815,2026-05-06T16:00:00Z,2024-05-30T16:00:00Z
con_000447_3,acc_000447,Leonardo,Costa,leonardo.costa@cenquibuilders.br.example,valid,Director of Treasury,finance,director,en,https://linkedin.example/in/leonardo-costa-905,2026-07-01T16:00:00Z,2025-01-10T16:00:00Z
con_000448_1,acc_000448,Mariana,Sánchez,mariana.sanchez@ricuhotels.mx.example,valid,Accountant,finance,ic,en,https://linkedin.example/in/mariana-sanchez-624,2026-08-24T16:00:00Z,2026-04-03T16:00:00Z
con_000448_2,acc_000448,Daniel,Ramírez,danielramirez52@outlook.example,free_provider,Founder,executive,c_level,en,https://linkedin.example/in/daniel-ramirez-948,,2026-02-25T16:00:00Z
con_000448_3,acc_000448,Santiago,Domínguez,,missing,Chief Financial Officer,finance,c_level,en,https://linkedin.example/in/santiago-dominguez-816,,2026-03-26T16:00:00Z
con_000448_4,acc_000448,Sergio,Morales,sergio.morales@ricuhotels.mx.example,unverified,HR Manager,hr,manager,en,https://linkedin.example/in/sergio-morales-360,,2024-07-27T16:00:00Z
con_000449_1,acc_000449,Sergio,Vega,sergio.vega@ixtormedia.mx.example,valid,VP of Finance,finance,vp,en,https://linkedin.example/in/sergio-vega-289,2026-04-12T16:00:00Z,2024-12-02T16:00:00Z
con_000449_2,acc_000449,Víctor,Maldonado,victor.maldonado@ixtormedia,invalid_syntax,VP of Finance,finance,vp,en,https://linkedin.example/in/victor-maldonado-943,,2025-10-26T16:00:00Z
con_000450_1,acc_000450,Mónica,Cortés,,missing,Operations Manager,operations,manager,en,https://linkedin.example/in/monica-cortes-765,,2026-08-19T16:00:00Z
con_000450_2,acc_000450,Emilio,Soto,emilio.soto@yratra.mx.example,valid,General Manager,executive,c_level,en,https://linkedin.example/in/emilio-soto-369,2026-08-21T16:00:00Z,2026-06-25T16:00:00Z
con_000450_3,acc_000450,Héctor,Chávez,hector.chavez@yratra.mx.example,unverified,VP of Technology,it,vp,en,https://linkedin.example/in/hector-chavez-231,,2026-04-08T16:00:00Z
con_000450_4,acc_000450,Elena,Díaz,elena.diaz@yratra.mx.example,valid,HR Analyst,hr,ic,en,https://linkedin.example/in/elena-diaz-806,2026-06-05T16:00:00Z,2025-01-09T16:00:00Z
con_000450_5,acc_000450,Team,Info,info@yratra.mx.example,role_based,Generic mailbox,finance,ic,en,https://linkedin.example/in/team-info-139,,2024-10-09T16:00:00Z
con_000451_1,acc_000451,Diana,Rivera,dianarivera56@outlook.example,free_provider,Executive VP,executive,vp,en,https://linkedin.example/in/diana-rivera-556,,2026-01-29T16:00:00Z
con_000451_2,acc_000451,Alejandro,Morales,alejandro.morales@cenmaservices.mx.example,valid,Finance Manager,finance,manager,en,https://linkedin.example/in/alejandro-morales-162,2026-07-25T16:00:00Z,2026-08-24T16:00:00Z
con_000452_1,acc_000452,Larissa,Fernandes,larissa.fernandes@ulsolsystems.br.example,valid,Accounts Payable Manager,finance,manager,en,https://linkedin.example/in/larissa-fernandes-729,2026-08-04T16:00:00Z,2025-10-13T16:00:00Z
con_000452_2,acc_000452,Carlos,Alves,carlos.alves@ulsolsystems.br.example,catchall,VP of Finance,finance,vp,en,https://linkedin.example/in/carlos-alves-859,,2025-06-02T16:00:00Z
con_000452_3,acc_000452,Juliana,Rodrigues,juliana.rodrigues@ulsolsystems.br.example,valid,Executive VP,executive,vp,en,https://linkedin.example/in/juliana-rodrigues-572,2026-07-29T16:00:00Z,2026-09-05T16:00:00Z
con_000453_1,acc_000453,Nicolás,Bravo,nicolas.bravo@toemdigital.mx.example,valid,Operations Manager,operations,manager,en,https://linkedin.example/in/nicolas-bravo-959,2026-08-12T16:00:00Z,2025-04-28T16:00:00Z
con_000454_1,acc_000454,Lorena,Ramos,lorena.ramos@ferbelgourmet.pe.example,valid,Director of Treasury,finance,director,en,https://linkedin.example/in/lorena-ramos-770,2026-08-24T16:00:00Z,2025-09-21T16:00:00Z
con_000455_1,acc_000455,Andrés,Fernández,andres.fernandez@saferindustries.co.example,valid,Accounts Payable Analyst,finance,ic,en,https://linkedin.example/in/andres-fernandez-944,2026-08-27T16:00:00Z,2025-08-16T16:00:00Z
con_000455_2,acc_000455,Andrea,Morales,andreamorales47@outlook.example,free_provider,Accountant,finance,ic,en,https://linkedin.example/in/andrea-morales-855,,2025-09-01T16:00:00Z
con_000455_3,acc_000455,Camila,Romero,camila.romero@saferindustries.co.example,valid,Accounts Payable Manager,finance,manager,en,https://linkedin.example/in/camila-romero-657,2026-06-08T16:00:00Z,2024-10-05T16:00:00Z
con_000456_1,acc_000456,Fernanda,Rivera,fernanda.rivera@solnexdigital.co.example,valid,Executive VP,executive,vp,en,https://linkedin.example/in/fernanda-rivera-126,2026-09-25T16:00:00Z,2024-10-23T16:00:00Z
con_000456_2,acc_000456,Ximena,Morales,ximena.morales@solnexdigital.co.example,valid,Buyer,procurement,ic,en,https://linkedin.example/in/ximena-morales-869,2026-07-27T16:00:00Z,2026-07-17T16:00:00Z
con_000457_1,acc_000457,José,Cárdenas,jose.cardenas@cimogourmet.ar.example,valid,CFO,finance,c_level,en,https://linkedin.example/in/jose-cardenas-655,2026-09-14T16:00:00Z,2025-05-29T16:00:00Z
con_000458_1,acc_000458,Gabriela,Castillo,gabriela.castillo@tapan.mx.example,valid,CFO,finance,c_level,en,https://linkedin.example/in/gabriela-castillo-735,2026-04-07T16:00:00Z,2026-05-21T16:00:00Z
con_000458_2,acc_000458,Dulce,Ramos,dulce.ramos@tapan.mx.example,valid,Director of Administration,other,director,en,https://linkedin.example/in/dulce-ramos-590,2026-06-02T16:00:00Z,2025-10-22T16:00:00Z
con_000458_3,acc_000458,Alejandro,Jiménez,alejandro.jimenez@tapan.mx.example,valid,Director of Procurement,procurement,director,en,https://linkedin.example/in/alejandro-jimenez-523,2026-07-28T16:00:00Z,2026-09-14T16:00:00Z
con_000458_4,acc_000458,Carolina,Salazar,carolina.salazar@tapan.mx.example,unverified,Director of Sourcing,procurement,director,en,https://linkedin.example/in/carolina-salazar-714,,2024-08-16T16:00:00Z
con_000459_1,acc_000459,Natalia,Bravo,natalia.bravo@centormedical.cl.example,valid,Executive VP,executive,vp,en,https://linkedin.example/in/natalia-bravo-370,2026-07-03T16:00:00Z,2025-07-23T16:00:00Z
con_000460_1,acc_000460,Patricia,Torres,patricia.torres@mazu.mx.example,valid,Procurement Manager,procurement,manager,en,https://linkedin.example/in/patricia-torres-744,2026-05-26T16:00:00Z,2026-07-01T16:00:00Z
con_000460_2,acc_000460,Jorge,Soto,jorge.soto@mazu.mx.example,valid,General Manager,executive,c_level,en,https://linkedin.example/in/jorge-soto-552,2026-08-12T16:00:00Z,2024-07-12T16:00:00Z
con_000461_1,acc_000461,Carlos,Quintero,carlos.quintero@zuma.co.example,valid,VP of Procurement,procurement,vp,en,https://linkedin.example/in/carlos-quintero-882,2026-07-09T16:00:00Z,2025-08-20T16:00:00Z
con_000461_2,acc_000461,Mauricio,Vega,mauricio.vega@zuma.co.example,valid,IT Manager,it,manager,en,https://linkedin.example/in/mauricio-vega-450,2026-06-30T16:00:00Z,2024-06-28T16:00:00Z
con_000461_3,acc_000461,Tomás,Rojas,tomas.rojas@zuma.co.example,valid,General Manager,executive,c_level,en,https://linkedin.example/in/tomas-rojas-363,2026-09-14T16:00:00Z,2025-02-15T16:00:00Z
con_000461_4,acc_000461,Patricia,Acosta,patricia.acosta@zuma,invalid_syntax,Accounts Payable Analyst,finance,ic,en,https://linkedin.example/in/patricia-acosta-765,,2024-10-04T16:00:00Z
con_000462_1,acc_000462,Héctor,Martínez,hector.martinez@mofo.co.example,valid,Treasury Manager,finance,manager,en,https://linkedin.example/in/hector-martinez-433,2026-08-22T16:00:00Z,2024-12-27T16:00:00Z
con_000462_2,acc_000462,Beatriz,Ramos,beatriz.ramos@mofo.co.example,valid,Accountant,finance,ic,en,https://linkedin.example/in/beatriz-ramos-661,2026-07-01T16:00:00Z,2024-11-01T16:00:00Z
con_000462_3,acc_000462,Rocío,Medina,rocio.medina@mofo.co.example,valid,Administrative Assistant,other,ic,en,https://linkedin.example/in/rocio-medina-382,2026-04-28T16:00:00Z,2026-07-02T16:00:00Z
con_000462_4,acc_000462,Santiago,Sánchez,santiago.sanchez@mofo.co.example,valid,Accountant,finance,ic,en,https://linkedin.example/in/santiago-sanchez-536,2026-04-08T16:00:00Z,2026-09-10T16:00:00Z
con_000462_5,acc_000462,Team,Info,info@mofo.co.example,role_based,Generic mailbox,executive,ic,en,https://linkedin.example/in/team-info-338,,2024-08-03T16:00:00Z
con_000463_1,acc_000463,José,Soto,jose.soto@ulmarclinic.ar.example,valid,HR Analyst,hr,ic,en,https://linkedin.example/in/jose-soto-727,2026-05-10T16:00:00Z,2024-04-19T16:00:00Z
con_000464_1,acc_000464,Paula,Cruz,paulacruz35@hotmail.example,free_provider,CEO,executive,c_level,en,https://linkedin.example/in/paula-cruz-571,,2024-05-01T16:00:00Z
con_000464_2,acc_000464,Santiago,Domínguez,santiago.dominguez@verni.mx.example,valid,Director of Operations,operations,director,en,https://linkedin.example/in/santiago-dominguez-945,2026-04-24T16:00:00Z,2025-03-15T16:00:00Z
con_000465_1,acc_000465,Laura,García,laura.garcia@nexluhealth.co.example,valid,CEO,executive,c_level,en,https://linkedin.example/in/laura-garcia-588,2026-07-06T16:00:00Z,2024-08-04T16:00:00Z
con_000465_2,acc_000465,Andrea,Flores,andrea.flores@nexluhealth.co.example,unverified,Treasury Manager,finance,manager,en,https://linkedin.example/in/andrea-flores-540,,2025-09-02T16:00:00Z
con_000466_1,acc_000466,Elena,Zamora,elena.zamora@giferharvest.mx.example,valid,Finance Manager,finance,manager,en,https://linkedin.example/in/elena-zamora-551,2026-04-23T16:00:00Z,2025-12-18T16:00:00Z
con_000466_2,acc_000466,Guillermo,Rivera,guillermo.rivera@giferharvest.mx.example,valid,Administration Manager,other,manager,en,https://linkedin.example/in/guillermo-rivera-741,2026-05-06T16:00:00Z,2025-05-23T16:00:00Z
con_000467_1,acc_000467,Tomás,Reyes,tomas.reyes@doten.mx.example,valid,Director of Finance,finance,director,en,https://linkedin.example/in/tomas-reyes-617,2026-05-10T16:00:00Z,2026-08-19T16:00:00Z
con_000468_1,acc_000468,Sergio,Silva,sergio.silva@dortra.mx.example,valid,Accounts Payable Manager,finance,manager,en,https://linkedin.example/in/sergio-silva-886,2026-05-20T16:00:00Z,2024-08-24T16:00:00Z
con_000468_2,acc_000468,Sebastián,Bravo,sebastian.bravo@dortra.mx.example,valid,Procurement Manager,procurement,manager,en,https://linkedin.example/in/sebastian-bravo-408,2026-07-20T16:00:00Z,2025-12-10T16:00:00Z
con_000468_3,acc_000468,Esteban,Morales,esteban.morales@dortra.mx.example,valid,Founder,executive,c_level,en,https://linkedin.example/in/esteban-morales-790,2026-09-05T16:00:00Z,2025-10-30T16:00:00Z
con_000468_4,acc_000468,Diana,Escobar,diana.escobar@dortra.mx.example,valid,CFO,finance,c_level,en,https://linkedin.example/in/diana-escobar-664,2026-06-27T16:00:00Z,2026-09-18T16:00:00Z
con_000469_1,acc_000469,Mariana,Flores,mariana.flores@nezu.mx.example,valid,Chief Procurement Officer,procurement,c_level,en,https://linkedin.example/in/mariana-flores-731,2026-07-13T16:00:00Z,2024-09-27T16:00:00Z
con_000469_2,acc_000469,Mónica,Rivera,monica.rivera@nezu.mx.example,valid,Chief Procurement Officer,procurement,c_level,en,https://linkedin.example/in/monica-rivera-639,2026-05-29T16:00:00Z,2024-07-05T16:00:00Z
con_000469_3,acc_000469,Óscar,Navarro,oscar.navarro@nezu.mx.example,valid,VP of Operations,operations,vp,en,https://linkedin.example/in/oscar-navarro-752,2026-09-26T16:00:00Z,2026-05-28T16:00:00Z
con_000470_1,acc_000470,Camila,Pérez,camila.perez@tonexbeverages.co.example,valid,Operations Manager,operations,manager,en,https://linkedin.example/in/camila-perez-103,2026-08-04T16:00:00Z,2025-01-08T16:00:00Z
con_000470_2,acc_000470,Team,Info,info@tonexbeverages.co.example,role_based,Generic mailbox,it,ic,en,https://linkedin.example/in/team-info-806,,2024-11-19T16:00:00Z
con_000471_1,acc_000471,Gabriela,Díaz,gabriela.diaz@panver.co.example,valid,Director of Treasury,finance,director,en,https://linkedin.example/in/gabriela-diaz-984,2026-07-17T16:00:00Z,2024-06-25T16:00:00Z
con_000472_1,acc_000472,Mariana,Pineda,mariana.pineda@luta.co.example,valid,VP of Technology,it,vp,en,https://linkedin.example/in/mariana-pineda-820,2026-07-17T16:00:00Z,2026-04-30T16:00:00Z
con_000472_2,acc_000472,Óscar,García,oscar.garcia@luta.co.example,unverified,Director of People,hr,director,en,https://linkedin.example/in/oscar-garcia-222,,2026-09-18T16:00:00Z
con_000472_3,acc_000472,Luis,Torres,luis.torres@luta.co.example,valid,Director of Administration,other,director,en,https://linkedin.example/in/luis-torres-538,2026-07-17T16:00:00Z,2025-08-27T16:00:00Z
con_000472_4,acc_000472,Verónica,Vega,veronica.vega@luta.co.example,valid,Director of IT,it,director,en,https://linkedin.example/in/veronica-vega-239,2026-05-17T16:00:00Z,2025-07-18T16:00:00Z
con_000473_1,acc_000473,Santiago,Ramos,santiago.ramos@gicen.mx.example,valid,Procurement Manager,procurement,manager,en,https://linkedin.example/in/santiago-ramos-225,2026-07-13T16:00:00Z,2026-05-08T16:00:00Z
con_000473_2,acc_000473,Óscar,Morales,oscar.morales@gicen.mx.example,valid,Finance Manager,finance,manager,en,https://linkedin.example/in/oscar-morales-295,2026-09-08T16:00:00Z,2026-02-28T16:00:00Z
con_000474_1,acc_000474,Larissa,Lopes,larissa.lopes@fersamedical.br.example,valid,Director of People,hr,director,en,https://linkedin.example/in/larissa-lopes-991,2026-08-03T16:00:00Z,2024-10-06T16:00:00Z
con_000474_2,acc_000474,Paulo,Ribeiro,paulo.ribeiro@fersamedical.br.example,valid,CFO,finance,c_level,en,https://linkedin.example/in/paulo-ribeiro-653,2026-08-20T16:00:00Z,2024-05-09T16:00:00Z
con_000474_3,acc_000474,Ana,Carvalho,ana.carvalho@fersamedical.br.example,valid,Administrative Assistant,other,ic,en,https://linkedin.example/in/ana-carvalho-699,2026-08-02T16:00:00Z,2026-08-06T16:00:00Z
con_000475_1,acc_000475,Camila,Lima,camila.lima@malo.br.example,valid,Chief Procurement Officer,procurement,c_level,en,https://linkedin.example/in/camila-lima-272,2026-07-02T16:00:00Z,2025-09-17T16:00:00Z
con_000476_1,acc_000476,Esteban,Domínguez,esteban.dominguez@moyraindustries.mx.example,valid,Accounts Payable Manager,finance,manager,en,https://linkedin.example/in/esteban-dominguez-202,2026-08-09T16:00:00Z,2026-06-28T16:00:00Z
con_000476_2,acc_000476,Luis,Aguilar,luis.aguilar@moyraindustries.mx.example,valid,IT Manager,it,manager,en,https://linkedin.example/in/luis-aguilar-271,2026-08-29T16:00:00Z,2024-11-08T16:00:00Z
con_000476_3,acc_000476,Diana,Reyes,diana.reyes@moyraindustries.mx.example,valid,Operations Coordinator,operations,ic,en,https://linkedin.example/in/diana-reyes-437,2026-08-17T16:00:00Z,2024-12-25T16:00:00Z
con_000476_4,acc_000476,Julián,Castro,julian.castro@moyraindustries.mx.example,valid,HR Analyst,hr,ic,en,https://linkedin.example/in/julian-castro-560,2026-08-07T16:00:00Z,2024-07-07T16:00:00Z
con_000477_1,acc_000477,Dulce,Quintero,dulce.quintero@pandor.pe.example,valid,Director of Finance,finance,director,en,https://linkedin.example/in/dulce-quintero-450,2026-05-13T16:00:00Z,2024-09-29T16:00:00Z
con_000477_2,acc_000477,Andrea,Cárdenas,andrea.cardenas@pandor.pe.example,valid,Director of Administration,other,director,en,https://linkedin.example/in/andrea-cardenas-464,2026-08-16T16:00:00Z,2026-04-14T16:00:00Z
con_000477_3,acc_000477,Juan,Moreno,juan.moreno@pandor.pe.example,valid,Accountant,finance,ic,en,https://linkedin.example/in/juan-moreno-911,2026-05-04T16:00:00Z,2026-09-18T16:00:00Z
con_000478_1,acc_000478,Isabela,Rodrigues,isabela.rodrigues@cutra.br.example,valid,Accounts Payable Manager,finance,manager,en,https://linkedin.example/in/isabela-rodrigues-684,2026-07-08T16:00:00Z,2026-02-14T16:00:00Z
con_000478_2,acc_000478,Gabriel,Andrade,gabriel.andrade@cutra.br.example,valid,Director of IT,it,director,en,https://linkedin.example/in/gabriel-andrade-114,2026-08-02T16:00:00Z,2024-11-25T16:00:00Z
con_000478_3,acc_000478,Ana,Vieira,ana.vieira@cutra.br.example,valid,Director of People,hr,director,en,https://linkedin.example/in/ana-vieira-406,2026-08-16T16:00:00Z,2025-06-28T16:00:00Z
con_000479_1,acc_000479,Laura,Mendoza,laura.mendoza@tozu.cl.example,valid,Operations Coordinator,operations,ic,en,https://linkedin.example/in/laura-mendoza-948,2026-07-05T16:00:00Z,2026-01-23T16:00:00Z
con_000480_1,acc_000480,Juan,Medina,juan.medina@alpirealty.co.example,valid,Treasury Manager,finance,manager,en,https://linkedin.example/in/juan-medina-719,2026-07-28T16:00:00Z,2024-07-02T16:00:00Z
con_000480_2,acc_000480,Sergio,Fernández,sergio.fernandez@alpirealty.co.example,catchall,VP of Finance,finance,vp,en,https://linkedin.example/in/sergio-fernandez-457,,2024-10-23T16:00:00Z
con_000480_3,acc_000480,María,Chávez,maria.chavez@alpirealty.co.example,valid,Director of Treasury,finance,director,en,https://linkedin.example/in/maria-chavez-982,2026-09-11T16:00:00Z,2025-08-17T16:00:00Z
con_000480_4,acc_000480,Andrés,Ramírez,andres.ramirez@alpirealty.co.example,valid,CEO,executive,c_level,en,https://linkedin.example/in/andres-ramirez-748,2026-07-14T16:00:00Z,2025-02-17T16:00:00Z
con_000481_1,acc_000481,Francisco,Valdés,francisco.valdes@soldomanufacturing.co.example,valid,Operations Coordinator,operations,ic,en,https://linkedin.example/in/francisco-valdes-461,2026-06-07T16:00:00Z,2024-08-31T16:00:00Z
con_000481_2,acc_000481,Natalia,Aguilar,natalia.aguilar@soldomanufacturing.co.example,unverified,Director of Operations,operations,director,en,https://linkedin.example/in/natalia-aguilar-856,,2025-12-07T16:00:00Z
con_000481_3,acc_000481,Manuel,Gómez,manuel.gomez@soldomanufacturing.co.example,valid,Operations Coordinator,operations,ic,en,https://linkedin.example/in/manuel-gomez-716,2026-07-14T16:00:00Z,2025-02-26T16:00:00Z
con_000482_1,acc_000482,Sebastián,Acosta,sebastian.acosta@domer.co.example,valid,Operations Manager,operations,manager,en,https://linkedin.example/in/sebastian-acosta-393,2026-07-19T16:00:00Z,2024-06-13T16:00:00Z
con_000482_2,acc_000482,María,Bravo,maria.bravo @domer.co.example,invalid_syntax,Accounts Payable Manager,finance,manager,en,https://linkedin.example/in/maria-bravo-754,,2026-09-03T16:00:00Z
con_000483_1,acc_000483,Sebastián,Silva,sebastian.silva@liszucargo.pe.example,valid,Director of People,hr,director,en,https://linkedin.example/in/sebastian-silva-832,2026-09-25T16:00:00Z,2024-05-15T16:00:00Z
con_000483_2,acc_000483,Natalia,Cruz,nataliacruz20@yahoo.example,free_provider,Administration Manager,other,manager,en,https://linkedin.example/in/natalia-cruz-215,,2026-02-06T16:00:00Z
con_000483_3,acc_000483,Ximena,Castillo,,missing,VP of People,hr,vp,en,https://linkedin.example/in/ximena-castillo-599,,2026-03-01T16:00:00Z
con_000484_1,acc_000484,Héctor,Flores,hector.flores@merci.mx.example,unverified,Operations Manager,operations,manager,en,https://linkedin.example/in/hector-flores-927,,2024-10-21T16:00:00Z
con_000484_2,acc_000484,Team,Info,info@merci.mx.example,role_based,Generic mailbox,executive,ic,en,https://linkedin.example/in/team-info-977,,2026-08-31T16:00:00Z
con_000484_3,acc_000484,Ricardo,Soto,ricardo.soto@merci.mx.example,valid,Operations Coordinator,operations,ic,en,https://linkedin.example/in/ricardo-soto-115,2026-06-05T16:00:00Z,2025-09-26T16:00:00Z
con_000485_1,acc_000485,Carolina,Cárdenas,carolinacardenas56@hotmail.example,free_provider,Operations Manager,operations,manager,en,https://linkedin.example/in/carolina-cardenas-181,,2024-09-27T16:00:00Z
con_000485_2,acc_000485,Roberto,Rivera,roberto.rivera@dormin.mx.example,valid,Treasury Manager,finance,manager,en,https://linkedin.example/in/roberto-rivera-895,2026-09-06T16:00:00Z,2024-07-10T16:00:00Z
con_000485_3,acc_000485,Luis,Salazar,luis.salazar@dormin.mx.example,unverified,Accountant,finance,ic,en,https://linkedin.example/in/luis-salazar-559,,2024-08-04T16:00:00Z
con_000485_4,acc_000485,Verónica,Soto,veronica.soto@dormin.mx.example,unverified,Accounts Payable Analyst,finance,ic,en,https://linkedin.example/in/veronica-soto-258,,2025-12-31T16:00:00Z
con_000486_1,acc_000486,Leticia,Escobar,leticia.escobar@magibeverages.mx.example,valid,Finance Manager,finance,manager,en,https://linkedin.example/in/leticia-escobar-640,2026-07-06T16:00:00Z,2025-06-02T16:00:00Z
con_000486_2,acc_000486,Diana,Flores,diana.flores@magibeverages.mx.example,valid,HR Analyst,hr,ic,en,https://linkedin.example/in/diana-flores-716,2026-07-09T16:00:00Z,2024-06-28T16:00:00Z
con_000486_3,acc_000486,Raúl,Reyes,raul.reyes@magibeverages.mx.example,valid,Founder,executive,c_level,en,https://linkedin.example/in/raul-reyes-942,2026-05-10T16:00:00Z,2025-11-08T16:00:00Z
con_000487_1,acc_000487,Mariana,Machado,mariana.machado@ordor.br.example,valid,Administration Manager,other,manager,en,https://linkedin.example/in/mariana-machado-343,2026-05-17T16:00:00Z,2026-06-14T16:00:00Z
con_000487_2,acc_000487,Fernanda,Oliveira,fernanda.oliveira@ordor.br.example,valid,CEO,executive,c_level,en,https://linkedin.example/in/fernanda-oliveira-679,2026-04-13T16:00:00Z,2025-04-03T16:00:00Z
con_000488_1,acc_000488,Tomás,Rivera,tomas.rivera@minnexclinic.pe.example,catchall,Chief Financial Officer,finance,c_level,en,https://linkedin.example/in/tomas-rivera-159,,2026-01-16T16:00:00Z
con_000488_2,acc_000488,César,Valdés,cesar.valdes@minnexclinic.pe.example,valid,Operations Manager,operations,manager,en,https://linkedin.example/in/cesar-valdes-231,2026-05-22T16:00:00Z,2024-11-13T16:00:00Z
con_000489_1,acc_000489,Ignacio,Escobar,ignacio.escobar@vayratech.mx.example,valid,Administration Manager,other,manager,en,https://linkedin.example/in/ignacio-escobar-780,2026-06-23T16:00:00Z,2024-11-30T16:00:00Z
con_000490_1,acc_000490,Andrés,Montoya,andres.montoya@batratrading.mx.example,valid,Founder,executive,c_level,en,https://linkedin.example/in/andres-montoya-165,2026-07-20T16:00:00Z,2025-11-30T16:00:00Z
con_000491_1,acc_000491,Miguel,Acosta,miguel.acosta@bapandigital.mx.example,valid,Director of Treasury,finance,director,en,https://linkedin.example/in/miguel-acosta-631,2026-04-11T16:00:00Z,2024-07-26T16:00:00Z
con_000492_1,acc_000492,Julián,Flores,julian.flores@motorgourmet.mx.example,valid,Operations Coordinator,operations,ic,en,https://linkedin.example/in/julian-flores-378,2026-09-24T16:00:00Z,2024-04-25T16:00:00Z
con_000492_2,acc_000492,Jorge,Cárdenas,jorge.cardenas@motorgourmet.mx.example,valid,Administrative Assistant,other,ic,en,https://linkedin.example/in/jorge-cardenas-522,2026-04-14T16:00:00Z,2024-08-17T16:00:00Z
con_000492_3,acc_000492,Sebastián,Montoya,sebastian.montoya@motorgourmet.mx.example,valid,Treasury Manager,finance,manager,en,https://linkedin.example/in/sebastian-montoya-836,2026-06-02T16:00:00Z,2025-04-12T16:00:00Z
con_000493_1,acc_000493,Andrea,Ibarra,andrea.ibarra@giri.mx.example,valid,Controller,finance,director,en,https://linkedin.example/in/andrea-ibarra-218,2026-05-30T16:00:00Z,2025-11-06T16:00:00Z
con_000493_2,acc_000493,Gabriela,Ortiz,gabriela.ortiz@giri.mx.example,valid,Treasury Manager,finance,manager,en,https://linkedin.example/in/gabriela-ortiz-160,2026-05-06T16:00:00Z,2025-03-17T16:00:00Z
con_000494_1,acc_000494,Pablo,Maldonado,pablo.maldonado@emquitrading.mx.example,valid,General Manager,executive,c_level,en,https://linkedin.example/in/pablo-maldonado-605,2026-06-18T16:00:00Z,2024-08-03T16:00:00Z
con_000494_2,acc_000494,Team,Info,info@emquitrading.mx.example,role_based,Generic mailbox,other,ic,en,https://linkedin.example/in/team-info-829,,2024-11-11T16:00:00Z
con_000495_1,acc_000495,Diego,Bravo,diego.bravo@arver.mx.example,valid,Financial Analyst,finance,ic,en,https://linkedin.example/in/diego-bravo-751,2026-04-19T16:00:00Z,2026-06-03T16:00:00Z
con_000496_1,acc_000496,Gabriel,Díaz,gabriel.diaz@orsabeverages.mx.example,catchall,VP of Operations,operations,vp,en,https://linkedin.example/in/gabriel-diaz-948,,2025-12-20T16:00:00Z
con_000496_2,acc_000496,Rafael,Valdés,rafael.valdes@orsabeverages.mx.example,valid,Chief Administrative Officer,other,c_level,en,https://linkedin.example/in/rafael-valdes-672,2026-07-18T16:00:00Z,2024-08-29T16:00:00Z
con_000497_1,acc_000497,Ximena,Morales,ximena.morales@solnexdigital.co.example,valid,Buyer,procurement,ic,en,https://linkedin.example/in/ximena-morales-869,2026-07-27T16:00:00Z,2026-07-17T16:00:00Z
con_000498_1,acc_000498,Ximena,Valdés,ximena.valdes@perci.cl.example,valid,COO,operations,c_level,en,https://linkedin.example/in/ximena-valdes-322,2026-09-12T16:00:00Z,2025-12-29T16:00:00Z
con_000498_2,acc_000498,Guillermo,Martínez,guillermo.martinez@perci.cl.example,valid,CEO,executive,c_level,en,https://linkedin.example/in/guillermo-martinez-383,2026-09-11T16:00:00Z,2026-07-21T16:00:00Z
con_000498_3,acc_000498,Alejandro,Ponce,alejandro.ponce@perci.cl.example,valid,IT Manager,it,manager,en,https://linkedin.example/in/alejandro-ponce-782,2026-06-09T16:00:00Z,2026-07-15T16:00:00Z
con_000499_1,acc_000499,Juan,Zamora,juan.zamora@pergisystems.co.example,valid,Accounts Payable Analyst,finance,ic,en,https://linkedin.example/in/juan-zamora-989,2026-07-15T16:00:00Z,2025-04-10T16:00:00Z
con_000499_2,acc_000499,Camila,Salazar,camila.salazar@pergisystems.co.example,unverified,HR Manager,hr,manager,en,https://linkedin.example/in/camila-salazar-311,,2024-11-19T16:00:00Z
con_000499_3,acc_000499,Javier,Rojas,javier.rojas@pergisystems.co.example,valid,Accountant,finance,ic,en,https://linkedin.example/in/javier-rojas-442,2026-06-28T16:00:00Z,2026-01-11T16:00:00Z
con_000499_4,acc_000499,Karla,Moreno,karla.moreno@pergisystems.co.example,unverified,Accountant,finance,ic,en,https://linkedin.example/in/karla-moreno-922,,2024-06-26T16:00:00Z
con_000499_5,acc_000499,Natalia,Jiménez,natalia.jimenez@pergisystems.co.example,valid,Operations Manager,operations,manager,en,https://linkedin.example/in/natalia-jimenez-402,2026-06-25T16:00:00Z,2024-04-29T16:00:00Z
con_000500_1,acc_000500,Santiago,Morales,santiago.morales@cudor.co.example,valid,Operations Coordinator,operations,ic,en,https://linkedin.example/in/santiago-morales-234,2026-04-30T16:00:00Z,2026-06-02T16:00:00Z
